nep4_zbl 2 Cu Zn
zbl 1.25 2.5
cutoff 6 4 84 25
n_max 8 8
basis_size 12 12
l_max 4 2 1
ANN 80 0
  -1.9051194191e-02
  3.7171844393e-02
  -2.0315434784e-02
  -1.1347889155e-01
  1.6581153497e-02
  -6.3731752336e-02
  -9.5315318322e-04
  1.0497321188e-01
  7.0536825806e-03
  -1.0529887863e-02
  -1.4992921613e-02
  -3.4691952169e-02
  3.0104063917e-03
  4.1715994477e-02
  -1.5450036526e-01
  -9.6292411909e-03
  -1.5128624626e-02
  -1.1879170313e-02
  -2.9687574133e-03
  -2.4944124743e-02
  6.3150212169e-02
  -1.2667522766e-02
  -8.1862352788e-02
  4.6312739141e-04
  -4.0560603142e-02
  1.1116467416e-02
  6.4286872745e-02
  -2.2496808320e-02
  -2.6803068817e-02
  -4.1936226189e-02
  -5.9082083404e-02
  4.0766429156e-02
  6.7754268646e-02
  -2.2331006825e-02
  2.8342727572e-02
  3.0806437135e-02
  1.0037960112e-01
  -3.9545990527e-02
  1.6374772415e-02
  1.0248141736e-01
  6.7243710160e-02
  -7.0396877825e-02
  4.3985534459e-02
  5.5070538074e-03
  3.7011761218e-02
  -1.1800217442e-02
  1.0285044461e-01
  -5.8803159744e-02
  -1.0685221106e-01
  5.9689458460e-02
  1.9978983328e-03
  1.0031782091e-01
  1.0370730609e-01
  -8.3015240729e-02
  1.4295582473e-01
  2.1778814495e-02
  6.3637427986e-02
  -2.2288775072e-02
  -1.9835256971e-03
  -1.0256066918e-01
  -5.9756763279e-02
  -1.3413499109e-02
  -7.4097782373e-02
  -9.7771629691e-02
  -5.4405243136e-03
  -4.7181700356e-03
  2.2057635710e-02
  1.0551255941e-01
  -9.4067774713e-02
  -3.0278800055e-02
  -3.4391589463e-02
  -1.1969565414e-02
  1.8700452521e-02
  1.1156601459e-01
  2.5898525119e-01
  8.8120490313e-02
  1.4272292145e-02
  1.1426518857e-01
  -4.8877429217e-02
  4.7532610595e-02
  1.1433659494e-01
  -1.1551318318e-01
  3.0137754977e-02
  -4.3487709016e-02
  -1.1850842088e-01
  3.2958972733e-03
  9.3618258834e-02
  -8.1540182233e-02
  -2.5184088945e-01
  -2.2122149169e-01
  5.4451111704e-02
  -1.0279414803e-01
  1.3060512021e-02
  5.6394360960e-02
  -3.9654686116e-03
  -4.8847388476e-02
  5.5060982704e-02
  -2.2157347202e-01
  -1.3978566229e-01
  1.4488740265e-01
  -6.3456289470e-02
  -4.7500312328e-02
  -5.1050812006e-02
  -7.9291157424e-02
  -1.0464357585e-01
  8.7840773165e-02
  -1.1119773239e-01
  1.0959329084e-02
  -1.6042828560e-01
  -8.0414991826e-03
  -5.7952426374e-02
  9.0748421848e-02
  1.1832719296e-01
  -4.2803902179e-02
  -3.6230001599e-02
  -4.4582095742e-01
  2.2246123850e-01
  -1.8745572865e-01
  -7.6403811574e-02
  -4.6255085617e-02
  -3.5052534193e-02
  -2.1802371740e-01
  -3.8341645151e-02
  -3.2092847396e-03
  -5.2377367020e-01
  -8.9467331767e-02
  1.7204182222e-02
  -1.3315780088e-02
  -5.9387091547e-02
  7.2671093047e-02
  1.5994478017e-02
  1.0568778962e-01
  -6.9991752505e-02
  6.2204089016e-02
  2.4866254535e-03
  -1.8669372424e-02
  1.2931926548e-01
  4.4428411126e-01
  6.8326778710e-02
  1.0550071485e-02
  -8.8327407837e-02
  -2.0827408880e-02
  -1.6084839404e-01
  9.8241478205e-02
  -1.0888578743e-01
  -9.6431411803e-03
  -1.8340794742e-01
  1.4476963878e-01
  1.3317307457e-02
  -1.8284184858e-02
  8.6821869016e-02
  -2.2413280606e-01
  -4.2661321163e-01
  -1.0534659959e-02
  -1.0859752446e-01
  8.1308558583e-03
  -6.6334575415e-02
  6.5470919013e-02
  -2.1582765505e-02
  1.6508255154e-02
  -3.9955608547e-02
  -1.3287736475e-01
  8.2667492330e-02
  -1.2472476065e-01
  4.2297095060e-02
  -9.6754558384e-02
  2.4257820100e-02
  -2.1784260869e-02
  -8.2008503377e-02
  -6.1686210334e-02
  4.9001976848e-02
  -1.0561968386e-01
  -8.3847835660e-02
  -1.4361013472e-01
  -4.9325268716e-02
  7.1053907275e-02
  -2.2842314839e-01
  -1.2174146622e-01
  -1.2638744712e-01
  2.6755765080e-01
  1.1716917902e-01
  -9.9951580167e-02
  -6.0266938061e-02
  -1.6139739752e-01
  7.0719355717e-03
  -1.2405447662e-01
  -2.7228665352e-01
  -3.5583046079e-01
  -6.4952351153e-02
  -2.7712225914e-01
  8.2028277218e-02
  4.6701699495e-01
  -6.6405135393e-01
  2.0930640399e-01
  1.8535180017e-02
  -5.8850318193e-01
  -3.2980674505e-01
  3.0955445766e-01
  -2.5169286132e-01
  2.8310230374e-01
  -4.8665988445e-01
  -1.0774582624e-01
  4.4540833682e-02
  9.0290659666e-01
  1.5938770026e-02
  9.7912229598e-02
  5.4432183504e-01
  -4.0532651544e-01
  -4.9523004889e-01
  -3.0846765637e-01
  -4.6555057168e-01
  -8.6641162634e-03
  8.9740204811e-01
  2.4920463562e-01
  -3.8014456630e-01
  1.3263287544e+00
  1.0426791757e-01
  -3.6002165079e-01
  -6.8279623985e-01
  -4.9774397165e-02
  -1.4240124822e-01
  -2.9379716516e-01
  1.9392192364e-01
  1.4261426032e-01
  -2.7629259229e-01
  8.1152391434e-01
  -2.1464982629e-01
  -1.5789288282e-01
  2.3730053008e-01
  1.6367299855e-01
  -3.3621266484e-01
  -7.2829216719e-01
  2.3266851902e-01
  -4.2399272323e-01
  3.0832338333e-01
  2.9032483697e-01
  1.5025924146e-01
  6.2743210793e-01
  -1.6766216606e-02
  1.0266763717e-01
  -1.3292036057e+00
  6.1101771891e-02
  -2.2098834813e-01
  -5.3507494926e-01
  2.2290332709e-03
  7.4035209417e-01
  1.5804831684e-01
  -5.0152999163e-01
  4.3505626917e-01
  2.2682441771e-01
  5.0760734081e-01
  -7.5400203466e-01
  1.3736997545e-01
  -1.0419611819e-02
  8.7663620710e-02
  4.8233106732e-02
  9.7054228187e-02
  1.0058175772e-01
  -6.2877811491e-02
  -1.6233934462e-01
  5.2400804125e-03
  2.0168660209e-02
  1.0540334880e-01
  1.3855224848e-01
  8.9787775651e-03
  -8.6551450193e-02
  -9.1900467873e-02
  2.8042884544e-02
  4.3932236731e-03
  1.3602156937e-01
  -8.7432242930e-02
  4.0275543928e-02
  -1.7832346261e-01
  -5.8130767196e-02
  7.3162265122e-02
  -6.3641527668e-03
  2.7406275272e-02
  -1.0166469961e-01
  -1.9441492856e-01
  2.6745179668e-02
  -1.3686555438e-02
  1.4389598370e-01
  -1.8376568332e-02
  2.5757646188e-02
  -3.4946821630e-02
  -4.1914409958e-03
  -8.1735469401e-02
  -9.4013281167e-02
  -5.5395293981e-02
  -1.1809346825e-01
  -3.5742711276e-02
  -4.7178462148e-02
  -5.5685982108e-02
  7.8435055912e-02
  8.4653561935e-03
  -6.2595747411e-02
  -5.6359611452e-02
  5.5919159204e-02
  -5.3590133786e-02
  -3.7079423666e-02
  1.2496662885e-01
  6.1515849084e-02
  -5.8778312057e-02
  4.7518178821e-02
  -2.7374631166e-01
  1.5149939060e-01
  -5.2654016763e-02
  -4.2152643204e-02
  -5.3560107946e-02
  7.6042480767e-02
  -2.9220727086e-01
  1.6089415550e-01
  -3.8892295212e-02
  -3.5126125813e-01
  -4.0016666055e-02
  -7.2469644248e-02
  2.1418786049e-01
  -2.8166708350e-01
  -1.7726145685e-01
  2.7215239406e-01
  2.8170493245e-01
  -2.5193792582e-01
  3.1312572956e-01
  -1.8640148640e-01
  -2.6510894299e-01
  -8.9532321692e-01
  9.5721989870e-02
  -9.7911544144e-02
  2.6017484069e-01
  -3.9303384721e-02
  -6.4699277282e-03
  -3.4434206784e-02
  -7.4880802631e-01
  6.5439128876e-01
  -3.5432466865e-01
  -2.0106968284e-01
  -5.5397007614e-02
  4.8509377241e-01
  -5.5194869637e-02
  3.3607611060e-01
  -2.9434770346e-01
  -4.7250035405e-01
  -6.3560783863e-01
  -1.5269946307e-02
  -1.6654066741e-01
  -5.8196093887e-03
  1.8849222362e-01
  1.7950333655e-01
  4.5913511515e-01
  1.2648581527e-02
  -1.2427538633e-01
  2.6562851667e-01
  -2.3349002004e-02
  -2.3496624827e-01
  -3.0783030391e-01
  3.9636960626e-01
  1.2127768248e-01
  6.3884913921e-01
  -3.6308813095e-01
  6.2054675817e-01
  4.0375638753e-02
  7.0024967194e-01
  2.7366915345e-01
  -9.7118489444e-02
  4.6811893582e-01
  -2.6040992141e-01
  7.1757549047e-01
  -1.4155863225e-01
  2.1058559418e-01
  -2.3062931001e-01
  -3.5472002625e-01
  3.4590668976e-02
  -8.7234079838e-02
  -2.8643357754e-01
  3.5566840321e-02
  -4.5085063577e-01
  2.2971789539e-01
  7.4341087602e-03
  -1.5599852800e-01
  2.3995646834e-01
  -2.3084821180e-02
  1.4805848897e-01
  3.9570289850e-01
  4.9281409383e-01
  -2.0051637292e-01
  3.9852008224e-01
  -4.2315560579e-01
  -9.8892517388e-02
  -7.9344779253e-01
  -3.6105418205e-01
  3.9701151848e-01
  -3.6164715886e-01
  -5.4775118828e-02
  -5.4669970274e-01
  -8.5620403290e-01
  -3.4874978662e-01
  6.6320663691e-01
  -6.2136101723e-01
  -5.4331012070e-02
  4.3631321192e-01
  -2.3652562499e-01
  -7.9772561789e-02
  -3.0830075964e-02
  -4.7040379047e-01
  4.1379351169e-02
  1.5403547324e-02
  2.6192861795e-01
  -5.3292477131e-01
  2.1863730252e-01
  -3.3042690158e-01
  -4.5648455620e-01
  -1.0476108640e-02
  -3.4133571386e-01
  4.1044101119e-01
  9.7754307091e-02
  -1.4806134999e-01
  -1.4399741590e-01
  3.7709307671e-01
  -2.7988389134e-01
  -1.4345803857e-01
  -2.2733630240e-01
  -2.2973841429e-01
  -3.3292910457e-01
  6.7998248339e-01
  4.9613803625e-01
  9.0232229233e-01
  -3.2209360600e-01
  -3.3137075603e-02
  -2.2575727105e-01
  -1.5846872330e-01
  -3.2655641437e-01
  -5.5821883678e-01
  -2.9407906532e-01
  2.0034986734e-01
  5.2100187540e-01
  -8.7212547660e-02
  7.1069163084e-01
  -2.9785161838e-02
  2.4672597647e-01
  -1.8745529652e-01
  6.3132321835e-01
  3.0703226104e-02
  2.8728302568e-02
  -8.7639037520e-03
  1.7643532157e-01
  -6.7316293716e-03
  1.3737633824e-01
  1.0234256089e-01
  -2.2050215304e-01
  -3.7245869637e-02
  5.0924275070e-02
  7.7070087194e-02
  3.5290423781e-02
  6.7570514977e-02
  -4.3891254812e-02
  -1.8881862983e-02
  -2.1118877456e-02
  1.3008179143e-02
  -6.8433776498e-02
  -7.2369985282e-03
  5.6045472622e-02
  -1.6862763092e-02
  2.2829988971e-02
  4.0787950158e-02
  1.0148668289e-01
  -3.0936270487e-03
  -6.0328502208e-02
  -1.3914841413e-01
  -8.2740068436e-02
  2.4806547910e-02
  1.7067740858e-01
  -6.8834334612e-02
  -1.0967536829e-02
  -8.7027410045e-03
  6.9765247405e-02
  -7.4843615294e-02
  -4.6477667987e-02
  -5.5548045784e-02
  -7.2129800916e-02
  -7.4668645859e-02
  -3.2696213573e-02
  -3.5419553518e-02
  -9.5997437835e-02
  -9.5360927284e-02
  -1.4703959227e-01
  6.7156955600e-02
  1.1028629728e-02
  -1.9380921125e-01
  -1.0257860273e-01
  9.9163062871e-02
  -2.0240359008e-02
  8.1011690199e-02
  -4.2773600668e-02
  1.1364305764e-01
  2.3460102081e-01
  -8.1850349903e-02
  -5.6956678629e-02
  -5.6793376803e-02
  -1.1884063482e-02
  -7.9970709980e-02
  -1.2047170848e-01
  6.7361570895e-02
  -1.3779103756e-01
  1.1393456906e-01
  7.6621383429e-02
  7.3790282011e-02
  2.9181502759e-02
  -1.0235320032e-01
  1.4422272146e-01
  -1.4120146632e-01
  -1.6547394916e-02
  1.1126198620e-01
  5.7674862444e-02
  6.5270299092e-03
  -5.1859136671e-02
  6.4661968499e-03
  1.0972053558e-01
  -1.3173939288e-01
  -1.2032403797e-01
  -8.2576267421e-02
  2.6630192995e-01
  -2.0229414105e-01
  1.3173660636e-01
  -2.0061177015e-01
  1.0776980966e-01
  -1.2680132687e-01
  3.2218474895e-02
  1.0725548863e-01
  1.5287716687e-01
  9.7979918122e-02
  3.4404695034e-01
  -7.1655318141e-02
  1.4960174263e-01
  6.0089789331e-03
  8.6806178093e-02
  4.1210111231e-02
  1.9142876565e-01
  1.1862263083e-01
  9.8078399897e-02
  -1.3533031940e-01
  5.1449116319e-02
  6.6789418459e-02
  -2.3782971501e-01
  1.6522952914e-01
  -7.0241168141e-02
  2.1603706479e-01
  -1.3877606951e-02
  -2.7776923031e-02
  1.3219551742e-01
  2.0163424313e-01
  2.5536224246e-01
  5.4431740195e-02
  -5.8298606426e-02
  2.4375002086e-01
  -2.2591735423e-01
  -4.8279475421e-02
  1.1434221268e-01
  -1.2044920027e-01
  1.0781230778e-01
  1.0386730731e-01
  1.1555337161e-01
  8.2426063716e-02
  -7.1494773030e-02
  1.2951229513e-01
  8.2217663527e-02
  1.1604615301e-01
  7.6642714441e-02
  -7.8696675599e-02
  -1.6088033095e-02
  -2.6528066024e-02
  -1.6322372854e-01
  6.2072458677e-03
  2.1317375824e-02
  1.0946889967e-01
  3.7715567742e-03
  -1.9467682578e-03
  1.2344130874e-01
  2.6978502050e-02
  3.1067634001e-02
  -2.5188151002e-01
  1.2918095291e-01
  -7.0178639144e-03
  8.4441043437e-02
  -3.2312953472e-01
  2.6850011200e-02
  -2.0761758089e-01
  -1.6213181615e-01
  -2.0404899120e-01
  -4.2153667659e-02
  1.5191709995e-01
  -1.1928453110e-02
  1.3509294391e-01
  -5.1105942577e-02
  -2.1005132794e-01
  9.5096655190e-02
  -2.8268912435e-01
  -7.5577512383e-02
  -2.2989677265e-02
  -1.3569313288e-01
  -1.5502403677e-01
  -2.1623158455e-01
  1.6278985888e-02
  3.9386972785e-02
  9.5357991755e-02
  -8.3363302052e-02
  -7.6381295919e-02
  -1.6873753071e-01
  1.9465509057e-01
  -1.0348199308e-01
  2.2528316826e-02
  -1.3855952024e-01
  7.8728012741e-02
  -4.0180847049e-01
  -4.9789022654e-02
  2.1113508847e-03
  1.6832034290e-01
  -2.1718780696e-01
  -6.7423932254e-02
  -1.0846306384e-01
  -7.4359543622e-02
  1.7208302021e-01
  -1.6835976392e-02
  1.3264721632e-01
  8.6174890399e-02
  -9.0200990438e-02
  2.0134118199e-01
  -2.5431434624e-03
  3.4441567957e-02
  3.6961963773e-01
  -1.2072228640e-01
  -3.0795147642e-02
  5.6792885065e-02
  -3.9553832263e-02
  1.1483830214e-01
  9.2439949512e-02
  1.3448944688e-01
  4.2551659048e-02
  3.2584611326e-02
  -1.4297524467e-03
  -2.6560591534e-02
  1.8228091300e-01
  2.2811244428e-01
  -4.6623483300e-02
  -4.6757321805e-02
  -2.2145813331e-02
  2.3697030265e-03
  -7.0837020874e-02
  3.8672346622e-02
  -9.9577330053e-02
  -5.4068248719e-02
  -2.0140814781e-01
  1.0079208016e-01
  4.0067758411e-02
  -7.6116792858e-02
  2.2002113983e-02
  -2.8999904171e-02
  -4.0326276422e-01
  5.8581508696e-02
  -6.7727036774e-02
  1.2970496714e-01
  -4.5833528042e-02
  7.6952941716e-02
  -8.0061651766e-02
  4.1662037373e-02
  -2.7503442764e-01
  -1.2225346267e-01
  1.2685111165e-01
  -2.2563317418e-01
  1.2726520188e-02
  2.9374770820e-02
  -3.0155282468e-02
  -1.2285476923e-01
  3.9484199136e-02
  1.5596801043e-01
  1.0490120202e-01
  1.2677960098e-02
  -2.5107936934e-02
  -6.3621019945e-03
  -1.7354467511e-01
  1.9828853011e-01
  -7.5706496835e-02
  1.1640173942e-01
  -2.5179144740e-01
  2.9823634028e-01
  -2.1943502361e-05
  -1.3762092590e-01
  -1.8716116250e-01
  -1.2252451852e-02
  -2.6742687821e-01
  -3.1399866939e-01
  -9.2151343822e-02
  -3.5703137517e-01
  1.8213774310e-03
  1.2324607000e-02
  -2.4777412415e-02
  -1.6372145712e-01
  -1.1882928759e-01
  -1.6472774744e-01
  -1.4122928679e-01
  3.2684210688e-02
  -3.6630585790e-02
  3.0680708587e-02
  -9.6177104861e-03
  -1.1454804242e-01
  -2.4134214222e-01
  -4.4618833810e-02
  4.5609802008e-02
  2.2413162887e-01
  -2.6185497642e-02
  -6.1403434724e-02
  -2.7625890449e-02
  4.3213944882e-02
  2.0278882235e-02
  2.6708823442e-01
  9.0140327811e-02
  6.1704851687e-02
  -1.1596548557e-01
  1.6590597108e-02
  9.6188366413e-02
  1.7267987132e-01
  8.8200896978e-02
  -5.5925566703e-02
  -1.6336549819e-01
  8.9932112023e-03
  -4.1640322655e-02
  -6.1382763088e-03
  1.6262199730e-02
  2.5299191475e-03
  1.7461884022e-01
  1.3070134819e-01
  1.5843576193e-01
  -5.6312568486e-02
  -4.7593709081e-02
  -7.1727111936e-02
  9.3525581062e-02
  -2.6228247210e-02
  -2.6424285024e-02
  1.0484550148e-02
  -6.4201559871e-03
  -1.5285904519e-02
  -2.5217114016e-02
  -1.8963737786e-01
  -1.9327656925e-01
  6.1558675021e-02
  1.1381988227e-01
  2.8485736251e-01
  -1.7868399620e-01
  -1.2460987270e-01
  4.5456167310e-02
  1.3073691726e-01
  1.0261507332e-01
  1.0203400254e-01
  -1.3637566008e-02
  3.6921799183e-01
  2.8070190549e-01
  1.9888604060e-02
  2.0610278472e-02
  3.4006360918e-02
  7.4590250850e-02
  6.8706423044e-02
  7.9848989844e-02
  -5.4584667087e-03
  6.7094191909e-02
  5.3793489933e-02
  -7.6431031339e-03
  6.7482986487e-03
  -1.4091473818e-01
  -2.0632500947e-01
  -5.9618405998e-02
  1.8155435100e-02
  -3.3171746880e-02
  -2.8540641069e-02
  2.6383452117e-02
  -3.8885392249e-02
  8.0170944333e-02
  -1.0557922721e-01
  -8.0120824277e-03
  -1.0224653780e-01
  9.9159970880e-02
  -2.8877722099e-02
  -1.0849617422e-01
  2.1614500880e-01
  2.6185017824e-01
  -3.3052045852e-02
  1.0478822887e-01
  8.2721263170e-02
  -5.3700510412e-02
  -8.1646800041e-02
  5.6827262044e-02
  -4.9361754209e-03
  7.0230387151e-02
  1.1607379466e-01
  -3.8443405181e-02
  1.1413040757e-01
  1.1415299028e-02
  3.0500969291e-01
  -4.3204342946e-03
  -1.9267801195e-02
  -3.5864289850e-02
  -6.4548365772e-02
  -3.9567101747e-02
  3.5238172859e-02
  2.0753443241e-01
  8.8172405958e-02
  4.5273631811e-02
  -1.0728140175e-01
  4.7418670729e-03
  -1.7850486934e-01
  2.7095127106e-01
  -2.6366797090e-01
  5.5594015867e-02
  4.1953187436e-02
  -3.3323228126e-04
  -2.0392232109e-03
  -6.9445726695e-04
  1.8961092457e-02
  7.5816340744e-02
  4.9063152075e-01
  4.5267972164e-03
  2.4356449023e-02
  -1.3365362585e-01
  4.6060461551e-02
  -2.7514341474e-01
  -2.1788081154e-02
  1.0655547492e-02
  -3.2430890948e-02
  6.3804611564e-02
  8.9751392603e-02
  -4.3627601117e-02
  -1.7402802408e-01
  -1.3766646385e-01
  -1.9224900007e-01
  1.1958806776e-02
  -1.7335309088e-01
  -1.8991295248e-02
  8.5536204278e-02
  3.6625384819e-03
  1.1040073633e-01
  1.0385574400e-01
  2.2377606481e-02
  3.8914624602e-02
  8.6384408176e-02
  8.7584421039e-02
  1.8084384501e-01
  9.4399221241e-02
  2.8659728169e-01
  -6.7983336747e-02
  3.7347489595e-01
  1.7819093540e-02
  8.1061556935e-02
  -1.6647635028e-02
  -2.8332386166e-02
  -2.0358414948e-01
  2.0727984607e-01
  7.7887766063e-02
  -3.7699930836e-03
  2.0157834888e-01
  -1.7915578559e-02
  6.8529754877e-02
  -7.5960867107e-02
  7.1956969798e-02
  -1.1810886115e-01
  -2.6247021556e-01
  -2.1058151126e-01
  1.8128974736e-01
  1.5738812089e-01
  1.0284712911e-01
  1.7715981603e-01
  3.7231463194e-01
  6.8644002080e-02
  -7.8940548003e-02
  2.5928422809e-01
  -2.4213694036e-01
  2.1277064085e-01
  1.6046012938e-01
  3.4321302176e-01
  7.4989005923e-02
  5.3187187761e-02
  1.1953612790e-02
  4.7704569995e-02
  5.5571568012e-01
  8.4346838295e-02
  -1.8885286152e-01
  -4.7785200179e-02
  2.3358622566e-02
  -5.1511973143e-02
  -6.8032369018e-02
  1.1620288342e-01
  4.7829944640e-02
  3.9540950209e-02
  -4.5604847372e-02
  7.7183045447e-02
  4.0395785123e-02
  5.6607931852e-02
  -1.0116397589e-01
  5.6786082685e-02
  -7.4160456657e-02
  2.1802850068e-01
  1.2937472761e-01
  2.7900382876e-02
  -6.5311645158e-03
  2.4605827406e-02
  -2.7468556166e-01
  -3.6623541266e-02
  6.5527431667e-02
  -1.0283949971e-01
  -7.7192954719e-02
  -3.8161888719e-02
  -2.1143452823e-01
  1.3414531015e-02
  -2.1770201623e-01
  -2.4384278804e-02
  5.5774454027e-02
  9.5943547785e-02
  -2.5063693523e-02
  -3.4093953669e-02
  1.3509635627e-01
  -1.5455466509e-01
  -4.4949907809e-02
  -1.4341558516e-01
  -1.7608380318e-01
  -1.0537592322e-01
  7.6116852462e-02
  2.1493854001e-02
  3.4206114709e-02
  -1.1659491807e-01
  4.6729791909e-02
  -2.1670833230e-01
  4.4790346175e-02
  2.4739397690e-02
  5.6519992650e-02
  7.8815020621e-02
  -1.5971163288e-02
  -2.1077260375e-01
  -2.1208947897e-01
  2.0253452659e-01
  -1.1705511808e-01
  4.6174503863e-02
  6.3109144568e-02
  2.1502759308e-02
  -7.5156805106e-03
  -2.9196065664e-01
  -3.0059492588e-01
  -1.0099638253e-01
  -1.0118759423e-01
  2.0422626287e-02
  -3.0077494681e-02
  1.4623862691e-02
  6.6878989339e-02
  1.0262744501e-02
  1.0378184170e-01
  6.1571165919e-02
  1.3111326098e-01
  2.3369813338e-02
  3.1643588096e-02
  -1.0658103228e-01
  -5.3231876343e-02
  -3.6126796156e-02
  1.2098578364e-01
  -4.1248358786e-02
  -1.9977035001e-02
  -5.8998581022e-02
  -1.0191980004e-01
  2.4854790419e-02
  4.2906548828e-02
  1.2388904393e-01
  1.9232381135e-02
  -8.7900888175e-03
  7.2836190462e-02
  7.5119093060e-02
  4.8827480525e-02
  1.2339716405e-01
  5.7794593275e-02
  -4.2798519135e-02
  -5.0966508687e-02
  -2.1573886275e-02
  4.6383090317e-02
  -4.7259803861e-02
  -1.1157218367e-01
  8.6935274303e-02
  1.1889187992e-01
  -1.5136951208e-01
  -1.6466371715e-02
  -4.5143216848e-02
  1.0416302830e-01
  -1.3718900084e-01
  5.9806983918e-03
  -8.7356967852e-03
  -3.3890377730e-02
  8.6827464402e-02
  1.2662909925e-01
  8.7708033621e-02
  -7.0545487106e-02
  -5.5177152157e-02
  -3.1853199005e-02
  4.2006127536e-02
  -9.4986438751e-02
  4.0973049402e-01
  -1.7057731748e-01
  8.4073185921e-02
  5.2829153836e-02
  3.3293315209e-03
  -6.7881077528e-02
  1.5772973001e-01
  1.1994138360e-02
  2.2203290835e-02
  4.1001337767e-01
  -1.4094453072e-03
  -6.0977440327e-02
  3.1968864799e-01
  -1.5482045710e-01
  -4.2795214802e-02
  1.6104556620e-01
  2.1833208203e-01
  2.2909148037e-01
  -1.0761934519e+00
  1.0748246908e+00
  -1.5885078907e+00
  -1.7491830885e-01
  -9.0149867535e-01
  -1.6081009805e-01
  9.0682148933e-01
  -7.6741635799e-02
  -2.7871832252e-01
  5.9087592363e-01
  -4.3217012286e-01
  -3.5097157955e-01
  2.2569584846e-01
  -8.7202864885e-01
  -9.9391832948e-02
  -1.8951627612e-01
  6.4950144291e-01
  -2.5729894638e-01
  5.7272034883e-01
  -3.1782993674e-01
  2.9005733132e-01
  9.0252703428e-01
  -6.3163119555e-01
  9.3525171280e-02
  -4.3281987309e-01
  4.5367443562e-01
  -5.0094884634e-01
  -5.9386867285e-01
  -2.1267059445e-01
  8.3945864439e-01
  2.1278798580e-01
  -3.5393002629e-01
  -2.6262515783e-01
  -8.4347718954e-01
  5.3979083896e-02
  -5.0180810690e-01
  1.2115368247e-01
  2.3952126503e-01
  -6.9392067194e-01
  -3.6797839403e-01
  7.6219272614e-01
  6.7524743080e-01
  -9.8573642969e-01
  -2.4597097933e-01
  -1.5719196200e-01
  -1.9168800116e-01
  5.1143771410e-01
  8.6279487610e-01
  -8.0408865213e-01
  7.6881510019e-01
  -3.5711452365e-01
  1.4223547280e-01
  3.4018751979e-01
  -1.5423190594e+00
  3.6025443673e-01
  1.5240372717e-01
  2.6749596000e-02
  -2.2544138134e-02
  -5.2836928517e-02
  -1.1283483356e-01
  -9.4986408949e-03
  -7.6577268541e-02
  -7.5582131743e-02
  -1.1824825406e-01
  4.7078795731e-02
  -2.5463003665e-02
  2.8730982449e-03
  -2.1796105802e-01
  1.0379041731e-01
  -2.2756393254e-01
  -1.0949549265e-02
  -5.8605760336e-02
  3.3569943160e-02
  -1.8824818730e-01
  1.8029838800e-01
  6.7033842206e-02
  1.5920640528e-01
  -1.7388268607e-03
  6.6577069461e-02
  -9.8597079515e-02
  2.2633697093e-01
  9.0957187116e-02
  2.4463438988e-01
  -3.0210195109e-02
  3.2911264896e-01
  -3.5426110029e-02
  1.2033624947e-01
  -1.3966605067e-01
  -1.6910182312e-02
  -8.4532797337e-02
  1.5991328657e-01
  -3.3258199692e-02
  -9.5154993236e-02
  4.7539632767e-02
  1.4080400765e-01
  4.7803994268e-02
  8.5110910237e-02
  1.3974165916e-01
  -3.6571078002e-02
  8.6455106735e-02
  4.8465322703e-02
  2.2695314884e-01
  -7.0508562028e-02
  1.1834780872e-01
  -7.5358711183e-02
  -3.3364355564e-02
  2.8796774149e-01
  -5.7917650789e-02
  1.7897731066e-01
  -1.3487172127e-01
  1.1382156610e-01
  5.5895760655e-02
  1.6606728733e-01
  2.1008878946e-02
  -3.1354600191e-01
  2.5941783190e-01
  1.8424917758e-01
  2.2674512863e-01
  2.1198801696e-01
  9.1303819790e-03
  -9.2018151190e-04
  -6.5308019519e-02
  -3.3188838512e-02
  7.2286069393e-02
  7.4797630310e-02
  2.8047664091e-02
  7.8661181033e-02
  7.9612573609e-03
  -7.0653515868e-03
  1.3371033967e-01
  1.7073184252e-01
  -5.3537795320e-03
  -3.6693196744e-02
  -6.4499400556e-02
  -2.8639198281e-03
  5.1016762853e-02
  -7.4044517241e-03
  -9.5608055592e-02
  2.8492011130e-02
  -1.2865322828e-01
  1.1614236981e-02
  -3.6523323506e-02
  -6.1649713665e-02
  5.6634955108e-02
  -1.7958210409e-01
  -1.7504036427e-01
  -1.2683761306e-02
  -3.6755766720e-02
  2.1847112477e-01
  -6.7583993077e-02
  3.0995165929e-02
  -9.9908523262e-02
  8.0137308687e-03
  -1.6580346227e-01
  -5.1594194025e-02
  1.2952849269e-02
  -1.0001479089e-01
  -3.2594793011e-03
  1.0984414816e-01
  3.0438207090e-02
  -3.1463731080e-02
  -9.4992585480e-02
  5.4530110210e-02
  -6.8054020405e-02
  -1.4830055833e-01
  -9.1797918081e-02
  -1.4895288646e-01
  1.9157877192e-02
  4.8702154309e-02
  -1.4562858641e-01
  -3.1963559985e-01
  -3.3225417137e-02
  2.2991892695e-01
  1.1979616433e-01
  -3.1106811017e-02
  -7.3436200619e-02
  -5.9220001101e-02
  -4.4981367886e-02
  4.5080319978e-03
  -1.9156400859e-01
  -3.6503913999e-01
  3.3975519240e-02
  -1.4639830217e-02
  1.2330970168e-01
  -4.0105272084e-02
  2.1711300313e-01
  6.2280204147e-02
  4.5542713255e-02
  3.4646298736e-03
  1.3568875194e-01
  -1.5964478254e-01
  1.0049638897e-01
  -1.2418701500e-01
  -4.6805195510e-02
  -1.9786366820e-01
  1.7323711514e-01
  3.1274009496e-02
  3.3238139749e-01
  -2.0984005928e-01
  -1.8744091690e-01
  -1.0194171965e-01
  -2.7711063623e-01
  -2.2104097530e-02
  -6.4798228443e-02
  -1.4521533251e-01
  1.0662592947e-02
  -1.3877768815e-01
  6.5473198891e-02
  -3.1181758642e-01
  3.4736570716e-01
  -3.0087131262e-01
  -1.9449253380e-01
  -1.6205106676e-01
  -1.9633993506e-01
  8.3281444386e-03
  7.6041296124e-02
  -1.5675023198e-01
  -1.9707176089e-01
  1.3016796112e-01
  -1.4655531943e-01
  -1.3890776038e-01
  -1.8551567197e-01
  1.2724487484e-01
  9.6241235733e-02
  2.5935128331e-01
  -1.4122971892e-01
  2.6504185796e-01
  -3.5985514522e-01
  -1.2726360559e-01
  5.6613110006e-02
  -1.2143964320e-01
  -5.7568382472e-02
  1.5130364895e-01
  1.3083798811e-02
  -1.3989335299e-01
  1.3263006508e-01
  1.9002930820e-01
  -1.1138880998e-01
  1.1591503024e-01
  -5.6310843676e-02
  3.1051588058e-01
  -1.2934139371e-01
  -1.6989326477e-01
  -3.7048324943e-02
  -2.1569803357e-01
  3.4631721675e-02
  -1.0203422606e-01
  -1.4968141913e-01
  -1.9844482839e-01
  1.1769899726e-01
  -1.7847670615e-01
  -5.2927549928e-02
  -1.1641195975e-02
  7.8666932881e-02
  -2.8177293018e-02
  -2.9796965420e-02
  -1.3223220408e-01
  -1.1122833192e-01
  -6.2778264284e-02
  -6.0918200761e-02
  -6.8737119436e-02
  -6.9744992070e-03
  -2.9956551269e-02
  8.1159733236e-02
  3.8656055927e-02
  1.7653022707e-01
  5.0871655345e-02
  -6.0834787786e-02
  4.1168283671e-02
  7.1086004376e-02
  1.6539913416e-01
  1.2722365558e-01
  -3.3705022186e-02
  1.1744511127e-01
  -7.6394110918e-02
  1.0824194551e-01
  -1.1474148184e-01
  1.3704882935e-02
  -2.6504648849e-02
  4.0009804070e-02
  6.5459631383e-02
  -8.9581698179e-02
  8.2255735993e-02
  6.1154872179e-02
  5.6502453983e-02
  2.4985962082e-03
  -1.0046825744e-02
  8.2367174327e-02
  8.8906742632e-02
  1.0930895060e-01
  -2.4630878121e-02
  -1.1102789640e-01
  2.8347153217e-02
  -7.4727728963e-02
  -9.3403950334e-02
  1.5425056219e-01
  -1.2948746979e-01
  8.3874821663e-02
  -8.2803852856e-02
  7.6585911214e-02
  3.1958784908e-02
  4.9941483885e-02
  -3.4840200096e-02
  2.9819360375e-01
  -2.9383262619e-02
  1.6769105196e-01
  4.8660483956e-01
  1.0780099034e-01
  -1.7901161686e-02
  3.6984518170e-02
  1.1739343405e-02
  -9.9721826613e-02
  5.2931819111e-02
  -2.0674738288e-01
  3.7445683032e-02
  5.4968472570e-02
  8.0784417689e-02
  -3.3813036978e-02
  -1.1292050034e-01
  -3.8197174668e-01
  -8.7934531271e-02
  -8.9320823550e-02
  2.5588977151e-03
  -3.5979889333e-02
  7.7447555959e-02
  2.7948310599e-02
  2.5362414122e-01
  -9.7527489066e-02
  2.1074980497e-01
  1.6099611297e-02
  -1.1426343769e-01
  -9.0875074267e-02
  5.9741869569e-02
  7.1573421359e-02
  3.3303102851e-01
  -4.8438883387e-03
  3.9137297869e-01
  2.3171458393e-02
  2.4397917092e-02
  -6.7490339279e-02
  -1.0685117915e-02
  2.3890212178e-02
  2.8379660100e-02
  4.7727776691e-03
  9.0277768672e-02
  5.7931050658e-02
  -1.4320671558e-01
  1.7162641883e-01
  2.7644440532e-02
  1.3185934722e-01
  1.9254073501e-02
  -1.1087371409e-01
  7.2383314371e-02
  9.1541454196e-02
  1.0995358974e-01
  -3.8799937814e-02
  -1.3547354937e-01
  9.7212651744e-03
  1.2959474325e-01
  -3.5464402288e-02
  4.1557420045e-02
  -1.5799823403e-01
  5.2875995636e-02
  8.5659645498e-02
  3.4712871909e-01
  3.1561147422e-02
  1.5813133121e-01
  5.2217435837e-01
  1.9387157261e-01
  1.7867885530e-01
  9.9435582757e-02
  4.5326046646e-02
  1.6936665634e-04
  -6.4221993089e-02
  5.2181787789e-02
  8.4009796381e-02
  2.1138617396e-01
  3.5078689456e-02
  6.9799110293e-02
  1.6426397488e-02
  -1.0083313100e-02
  8.3658739924e-02
  2.5523293018e-01
  -3.5753985867e-03
  4.0986058302e-03
  -2.0574453473e-01
  -1.0206124187e-01
  -3.0863735825e-02
  1.5302075446e-01
  -4.5354612172e-02
  -1.4061607420e-01
  -1.8412378430e-01
  -1.3682707213e-02
  -8.3954706788e-02
  -7.9358905554e-02
  3.2645463943e-02
  -1.0080423206e-01
  -1.8939894438e-01
  -5.8892119676e-02
  4.9247510731e-02
  1.2805739045e-01
  -2.3372340947e-02
  9.2453293502e-02
  -4.3319154531e-02
  -2.4299208075e-02
  -1.6069497168e-01
  -1.4811614156e-01
  -8.3749406040e-03
  -1.3727108017e-02
  3.3829428256e-02
  5.0354205072e-02
  7.4476584792e-02
  -4.3895777315e-02
  -4.0082365274e-02
  5.6907586753e-02
  -1.6047999263e-01
  1.9463125616e-02
  5.4280523211e-02
  1.5278899111e-02
  6.4294412732e-02
  1.7843826115e-01
  -1.6303287446e-01
  -3.1602454185e-01
  -3.9021605253e-01
  2.6442009211e-01
  2.6077997684e-01
  -6.4605019987e-02
  -8.5758902133e-02
  -1.1608239263e-01
  -9.2854321003e-02
  -7.0560052991e-02
  -4.1440106928e-02
  -9.2526763678e-02
  -8.5478156805e-02
  -4.8718605191e-02
  -1.0526689142e-01
  9.1465666890e-02
  -2.3871388286e-02
  -1.7538048327e-01
  -1.9499339163e-01
  1.1612166651e-02
  5.5582251400e-02
  -2.0440572407e-03
  -3.4384883940e-02
  -4.5529466122e-02
  -3.2255420089e-01
  1.7891710624e-02
  1.8741451204e-02
  2.0170163363e-02
  7.7588729560e-02
  -1.2572911382e-01
  1.0337708890e-01
  6.9409929216e-02
  -1.5760615468e-02
  2.1868431568e-01
  -2.3373086005e-02
  9.3283064663e-02
  -5.1667124033e-02
  -1.3664125465e-02
  2.5698646903e-01
  2.3051701486e-01
  2.0533956587e-02
  -4.2753122747e-02
  -1.1317083240e-01
  -6.5995402634e-02
  4.0660556406e-02
  6.2583230436e-02
  5.0597783178e-02
  -2.0254412666e-02
  1.7423391342e-01
  1.2270146608e-01
  -8.6880162358e-02
  2.2112397477e-02
  4.6482335776e-02
  -4.7988504171e-02
  1.2058630586e-01
  -2.8263708577e-02
  -1.9155340269e-02
  7.6902464032e-02
  4.5484025031e-02
  8.9126050472e-02
  -5.8868117630e-03
  -2.5536149740e-01
  -1.8718136847e-01
  8.3611547947e-02
  2.0232988894e-01
  1.2017345428e-01
  -2.7015656233e-01
  -5.5856246501e-02
  -1.9619198516e-02
  1.4617241919e-01
  5.9383392334e-02
  -6.4354538918e-02
  6.8095780909e-02
  2.4762913585e-01
  3.2591792941e-01
  -7.6494529843e-02
  -1.6154836630e-03
  -3.4034803510e-02
  -2.8417354915e-03
  2.3872286081e-01
  1.0655986844e-03
  1.5776133537e-01
  8.3215817809e-02
  -1.4399346709e-01
  -8.7230578065e-03
  6.7723365501e-03
  2.3788062856e-02
  2.4321105331e-02
  3.0626300722e-02
  -3.8504604250e-02
  6.0388825834e-02
  -3.9837185293e-02
  -8.3679094911e-02
  1.7586570233e-02
  -1.3111495413e-02
  3.7061538547e-02
  -1.1497410387e-01
  -1.7043095082e-02
  4.9005284905e-02
  1.8416410312e-02
  -8.6867087521e-04
  5.9000790119e-02
  -8.4439128637e-02
  5.5512795225e-03
  3.1937312335e-02
  1.6077086329e-02
  -5.9680879116e-02
  -2.8947729152e-03
  -9.6824415028e-02
  4.8043321818e-02
  9.8647490144e-02
  3.1720187981e-03
  8.6800698191e-03
  -7.3089621961e-02
  -4.1596487164e-02
  9.5193848014e-02
  -7.6179295778e-02
  4.7356911004e-02
  -1.0351426899e-01
  -6.6024996340e-02
  -5.0407946110e-02
  2.3849442601e-02
  -2.0886832848e-02
  -8.9546866715e-02
  2.5300182402e-02
  1.2818156742e-02
  -6.1761654913e-02
  -9.9462315440e-02
  6.2576889992e-02
  1.7941358685e-01
  2.1526101977e-02
  -1.0961389169e-02
  3.8864035159e-02
  -2.9303820804e-02
  9.1911315918e-02
  5.0969231874e-02
  1.1454846710e-01
  -1.0536856204e-01
  8.2517534494e-02
  -1.3494652510e-01
  1.4786931686e-02
  -2.0275209099e-02
  -3.5224795341e-02
  4.4637493789e-02
  -2.2036634386e-02
  7.0999927819e-02
  -2.6900012046e-02
  -3.3652614802e-02
  -1.2276638299e-02
  9.9129788578e-02
  2.8408172727e-01
  -4.3830636889e-02
  -2.2320620716e-02
  -5.7647984475e-02
  -9.7019569948e-03
  -9.3585841358e-02
  1.5269944072e-01
  2.0549667999e-02
  1.1070182547e-02
  -1.0254838318e-01
  2.5515571237e-02
  -8.5831515491e-02
  -6.6660759039e-03
  -8.5464723408e-02
  -2.6854899526e-01
  -2.0479902625e-01
  -3.0487090349e-02
  -2.2578122094e-02
  -3.1940363348e-02
  -2.6433244348e-02
  5.5428173393e-02
  6.1016444117e-02
  2.0477160811e-02
  -3.6812119186e-02
  -1.4212606847e-01
  -4.5967157930e-02
  -1.4235965908e-02
  7.0650160313e-02
  1.1050643399e-02
  8.0192036927e-02
  -2.8176998720e-02
  4.2310196906e-02
  -8.6967989802e-02
  -1.6427108645e-01
  -1.5113696456e-02
  -3.2737482339e-02
  -6.0910221189e-02
  8.7769730017e-03
  1.5637116134e-01
  -1.3787006028e-03
  4.4641252607e-02
  -2.5971871614e-01
  2.2340850532e-01
  -8.5194230080e-02
  -1.0706605762e-01
  -1.4385259151e-01
  7.6106525958e-02
  -1.6171954572e-01
  -4.4048931450e-02
  -3.4975547343e-02
  -1.8381001055e-01
  -5.2627768368e-02
  3.1061199843e-04
  2.0267355442e-01
  3.2136745751e-02
  1.5940928832e-02
  -2.2011609375e-01
  6.5169669688e-02
  7.7829207294e-03
  8.3680026233e-02
  -1.4222328365e-01
  6.0846801847e-02
  1.0637770593e-01
  -6.6227011383e-02
  -4.9722801894e-02
  -2.8088696301e-02
  1.0297868401e-01
  3.5782766342e-01
  -8.5769973695e-02
  5.2348193713e-03
  -3.6851814389e-01
  -2.1164384484e-01
  -1.1721341312e-01
  5.9352539480e-02
  9.7160659730e-02
  -2.0371963084e-01
  1.2830731273e-01
  1.6404803097e-01
  -3.0236124992e-01
  4.5997191221e-02
  -3.0633366108e-01
  4.9412097782e-02
  -1.0878714174e-01
  -9.6820905805e-02
  -8.7926998734e-02
  1.0726338951e-03
  -2.6414266322e-03
  -7.4712961912e-02
  -1.1500744522e-01
  -7.5706019998e-02
  -1.0430355370e-01
  -1.3618130982e-01
  3.3242255449e-01
  7.2303088382e-03
  1.7819151282e-01
  -3.1882174313e-02
  1.4877204597e-01
  -2.2684259713e-01
  1.3358655572e-01
  8.1377647817e-02
  -1.5947131813e-01
  8.7951672077e-01
  2.3820684850e-01
  -3.0539783835e-01
  -1.8843015656e-02
  -2.0647287369e-02
  -1.6696342826e-01
  -1.6484074295e-01
  -3.1606733799e-01
  -1.6311883926e-01
  -4.6358531713e-01
  -2.4267584085e-01
  -2.3959182203e-02
  -1.5915165842e-01
  -2.9647853971e-01
  -5.8597531170e-02
  -5.7926174253e-02
  4.9612559378e-03
  -1.2619974092e-02
  1.6572828172e-03
  1.0095696151e-01
  3.2722717524e-01
  -2.2098061442e-01
  7.7113918960e-02
  -1.2187558413e-01
  7.3606789112e-02
  -6.1566945165e-02
  -1.6890837252e-01
  -1.3106298447e-01
  1.8046115339e-01
  -2.1055333316e-02
  -2.1207149327e-01
  1.5834902227e-01
  4.0033528209e-01
  7.3356419802e-02
  -1.1482845992e-01
  -3.2111400366e-01
  4.8512831330e-02
  1.7630773783e-01
  2.5957894325e-01
  2.4372482300e-01
  -4.2003896832e-01
  3.4494000673e-01
  -3.1038001180e-01
  -1.2699413300e-01
  -5.3639274091e-02
  -3.6309194565e-01
  -1.6459128261e-01
  -1.1764308065e-01
  2.2782969475e-01
  8.7094314396e-02
  3.1832641363e-01
  1.2214498594e-02
  1.5593403950e-02
  -2.9277658463e-01
  -1.3925349712e-01
  3.2181743532e-02
  1.8914659321e-01
  -6.1103608459e-02
  -5.2840765566e-02
  -5.7019227743e-01
  -7.1482115984e-01
  -1.1614143103e-01
  2.5959464908e-01
  -3.1128617004e-02
  1.0697888136e+00
  -7.0247173309e-02
  5.2516281605e-02
  1.9341571629e-01
  1.0117184371e-01
  -3.4583064914e-01
  -1.4728601091e-02
  -2.2017310560e-01
  1.2196860462e-01
  -9.2504650354e-02
  -2.3520135880e-01
  7.8379206359e-02
  -1.1316542327e-01
  -6.1450336128e-02
  -4.5391440392e-02
  7.5001814403e-03
  -2.7728058398e-02
  2.3796303198e-02
  -2.2997386754e-02
  -3.5323955119e-02
  7.7015712857e-02
  4.1232019663e-02
  -2.1143456921e-02
  1.3601888716e-01
  3.7733991630e-03
  6.9002449512e-02
  -9.0795606375e-02
  6.6774658859e-02
  5.4847966880e-02
  6.7966096103e-02
  1.0171122849e-01
  -6.2812633812e-02
  -8.8998198509e-02
  -2.8488358855e-01
  -7.6444307342e-03
  -6.4322561026e-02
  -1.7932247370e-02
  -5.5187456310e-02
  -2.9359726235e-02
  -2.2604957223e-01
  7.4563838542e-02
  -1.1293377727e-01
  5.3349465132e-02
  -8.8892884552e-02
  1.7758452892e-01
  5.9742219746e-03
  1.4014254324e-02
  -1.8126867712e-01
  -9.4633020461e-02
  5.1528052427e-03
  -1.3561314344e-01
  1.6257925332e-01
  -2.3367334157e-02
  -4.2634166777e-02
  3.1374830753e-02
  9.1388806701e-02
  -1.1460971832e-01
  4.5518539846e-02
  2.1580103785e-03
  5.8839041740e-02
  -9.2409541830e-03
  -9.0081840754e-02
  -1.7382219434e-02
  3.2913971692e-02
  -8.3546534181e-02
  -2.5796335936e-01
  2.1819169819e-01
  -3.2585065812e-02
  -1.3463516533e-01
  4.5730443671e-03
  5.1215443760e-02
  -2.1167145669e-01
  -4.2049776763e-02
  1.8785787746e-02
  -5.7278031111e-01
  -2.6278980076e-02
  -6.6713830456e-03
  1.4949415624e-01
  -2.9792383313e-01
  -1.7341871560e-01
  3.5678744316e-01
  4.0345683694e-01
  -6.6829532385e-02
  4.5778071880e-01
  -8.7411230803e-01
  3.6940166354e-01
  4.8868983984e-01
  3.0738715082e-02
  8.7519817054e-02
  3.7395170331e-01
  -2.3483559489e-01
  3.8390225172e-01
  -9.3932226300e-02
  9.8373249173e-02
  6.5149831772e-01
  1.5500029922e-01
  -7.1692627668e-01
  -2.7950406075e-02
  6.2638956308e-01
  -8.7349258363e-02
  1.0583548546e+00
  5.4465722293e-02
  -5.0813513994e-01
  5.5150240660e-01
  4.2498335242e-01
  -2.8241869807e-01
  -4.9406562001e-02
  2.0641900599e-01
  -2.2112478316e-01
  5.0927460194e-01
  3.5713743418e-02
  3.6396834999e-02
  1.0126779079e+00
  -1.8368862569e-01
  -1.7742672563e-01
  -9.0835399926e-02
  2.6237869263e-01
  -3.8731101155e-01
  3.1783333421e-01
  2.2806492448e-01
  2.7285221219e-01
  1.0013608262e-02
  7.2629255056e-01
  2.3523268104e-01
  -2.1293413639e-01
  -1.1031438112e+00
  -6.2257826328e-01
  1.1140173674e+00
  6.3350117207e-01
  3.5540837049e-01
  -3.2175159454e-01
  1.3425444067e-01
  -3.3732259274e-01
  -2.2710308433e-01
  -7.5797945261e-01
  -2.6032331586e-01
  -1.8828721717e-02
  -4.9657315016e-01
  -2.6151996851e-01
  -7.6811499894e-02
  4.8586241901e-02
  4.6292692423e-02
  7.3502518237e-02
  -3.9478540421e-02
  1.2733247876e-01
  2.0290371031e-02
  -1.5883834660e-01
  -6.7212492228e-02
  -2.1582139656e-02
  1.2959347665e-01
  1.7886041105e-01
  3.8548901677e-02
  4.6340897679e-02
  -4.8030991107e-02
  -3.4371372312e-02
  -8.9944891632e-02
  1.6422699392e-01
  1.0144885629e-01
  1.3991351426e-01
  -1.1910934746e-01
  6.2404093333e-03
  -2.0119792223e-01
  5.8953627944e-02
  -4.1682951152e-02
  -1.0259380937e-01
  -3.1730562449e-01
  7.8881032765e-02
  -2.2387258708e-01
  -2.0765019581e-02
  -2.8923938051e-02
  2.2003860772e-01
  -1.5307681262e-01
  -2.0120803267e-02
  1.1922697537e-02
  -1.1604421772e-02
  1.5010128729e-02
  -4.8025950789e-02
  3.8492117077e-02
  -7.3605850339e-02
  8.1968575716e-02
  -1.4923255891e-02
  -4.0788810700e-02
  -2.5537151843e-02
  -1.2624843419e-01
  -1.0284386575e-02
  -1.6630539298e-01
  -1.0286958516e-01
  5.3047355264e-02
  8.5279956460e-02
  1.0113905370e-01
  2.1771839261e-01
  -9.3958623707e-02
  2.3367500305e-01
  1.5224593692e-02
  -1.9124846160e-01
  -1.0767690837e-01
  -1.1924759299e-01
  -4.5595169067e-02
  -2.2434936464e-01
  -6.9730192423e-02
  -2.4028947949e-01
  -5.8227345347e-02
  -1.7050431669e-01
  -1.0251630843e-01
  1.1700661480e-01
  -4.9074225128e-02
  -2.6734221727e-02
  -1.3541769981e-01
  -1.0535796173e-02
  1.1130000651e-01
  2.5022380054e-02
  -4.4726449996e-02
  -9.6576631069e-02
  9.6329167485e-02
  -1.3825762272e-01
  2.4463284761e-02
  -8.2769013941e-02
  -2.4403738976e-01
  -3.9334211498e-02
  2.9537340626e-02
  1.6169445217e-01
  9.8366662860e-02
  1.3614945114e-01
  3.7910185754e-02
  1.5118528903e-01
  1.3390055299e-01
  -8.1401064992e-02
  1.8044352531e-02
  2.9757443070e-01
  -7.5068421662e-02
  3.0282729864e-01
  -1.0791104287e-01
  1.4910858870e-01
  -1.4594674110e-01
  1.1461551487e-01
  -9.9704124033e-02
  -7.0866532624e-02
  -1.3416973874e-02
  1.7410968244e-01
  1.4292055368e-01
  -6.1629604548e-02
  4.6139627695e-02
  -1.7329772934e-02
  -3.9045680314e-02
  -2.5005817413e-01
  4.2897243053e-02
  -6.6246222705e-03
  2.3973055184e-01
  9.9388688803e-02
  1.9415935874e-01
  8.4313318133e-02
  -4.1511601210e-01
  7.2042688727e-02
  -3.7922419608e-02
  8.0629065633e-02
  -1.2798014283e-01
  9.7293004394e-02
  1.3867188990e-01
  2.2443200648e-01
  2.3942390084e-01
  3.1834807992e-01
  2.5684604049e-01
  1.3948535919e-01
  2.3405516148e-01
  1.3854922354e-01
  -4.5341499150e-02
  6.1461445875e-03
  -4.2466044426e-02
  9.5761246979e-02
  -4.4329233468e-02
  1.8732286990e-02
  -1.1890440434e-01
  8.8614486158e-02
  -6.0916449875e-02
  -2.1010594442e-02
  8.9967295527e-02
  -9.3755595386e-02
  7.5178250670e-02
  5.2459850907e-02
  -9.3204558652e-05
  4.5644406229e-02
  -8.4714762866e-02
  -6.1463639140e-03
  -1.4143374562e-01
  -1.0910741985e-01
  -9.7963601351e-02
  -6.9941811264e-02
  5.2107136697e-02
  5.5135220289e-02
  -1.3969822228e-01
  -1.6527030617e-02
  -2.0568478107e-01
  -2.6258580387e-02
  -2.1957156062e-01
  2.0193900168e-01
  -8.5688188672e-02
  -6.7529999651e-03
  1.6374748200e-02
  7.8704752028e-02
  -2.0402088761e-01
  -1.7364313826e-02
  1.8883280456e-02
  -1.5976591408e-01
  9.4368688762e-02
  4.3998263776e-02
  -1.7154179513e-01
  5.5147795938e-03
  -1.4340299368e-01
  -1.0871782899e-01
  4.8762764782e-02
  -1.4921812713e-01
  -6.1034830287e-03
  -1.0068899393e-01
  -7.1161724627e-02
  -8.4170274436e-02
  -7.9561499879e-03
  -4.4314507395e-02
  -2.7223610878e-01
  1.1667312682e-01
  8.4962002933e-02
  -1.1775624752e-01
  -2.0899415016e-01
  -1.1568373442e-01
  -6.2125500292e-02
  -1.6109289601e-02
  8.1750173122e-03
  -2.7399739623e-01
  -1.3964304328e-01
  3.5107832402e-02
  -4.8587478697e-02
  -6.3785776496e-02
  -2.4801412597e-02
  9.6225790679e-02
  9.3628600240e-02
  7.4074536562e-02
  6.2448475510e-02
  1.7863200977e-02
  -1.6402564943e-02
  3.1092453748e-02
  -9.7982846200e-02
  -2.2947892547e-02
  -3.9022363722e-02
  2.3075846955e-02
  3.4257896245e-02
  3.4624859691e-02
  -2.6381967589e-02
  -1.0056968778e-02
  -7.0153705776e-02
  1.1439838260e-01
  -3.3034022897e-02
  7.2602435946e-02
  -2.3259514943e-02
  5.3381551057e-02
  -1.0889582336e-02
  -1.5225584805e-01
  -2.6888633147e-02
  5.4830051959e-02
  6.8492896855e-02
  7.4071541429e-02
  -6.1280090362e-02
  -8.2088932395e-02
  3.0766755342e-02
  3.9798658341e-02
  -9.8010137677e-02
  -7.0715119364e-05
  9.7469482571e-03
  -5.8299679309e-02
  -6.4616367221e-02
  -1.2086839974e-01
  -1.1880613863e-01
  -1.0742957890e-01
  2.1958285943e-02
  7.2302870452e-02
  7.3600366712e-02
  -8.2361370325e-02
  -1.3024584949e-01
  5.3423456848e-02
  -2.5272330269e-02
  1.0401929170e-01
  1.2452521175e-01
  1.5086531639e-01
  1.5089012682e-01
  1.2890141457e-02
  5.1731616259e-02
  -6.9894999266e-02
  4.4033057988e-02
  -7.5075954199e-02
  1.3915091753e-01
  -2.8933901340e-02
  -5.4205474444e-03
  7.3632970452e-02
  1.4317718148e-01
  3.2833792269e-02
  1.7167801037e-02
  -5.2638452500e-02
  1.3119347859e-03
  4.1460450739e-02
  6.4460255206e-02
  1.4011935890e-01
  5.1904868335e-02
  -4.1331242770e-02
  -1.8926319480e-01
  -4.0917407721e-02
  -1.1969644576e-01
  4.9095217139e-02
  7.2566054761e-02
  4.2449822649e-03
  -6.1897031963e-02
  -5.8618053794e-02
  9.5783956349e-02
  1.8131475663e-03
  1.3617786765e-01
  6.4706103876e-03
  2.1931646392e-02
  9.1361746192e-02
  2.2727379575e-02
  3.7205150723e-01
  2.1983169019e-01
  -3.6818347871e-02
  2.4836176634e-01
  -2.1739614010e-01
  1.1567887664e-01
  -7.6428495347e-02
  3.4463983029e-02
  7.3025397956e-02
  7.7463977039e-02
  -6.4769856632e-02
  7.8397104517e-03
  1.0406276584e-01
  -7.9705908895e-02
  9.2931658030e-02
  -5.9488482773e-02
  -7.0697506890e-03
  1.3739133254e-02
  -1.6355045140e-01
  2.4175873026e-02
  7.0805703290e-03
  8.8371858001e-02
  6.2100648880e-02
  -5.2664548159e-02
  5.6660141796e-02
  1.0136232525e-01
  -3.9803203195e-02
  2.3173674941e-01
  -1.6392289102e-01
  8.0335550010e-02
  1.1475013196e-01
  1.8839396536e-02
  -1.7648987472e-02
  2.6523926854e-01
  -4.3761540204e-02
  2.4813128635e-02
  5.1544392109e-01
  7.9966969788e-02
  -5.3086733818e-01
  5.7877266407e-01
  -2.3611612618e-01
  1.0966281593e-01
  2.1990785003e-01
  6.7659974098e-01
  -4.2317804694e-01
  2.6605504751e-01
  7.8162151575e-01
  -5.1490205526e-01
  4.1350275278e-01
  1.2142373621e-01
  -3.3275017142e-01
  2.6759043336e-01
  8.5146313906e-01
  -5.3909349442e-01
  4.6011778712e-01
  1.1724326760e-01
  2.7873867750e-01
  -2.6833521202e-02
  1.8257506192e-01
  -2.2244535387e-01
  -2.2041703761e-01
  2.2332856059e-01
  -5.6374567747e-01
  3.0513927341e-01
  2.6009494066e-01
  -1.6881078482e-01
  -1.8827655911e-01
  1.5051007271e-01
  -5.9055909514e-02
  5.0856870413e-01
  -1.0192504525e-01
  -1.6651700437e-01
  1.9001811743e-01
  -1.1649256945e-01
  -4.9876596779e-02
  3.9050230384e-01
  -2.3976768553e-01
  2.3955207318e-02
  6.7829541862e-02
  3.1830266118e-01
  -8.5020792484e-01
  2.9297596216e-01
  -3.7863036990e-01
  -2.4855576456e-01
  -7.3298607022e-03
  -1.3945537806e-01
  -9.8303347826e-02
  5.8335989714e-01
  1.7068712413e-01
  -4.4058880210e-01
  2.4977223575e-01
  1.5021418035e-01
  -5.6341299787e-03
  -3.9126923680e-01
  -3.1909292936e-01
  2.5358632207e-01
  -6.0415548086e-01
  8.7584160268e-02
  4.6653270721e-01
  2.3401877284e-01
  -8.2833059132e-02
  3.7703648210e-01
  -2.9049301147e-01
  2.5725889206e-01
  3.9269465208e-01
  2.8349572420e-01
  -4.9132313579e-02
  3.5168826580e-01
  4.1536845267e-02
  -1.1673804522e+00
  -6.2935131788e-01
  4.1368255019e-01
  1.9765536487e-01
  -5.1618671417e-01
  1.6057174206e+00
  -2.7529260516e-01
  8.7039959431e-01
  2.1779771149e-01
  4.4410586357e-01
  2.0086386800e-01
  3.5615611076e-01
  8.0159640312e-01
  -5.0633519888e-01
  9.2519736290e-01
  8.4236101247e-04
  7.0063012838e-01
  -2.1974490583e-01
  -3.3660107851e-01
  3.9196965098e-01
  -6.5559500456e-01
  3.5659292340e-01
  -4.8711827397e-01
  6.9398397207e-01
  -1.1882396787e-01
  6.3945233822e-01
  6.3532274961e-01
  -1.9370052218e-01
  5.0890696049e-01
  3.0877234414e-02
  4.0211740136e-01
  -4.4161841273e-01
  7.7740919590e-01
  -3.6901453137e-01
  1.1029884964e-01
  -1.1604215950e-01
  2.8692659736e-01
  -2.4076606333e-01
  -1.1348933727e-01
  -3.2294458151e-01
  -1.1786649376e-01
  -7.3403936625e-01
  -6.7427611351e-01
  -5.8901399374e-01
  9.3088582158e-02
  2.1732227504e-01
  -1.8406087160e-01
  -9.0034008026e-02
  -3.9410170913e-01
  3.3760857582e-01
  -2.3663415909e+00
  -4.8698827624e-01
  -8.8723462820e-01
  -2.5548371673e-01
  2.8370854259e-01
  -1.2924696505e-01
  -6.5808922052e-02
  -1.6409223899e-02
  -1.7139011994e-02
  -7.0869885385e-02
  -3.0719311908e-02
  6.7827612162e-02
  1.1543285102e-01
  1.5651602298e-02
  2.5901082903e-02
  -1.2333264202e-01
  -2.3693954945e-01
  -7.1953825653e-02
  -7.9596303403e-02
  -9.3388268724e-03
  4.0594875813e-02
  2.5414528325e-02
  -7.7772192657e-02
  9.2534184456e-02
  -4.4008441269e-02
  1.7961333692e-01
  4.9057584256e-02
  -5.6829605252e-02
  1.1077443510e-01
  2.0007770509e-03
  2.4792690575e-01
  2.4707888067e-01
  -7.9355299473e-02
  8.2202620804e-02
  -1.2636134028e-01
  1.0110575706e-02
  3.0421821401e-02
  -3.1681589782e-02
  1.6132205725e-02
  3.6504022777e-02
  1.6744329035e-01
  7.2904668748e-02
  5.0645157695e-02
  5.7816974819e-02
  5.0240661949e-03
  5.5178843439e-02
  4.8769954592e-02
  -6.7269206047e-02
  -2.5461865589e-02
  2.7942715213e-02
  1.0708975792e-01
  8.7785594165e-02
  1.5889872611e-01
  -9.2362828553e-02
  4.1556026787e-02
  1.0196869820e-01
  -9.7044266760e-02
  1.2103658915e-01
  -1.9595631957e-01
  -4.3085891753e-02
  1.2048411369e-01
  -4.1978940368e-02
  8.0651886761e-02
  1.1467524618e-01
  8.4251258522e-03
  1.1463072151e-01
  4.4996672869e-01
  2.3017458618e-02
  1.1492393911e-02
  -1.1955249356e-03
  7.0627398789e-02
  6.7006640136e-02
  1.1141275615e-01
  6.4035668969e-02
  3.6665242165e-02
  1.0662739165e-02
  -2.7229704428e-03
  1.7243446782e-02
  1.7265336215e-01
  2.0477792621e-01
  6.9409303367e-02
  -3.8479611278e-02
  5.5081164464e-03
  -1.6843780875e-02
  3.0256552622e-02
  1.2113748118e-02
  -1.3891509175e-01
  -3.0826797709e-02
  -1.1533433199e-01
  -5.5569104850e-02
  2.2035129368e-02
  9.7831614316e-02
  3.0250031501e-02
  -2.0899583399e-01
  -1.7871540785e-01
  2.8041560203e-02
  -5.3458712995e-02
  3.1460259110e-02
  -3.1041111797e-02
  -4.6763289720e-02
  -8.4289893508e-02
  -1.0716666467e-02
  -5.6503366679e-02
  -9.4661258161e-02
  -3.0083509162e-02
  -1.0431401432e-01
  7.0306979120e-02
  1.7550555989e-02
  3.6510661244e-02
  -7.0861406624e-02
  4.6902969480e-02
  -8.5754869506e-03
  -1.9670592621e-02
  -7.0154480636e-02
  6.4838322578e-04
  -9.1220788658e-02
  8.3483763039e-02
  1.0820226371e-01
  7.3263853788e-02
  7.4077814817e-02
  -6.2435969710e-02
  1.9771338999e-01
  -8.0088362098e-02
  -8.8710904121e-02
  -6.6505149007e-02
  -3.1480915844e-02
  -1.2434852123e-01
  3.5264428705e-02
  -2.6988932863e-02
  -4.0823313594e-01
  9.0179704130e-03
  3.8429081440e-02
  1.5873433650e-01
  -7.0595517755e-02
  8.1781998277e-02
  1.1749820411e-01
  1.9530944526e-01
  1.0413794965e-01
  -5.6327186525e-02
  -1.2271381915e-02
  1.6133971512e-02
  1.6961610317e-01
  3.8409000635e-01
  7.8665331006e-02
  4.8413410783e-02
  -8.1269048154e-02
  -9.6828818321e-02
  -8.1087492406e-02
  -8.4200862329e-04
  -4.3752450496e-02
  -3.0244510621e-02
  -1.5444813669e-01
  9.5833227038e-02
  -7.3058493435e-02
  -2.9404185712e-02
  7.2850838304e-02
  -1.3931216300e-01
  -3.4922367334e-01
  6.1791567132e-03
  -3.1224902719e-02
  2.5577487424e-02
  -1.0243100673e-01
  5.2799776196e-02
  -1.4658834040e-01
  -4.9409430474e-02
  -6.2843009830e-02
  -6.1839707196e-02
  -8.7116815150e-02
  -5.7141683996e-02
  2.8320288286e-02
  1.3936847448e-02
  4.7127120197e-02
  -7.7604152262e-02
  -1.6387106851e-02
  5.2321046591e-02
  -1.0725016147e-01
  9.3013770878e-02
  -5.6446302682e-02
  2.4332344532e-02
  1.6359921545e-02
  2.6475411654e-01
  -1.2472674251e-01
  -3.0242112279e-01
  -3.6717143655e-01
  2.7634152770e-01
  1.2999458611e-01
  -1.5613482893e-01
  -1.1619527638e-01
  -1.7308786511e-01
  -1.2085933983e-01
  -3.0039626360e-01
  -1.8911620975e-01
  -1.3522849977e-01
  -1.5172319487e-02
  5.6761879474e-02
  6.7280620337e-02
  3.3045865595e-02
  6.5419934690e-02
  1.8301274627e-02
  6.1045501381e-02
  -3.6116283387e-02
  -1.4681506157e-01
  -1.6686836258e-02
  -2.2794140968e-03
  1.9380843639e-01
  1.0389561951e-01
  6.8622283638e-02
  -7.5047435239e-03
  -5.9521708637e-02
  3.5884276032e-02
  -4.9891885370e-02
  9.3209713697e-02
  3.0673479661e-02
  -6.1511058360e-02
  -1.4478598535e-01
  1.4572652057e-02
  -4.4533830136e-02
  -8.3905503154e-02
  -4.8545069993e-02
  -1.7260496318e-01
  -2.4869118631e-01
  5.2894745022e-02
  -7.2002358735e-02
  1.8463404477e-01
  -9.4213053584e-02
  5.6794956326e-02
  -1.2436211109e-01
  1.0147532448e-02
  -1.3906228542e-01
  -2.4267759174e-02
  -1.6386989504e-02
  -1.0664033890e-01
  -7.3585674167e-02
  -1.9306318834e-02
  -1.4338701963e-02
  -3.4967720509e-02
  9.3092940748e-02
  1.1963690817e-01
  6.8234517239e-03
  -1.3256318867e-02
  2.0839300007e-02
  -1.1819132417e-01
  4.5584617183e-03
  1.4999799430e-01
  -9.0548209846e-02
  -1.0421117768e-02
  -2.0282039046e-01
  1.9359309971e-01
  -1.2884341180e-01
  -1.4908118546e-01
  -2.8998597991e-03
  -8.8154245168e-03
  -2.8936550021e-01
  1.3478918932e-02
  8.8418781757e-02
  -3.4733036160e-01
  -5.5865030736e-02
  1.0385254771e-01
  -4.5811217278e-02
  9.5561578870e-02
  5.4356828332e-02
  1.2010882050e-01
  -1.4540124685e-02
  -8.6727567017e-02
  -6.5245293081e-03
  2.2576997057e-02
  -4.7118000686e-02
  -3.6504634190e-03
  -2.0986862481e-01
  1.9274406135e-02
  -3.5391349345e-02
  -2.3077260703e-02
  2.5378920138e-02
  4.3357029557e-02
  4.5343972743e-02
  3.0537489802e-02
  -3.1144209788e-04
  2.0629167557e-01
  -7.4428603053e-02
  1.0138639063e-01
  -8.3072729409e-02
  1.7374832183e-02
  2.6322411373e-02
  4.9045976251e-02
  1.2914223596e-02
  -3.2051868737e-02
  -5.6923586875e-02
  3.1129764393e-02
  -2.4827132002e-03
  -1.5433375724e-02
  1.7513608560e-02
  9.6285469830e-02
  4.3728753924e-02
  3.5088095814e-02
  -2.2709948942e-02
  1.1441320181e-01
  9.2389043421e-03
  -1.7735781148e-02
  8.9459426701e-02
  1.0120649822e-02
  -9.6251249313e-02
  -8.4016054869e-02
  1.3820590079e-01
  2.0614872873e-01
  -6.7188248038e-02
  -1.4614398777e-01
  -3.2968543470e-02
  2.2626886144e-02
  1.3198550045e-01
  1.5967339277e-01
  -1.1263822764e-01
  1.0050152987e-01
  1.7704587430e-02
  2.6129443198e-02
  4.0371056646e-02
  -1.7301133275e-01
  8.2111783326e-02
  1.0063479096e-01
  1.0349584371e-01
  -3.3210024238e-02
  1.4107613266e-01
  1.2480410933e-01
  -2.3339785635e-01
  1.1082841158e+00
  6.8552769721e-02
  -6.3578897715e-01
  -1.3720047474e-01
  2.7551686764e-01
  1.3386982679e-01
  2.5937214494e-01
  9.7765102983e-02
  1.4752307534e-01
  9.5512762666e-02
  -8.3027012646e-02
  -4.5653262734e-01
  2.4391713738e-01
  8.0344527960e-01
  -4.7594897449e-02
  2.6138597727e-01
  5.7316930033e-03
  -1.3838003576e-01
  1.4036060870e-01
  -1.3871330023e-01
  -1.3282066584e-01
  1.5265230834e-01
  -7.6336637139e-02
  -7.4863180518e-02
  -1.0710576177e-01
  1.0395952314e-01
  -8.0283202231e-02
  1.5352694690e-01
  -2.2091791034e-01
  1.1503046006e-01
  9.6516229212e-02
  3.5728114843e-01
  -2.6331403852e-01
  5.5487547070e-02
  -2.5381833315e-01
  3.9987605065e-02
  9.9755540490e-02
  -1.2283612788e-01
  -4.1037407517e-01
  4.0949317813e-01
  -3.6331269145e-01
  5.1065467298e-02
  2.6876446605e-01
  -5.9622341394e-01
  -5.2573579550e-01
  1.2915195525e-01
  -7.3543393612e-01
  3.8861480355e-01
  -1.0601173639e+00
  -4.3891036510e-01
  -1.0202163458e+00
  1.1606485397e-01
  -1.0089014471e-01
  -5.3627836704e-01
  4.2523775250e-02
  -1.0406111479e+00
  1.5093258023e-01
  -7.0649909973e-01
  -3.3017012477e-01
  -1.4650744200e-01
  9.4275951385e-02
  1.8667711318e-01
  -8.2460651174e-03
  6.2519773841e-02
  1.7365343869e-01
  1.8460886180e-01
  3.0725030228e-02
  -1.3456146419e-01
  -1.2816334143e-02
  2.4622776546e-03
  1.0371075571e-01
  2.7268359065e-01
  -6.9023795426e-02
  3.2619703561e-02
  -2.4308379740e-02
  -2.6042699814e-02
  -1.1925080419e-01
  1.1246552691e-02
  3.5460654646e-02
  -5.3030390292e-02
  -2.2036990523e-01
  1.4650929719e-02
  8.9162178338e-03
  -1.6976340115e-01
  8.1743802875e-03
  -3.1959708780e-02
  -3.1521034241e-01
  -1.6464529559e-02
  2.2823704407e-02
  1.5535931289e-01
  5.9495951980e-02
  -4.1490022093e-02
  -1.0801147670e-01
  -2.9235474765e-02
  1.1306580901e-01
  -1.1729411781e-01
  -1.3284553587e-01
  -1.1461696029e-01
  1.3486560434e-02
  -2.3863209412e-02
  -1.1943285167e-01
  -1.4566551149e-01
  -3.6653533578e-02
  -2.7348347008e-02
  1.4924387634e-01
  -8.7387718260e-02
  -6.0482710600e-02
  -6.7224125378e-03
  2.0281234384e-01
  2.8384077549e-01
  -7.4956357479e-02
  -1.3886941969e-01
  -1.0696672648e-01
  1.5772154927e-01
  6.5127804875e-02
  -5.1020029932e-02
  -1.7767223716e-01
  -1.5608431771e-02
  -2.9575765133e-01
  -2.2106772661e-01
  -3.5836735368e-01
  -2.7245366573e-01
  3.2996740192e-02
  1.1422683299e-01
  1.4882011712e-01
  -6.8777218461e-02
  2.1513599902e-02
  -1.1412841082e-01
  1.6528625786e-01
  3.6350082606e-02
  -6.7269682884e-02
  -1.5406424180e-02
  2.8409581864e-04
  1.9197782874e-01
  2.8781539202e-01
  8.2263723016e-02
  -2.2431293502e-02
  -1.5918931458e-03
  5.1915802062e-02
  1.3852687180e-01
  -2.6222232264e-03
  -1.3246744871e-01
  4.5976184309e-02
  -1.2194925547e-01
  -6.9035641849e-02
  -9.1605104506e-02
  1.0439197719e-01
  -1.1775189638e-01
  -2.9199528694e-01
  -1.8506684899e-01
  1.3897006866e-03
  -1.8554231524e-01
  3.2265398651e-02
  3.2780364156e-02
  1.0259985924e-01
  -9.9167481065e-02
  -1.9861236215e-02
  -1.1886999011e-01
  -1.3448125124e-01
  4.9208279699e-02
  -1.4970119298e-01
  -6.1288629659e-03
  -3.5156607628e-02
  8.1337809563e-02
  6.6043538973e-03
  -4.3658915907e-02
  -7.5039073825e-02
  -7.3498174548e-02
  -1.4758367836e-01
  -4.5444346033e-03
  -1.2726764381e-01
  2.4974446278e-03
  1.9847764075e-01
  -2.3957884312e-01
  -1.2935714424e-01
  -1.8538191915e-01
  2.6970329881e-01
  -2.3379961029e-02
  -7.4408575892e-02
  -1.6402956843e-01
  -6.2923923135e-02
  -2.7287566662e-01
  -1.5286393464e-01
  -2.5377693772e-01
  -3.4537017345e-01
  -1.0220623761e-01
  -6.4148001373e-02
  -6.1492793262e-02
  -1.0213762522e-01
  -1.5900625288e-01
  5.7738188654e-02
  -5.8478299528e-02
  2.4658560753e-02
  2.1849893034e-01
  4.2966697365e-02
  -2.6262700558e-02
  -3.6727681756e-02
  -7.9618304968e-02
  -3.1406082213e-02
  4.4590670615e-02
  3.4990433604e-02
  -5.1911510527e-02
  -5.2758425474e-02
  6.3510075212e-02
  -8.0597158521e-03
  -7.8230738640e-02
  6.3777267933e-02
  -7.0124253631e-02
  2.7115710545e-03
  2.7477447875e-03
  1.7875690013e-02
  -9.2697769403e-02
  -2.0738817751e-02
  6.6322118044e-02
  -7.7084094286e-02
  7.5520932674e-02
  4.9823317677e-02
  1.7989376560e-02
  -2.1279752254e-02
  -6.1740279198e-02
  5.9780146927e-02
  3.2242140733e-03
  5.4058089852e-02
  1.8365449505e-03
  8.5439763963e-02
  5.8481618762e-02
  -8.7613560259e-02
  -5.3817495704e-02
  -1.5427666716e-02
  4.1405215859e-02
  5.0206608139e-03
  -8.4141045809e-02
  2.1737955511e-01
  -1.0155858099e-01
  -8.8548257947e-02
  -1.8326397985e-02
  -1.8136851490e-02
  6.7649967968e-02
  8.4838330746e-02
  -6.6054299474e-02
  7.7204845846e-02
  7.4580132961e-02
  -1.1096048402e-03
  -3.9136111736e-02
  1.3852097094e-02
  -2.3606488109e-01
  6.8508490920e-02
  1.6263844445e-02
  -9.0416751802e-02
  2.5442725420e-01
  3.8886584342e-02
  -3.6965438724e-01
  4.2533853650e-01
  -5.5591393262e-02
  -1.4799974859e-01
  8.5097037256e-02
  3.8060206175e-01
  -2.3651620746e-01
  -1.5182907879e-01
  7.5917452574e-02
  4.0807515383e-01
  3.0860579014e-01
  -7.2486364841e-01
  -1.1549755186e-01
  -3.1701451540e-01
  -4.3775793165e-02
  -7.1881765127e-01
  -2.2513648868e-01
  -1.1160577834e-01
  4.8177525401e-01
  3.7137299776e-01
  -2.5709894300e-01
  9.8573053256e-03
  -1.7642299831e-01
  -2.3453563452e-01
  -2.0674137771e-01
  3.5316216946e-01
  4.2675006390e-01
  5.7939159870e-01
  -7.3807085864e-03
  -2.9613992572e-01
  -3.7572950125e-01
  2.8947630525e-01
  -1.4871764183e-01
  6.6489681602e-02
  -6.6062822938e-02
  -5.2653007209e-02
  -5.9371158481e-02
  2.2481775284e-01
  2.3698916659e-02
  -3.6947944760e-01
  4.8174151778e-01
  2.0775397122e-01
  4.8392552137e-01
  -1.1619932204e-01
  5.7357302867e-03
  -2.1805883944e-01
  -4.9747794867e-01
  8.7972050905e-01
  9.8023913801e-02
  3.3170785755e-02
  -1.3393120840e-02
  -8.8070750237e-02
  -4.3230425566e-02
  -1.1631553620e-01
  -3.6514702439e-01
  7.3961116374e-02
  -2.0332054794e-01
  7.7319726348e-02
  -2.1445922554e-02
  -6.4093977213e-01
  -1.6370719671e-01
  -8.7737999856e-02
  1.9543151557e-01
  -4.9429208040e-02
  3.5182553530e-01
  9.5717377961e-02
  2.3085619509e-01
  1.0537304915e-03
  3.4332627058e-01
  -1.3381044567e-01
  1.5245187283e-01
  -1.1811832339e-01
  4.9403566867e-02
  4.3685659766e-03
  -2.5717312098e-01
  -5.3242854774e-03
  8.8899426162e-02
  -1.7126740515e-01
  -1.0605820268e-01
  -2.1160639822e-01
  -2.7874326706e-01
  -2.3764957488e-01
  9.5327280462e-02
  -4.1002044454e-03
  -9.4906210899e-02
  -8.5670664907e-02
  -1.3339298964e-01
  -4.1057434678e-01
  -4.1954512708e-03
  -2.1066074073e-01
  -5.9819381684e-02
  -3.5287939012e-02
  -2.9513370246e-02
  -1.0390884429e-01
  1.9626104832e-01
  -8.1664808095e-02
  -7.5517214835e-02
  -7.7847838402e-02
  -2.0879371464e-01
  -1.3311550021e-01
  5.0003491342e-02
  1.3448780775e-01
  2.1844866872e-01
  1.2553729117e-01
  -9.4182334840e-02
  2.2848811746e-01
  -3.3246755600e-01
  1.3880884647e-01
  1.1098452657e-01
  -2.1255730093e-01
  4.6285900474e-01
  5.1994377375e-01
  4.9737550318e-02
  -3.3021636307e-02
  1.8844187260e-01
  -6.0408711433e-02
  -2.3583807051e-02
  -3.0159395933e-01
  -2.6770548895e-02
  -4.7899958491e-01
  -1.9930049777e-01
  -3.3976305276e-02
  -1.1895874888e-01
  -2.2223091125e-01
  1.3239470124e-01
  2.5105687976e-01
  -1.1351057887e-01
  1.7846444249e-01
  1.2409592420e-01
  1.0838623345e-01
  -2.7331995964e-01
  5.3842079639e-01
  -3.2852640748e-01
  2.3243656754e-01
  -3.7736618519e-01
  -2.3569419980e-01
  -1.6531802248e-03
  -3.2351966947e-02
  4.7195859253e-02
  1.3366149366e-01
  -4.6238183975e-01
  2.6287809014e-02
  -6.8972602487e-02
  -2.8685784340e-01
  -1.5633681789e-02
  -4.9753155559e-02
  5.3675126284e-02
  -1.2324614078e-01
  1.0960570723e-01
  -1.3919661939e-01
  7.7835023403e-02
  3.4531757236e-02
  -3.3148059249e-01
  -2.6067355275e-01
  -1.5634076297e-01
  1.0146231204e-01
  -1.1711634696e-01
  1.9183155894e-01
  -1.0287399590e-01
  3.6219667643e-02
  -2.3727461696e-01
  -3.5218319297e-01
  -2.7193948627e-01
  1.0672356933e-01
  2.1437969804e-01
  -1.9509828091e-01
  -1.7109188437e-01
  -4.2892172933e-02
  -2.4618321657e-01
  4.4579887390e-01
  2.5326120853e-01
  4.6571859717e-01
  -2.2106854618e-01
  -4.7889897227e-01
  -2.5928205252e-01
  4.9438360333e-01
  1.0785780847e-01
  -5.2758789062e-01
  -3.0015578866e-01
  2.3420758545e-01
  3.0033099651e-01
  1.1338258535e-01
  4.2561012506e-01
  -1.1957755685e-01
  -1.7901541293e-01
  2.6614630595e-02
  -9.4592101872e-02
  1.2518480420e-01
  5.5508822203e-02
  6.4401485026e-02
  -1.9081202149e-01
  -9.2964328825e-02
  1.2929243967e-02
  -1.3952416182e-01
  1.7190258205e-01
  2.0131306723e-02
  -1.7294341698e-02
  7.2998344898e-02
  1.5478770435e-01
  6.6398559138e-03
  4.3134398758e-02
  -7.0131689310e-02
  5.5776163936e-02
  5.7143427432e-02
  -3.6195528810e-04
  -5.6378018111e-02
  -7.4021965265e-02
  -8.5682637990e-02
  9.0480297804e-02
  -8.4457874298e-02
  -5.0021868199e-02
  9.6864633262e-02
  -5.0669752061e-02
  -1.8249459565e-01
  -2.4848615751e-02
  1.1556753516e-01
  3.6914836615e-02
  -8.4125660360e-02
  -4.7444426455e-03
  -8.2912500948e-03
  -1.9093990326e-02
  -8.2565046847e-02
  -4.5427627861e-02
  2.4725433439e-02
  2.2802937776e-02
  4.4637843966e-03
  3.6347594112e-02
  6.6520750523e-02
  -4.1535433382e-02
  4.9978144467e-02
  -1.0681535304e-01
  -1.3393618166e-02
  -5.1971875131e-02
  -1.0747126490e-01
  -1.3556999620e-03
  3.2864278182e-03
  4.1079688817e-02
  -8.5331462324e-02
  -1.8565566838e-01
  -2.3981900513e-01
  1.8886321783e-01
  1.7376746982e-02
  -5.2557844669e-02
  -1.8538018689e-02
  -7.0744857192e-02
  1.3800981455e-02
  7.5219370425e-02
  -1.2564453483e-01
  -1.8440511823e-01
  3.8991726469e-03
  1.3430708647e-01
  4.7598414123e-02
  -7.4413806200e-02
  9.4085343182e-02
  -4.8605814576e-02
  -8.8197980076e-03
  2.2640993819e-02
  -1.2772756815e-01
  -1.2693461031e-02
  -5.0526130944e-02
  9.6995607018e-03
  -1.8245126307e-01
  6.7339584231e-02
  -1.4753833413e-02
  9.4530873001e-02
  -1.0395678133e-01
  1.0317668319e-01
  -2.1115419269e-01
  1.0923740268e-01
  3.3352583647e-02
  1.6980327666e-01
  -8.4846198559e-02
  -4.7288043424e-03
  4.1292384267e-02
  -3.2796721905e-02
  6.6194748506e-03
  2.6676264405e-01
  9.5667168498e-03
  1.4599455893e-01
  3.3834159374e-02
  3.3570520580e-02
  -1.0227593780e-01
  -8.7512142956e-02
  8.4182247519e-02
  1.0214243829e-01
  1.4220376313e-01
  2.5833345950e-02
  2.0881931484e-01
  3.6119658500e-02
  6.1064645648e-02
  -2.5447424501e-02
  -7.4087522924e-02
  2.5181498379e-02
  -3.3980220556e-02
  -2.1348634735e-02
  4.1892666370e-02
  -9.7579121590e-02
  -5.3910359740e-02
  7.0712536573e-02
  5.6921850890e-02
  1.4942929149e-01
  1.6483163834e-01
  4.0987379849e-02
  -4.4292546809e-02
  3.0991934240e-02
  -4.7758589499e-03
  1.7510086298e-01
  -1.3670734130e-02
  3.4858845174e-02
  6.1774607748e-02
  -7.5382962823e-02
  2.5196292996e-01
  1.0657861829e-01
  2.5630725548e-02
  7.9356811941e-02
  -5.8141738176e-02
  -1.4909896255e-01
  4.7112558037e-02
  4.8155821860e-02
  8.8201709092e-02
  2.0235376433e-02
  -4.0026358329e-03
  3.4904990345e-02
  7.3658630252e-02
  1.1103872955e-01
  -6.6086634994e-02
  9.4329550862e-02
  -1.1316050589e-01
  6.0834113508e-02
  -2.4504688382e-01
  1.4317424595e-01
  -1.5111823380e-01
  -9.9913179874e-03
  -2.0467112958e-01
  -5.8902125806e-02
  1.0541587108e-04
  -1.9271683693e-01
  -8.0760382116e-02
  -2.9311291873e-02
  -2.3273068666e-01
  3.2658852637e-02
  -1.8325655162e-01
  4.9022603780e-02
  7.7161686495e-03
  1.5476226807e-01
  1.0812663473e-02
  -6.9051566534e-03
  5.9379793704e-02
  -1.1735873669e-01
  2.9516087845e-02
  -1.2290721387e-01
  -1.0621852428e-01
  2.6122052222e-02
  -6.3527144492e-02
  -1.4464151859e-01
  3.3278308809e-02
  -8.7517879903e-02
  -1.9699113443e-02
  -1.2786741555e-01
  3.3563923091e-02
  -8.2228019834e-02
  -1.5914421529e-03
  -2.0310861990e-02
  -3.8651406765e-01
  -1.1336581409e-01
  -1.5016861260e-01
  1.4337417483e-01
  -7.7942714095e-02
  -6.5358743072e-02
  3.1322628260e-02
  -1.2776234653e-03
  1.8974868581e-02
  -1.5246941149e-01
  4.9228118733e-03
  -9.0901412070e-02
  -7.7082574368e-02
  -4.0297009051e-02
  1.6690498218e-02
  6.5283529460e-02
  1.4400522225e-02
  -5.0842785276e-03
  -5.5346213281e-02
  1.9286489487e-01
  1.8899290264e-01
  -1.9412025576e-03
  -7.1244863793e-03
  -1.7184624076e-01
  -1.6159531474e-01
  -2.2316267714e-02
  -3.7563119084e-02
  7.2827205062e-02
  -3.8152836263e-02
  -7.6326936483e-02
  -4.5351568609e-02
  4.8554357141e-02
  -3.6169368774e-02
  2.1626546979e-01
  -2.3279532790e-02
  5.3126998246e-02
  1.1167033575e-02
  -3.2259922475e-02
  2.2516305745e-01
  3.0035939813e-01
  -1.1109347455e-02
  4.3148033321e-02
  -8.4269300103e-02
  -3.1116252765e-02
  -6.8945072591e-02
  1.1451340280e-02
  1.8115460873e-02
  9.5203049481e-02
  1.3419467211e-01
  1.9595656544e-02
  1.1443176866e-01
  -1.7293147743e-01
  9.2944979668e-02
  5.5373888463e-02
  -5.5891671218e-03
  -1.7513665557e-01
  1.0337188840e-01
  3.1897049397e-02
  1.5767627954e-01
  4.0717117488e-02
  -5.2702050656e-02
  -4.5534655452e-02
  -9.6165843308e-02
  2.2445464134e-01
  -6.3227824867e-02
  2.6779106259e-01
  -1.6714523733e-01
  4.3772324920e-02
  9.2066109180e-02
  6.5249472857e-02
  -5.4456051439e-02
  2.8833317757e-01
  2.6437434554e-01
  2.7492758632e-01
  3.7273484468e-01
  3.7261985242e-02
  1.1426751316e-01
  4.1280187666e-02
  -1.3335244358e-01
  1.2817868590e-01
  1.8541947007e-01
  1.1068553478e-01
  1.9923754036e-02
  -2.1919943392e-01
  -3.3499047160e-02
  -5.4830759764e-02
  9.5213562250e-02
  8.2290828228e-02
  7.2163846344e-03
  2.3454301991e-03
  3.4536544234e-02
  1.3678470254e-01
  2.8487352654e-02
  9.1872639954e-02
  -1.5636806190e-01
  5.0894308835e-02
  -1.7591078579e-01
  8.6032576859e-02
  -2.1574810147e-01
  1.4117905498e-01
  -1.6459985077e-01
  -2.2761519253e-01
  -3.8790160418e-01
  1.7591277137e-02
  -2.9388809204e-01
  1.0403749347e-01
  -8.6470283568e-02
  2.2670105100e-01
  -4.2080074549e-02
  7.3646098375e-02
  -1.6447086632e-01
  -3.1080916524e-02
  -9.0179078281e-02
  5.8638114482e-02
  1.3038252480e-02
  -1.3138835132e-01
  2.7730444446e-02
  3.8372527342e-03
  1.3229377568e-01
  -2.2988344729e-01
  -1.0868521780e-01
  -5.3755864501e-02
  -5.3833283484e-02
  -1.8662281334e-01
  -2.7374478057e-02
  2.3636198044e-01
  -8.8349863887e-02
  -2.9286751524e-02
  -1.6243088245e-01
  2.1115829051e-01
  7.9573675990e-02
  -2.1723160148e-01
  -7.7290482819e-02
  2.8345633298e-02
  2.8302581981e-02
  -6.4033605158e-02
  -2.6173180342e-01
  -3.3131039143e-01
  -9.8771922290e-02
  -1.0651197284e-02
  -1.4557392895e-01
  -8.0760076642e-02
  1.2087747455e-01
  2.9594434891e-03
  1.5835335851e-01
  -1.6508327797e-02
  3.4983910620e-02
  9.8821299616e-04
  3.1782411039e-02
  2.0391741768e-02
  -1.5509570949e-02
  2.6950715110e-02
  3.0969217420e-02
  5.6122854352e-02
  -4.3232154101e-02
  1.4477480203e-02
  -6.0467977077e-02
  9.3725575134e-03
  4.6117551625e-02
  2.0493462682e-02
  2.3179339245e-02
  2.5717120618e-02
  -1.6594631597e-02
  8.2138352096e-02
  -7.1267992258e-02
  -1.4434471726e-01
  -1.8919844180e-02
  -4.1027564555e-02
  5.8985453099e-02
  2.3196496069e-02
  -8.5682440549e-03
  -5.0911251456e-02
  5.3133303300e-03
  6.5022811294e-02
  -5.4106354713e-02
  -1.1848472059e-01
  5.6265939027e-02
  -6.7378273234e-03
  -1.6312524676e-02
  -1.8206758797e-01
  -6.6354153678e-03
  -8.7115459144e-02
  9.5413923264e-02
  -3.3603463322e-02
  -3.4971296787e-02
  -1.0895827413e-01
  -8.1694111228e-02
  3.6648575217e-02
  -2.5137821212e-02
  -2.3399304599e-02
  -4.3882831931e-02
  1.7980335653e-01
  1.3863423467e-01
  -6.4997851849e-02
  -1.5502847731e-02
  -7.5048081577e-02
  -1.8211329356e-02
  4.9506094307e-02
  1.5619449317e-01
  -5.6994700572e-04
  2.1226821840e-01
  8.7001495063e-02
  4.1683703661e-02
  4.5984843746e-03
  -1.3435283303e-01
  -3.1041547656e-02
  2.6702256873e-02
  -1.0052537173e-01
  1.0644303262e-01
  -1.4725877345e-01
  2.5525433943e-02
  4.7483410686e-02
  -8.2150124013e-02
  -1.5585517883e-01
  -3.6780357361e-02
  6.3833761960e-03
  4.3514285237e-02
  -2.1594952792e-02
  -1.1056561768e-01
  -6.5307945013e-02
  -3.6758080125e-02
  6.3956648111e-02
  1.5955406427e-01
  -3.7169356365e-03
  7.2512753308e-02
  5.8558564633e-02
  -1.5558202751e-02
  7.1228250861e-02
  2.1904660761e-01
  4.8995111138e-02
  1.4830966480e-02
  -1.3253004849e-01
  -3.7264142185e-02
  -1.9861763343e-02
  5.7730544358e-02
  -2.1840719506e-02
  9.7002886236e-02
  1.1584572494e-01
  4.5344710350e-02
  -1.4377618209e-02
  2.8161980212e-02
  7.9817511141e-02
  -4.1387703270e-02
  1.5459103510e-02
  4.7289356589e-02
  -8.5473954678e-02
  1.7028592527e-02
  1.6945381463e-01
  4.5440725982e-02
  2.5784159079e-02
  -6.4353823662e-02
  -2.0201469958e-01
  9.9426954985e-02
  1.5466913581e-01
  3.2893189788e-01
  -3.0263504386e-01
  -1.3131360710e-01
  8.2472860813e-03
  2.5768982247e-02
  1.3457331061e-01
  -6.6918268800e-02
  1.4739422500e-01
  1.9259798527e-01
  2.2723807395e-01
  3.8096744567e-02
  -1.2627686560e-01
  -5.2907943726e-02
  -4.5468788594e-02
  -1.6077430919e-02
  -7.8865267336e-02
  -8.4791287780e-02
  4.7315441072e-02
  2.8919911012e-02
  -3.6777679343e-03
  -3.0951093882e-02
  -2.3653453216e-02
  -9.7038269043e-02
  3.6753479391e-02
  -4.4658329338e-02
  7.6999999583e-02
  -2.9253033921e-02
  -6.2832020223e-02
  4.0511123836e-02
  6.3307613134e-02
  -3.3217687160e-02
  1.3882079720e-01
  -8.5674256086e-02
  1.1559884250e-01
  1.3582809828e-02
  -2.6565127075e-02
  7.4699178338e-02
  4.9079313874e-02
  2.6510350406e-02
  4.3837711215e-02
  -1.2034386396e-01
  4.5820988715e-02
  -1.1104729958e-02
  3.6432124674e-02
  1.3300889172e-02
  4.0336817503e-02
  -2.4023944512e-02
  -3.4078244120e-02
  -4.8586048186e-02
  4.1846983135e-02
  -2.4140117690e-02
  -5.1470138133e-02
  6.1947397888e-02
  -1.2419177219e-02
  2.3006865755e-02
  5.8756931685e-03
  9.8223350942e-02
  1.8574875593e-01
  -7.1702815592e-02
  -1.1684497446e-01
  -3.9144951850e-02
  5.3361810744e-02
  9.1944783926e-02
  2.2689923644e-01
  -1.0137984902e-01
  1.2248069048e-02
  1.4745127410e-02
  1.3581861742e-02
  5.3100667894e-02
  -1.5098555386e-01
  1.3173754327e-02
  1.9944351912e-01
  1.5050634742e-01
  -3.5625014454e-02
  -9.2419415712e-02
  1.3222144917e-02
  1.1365459301e-02
  -5.1875956357e-02
  -3.2509177923e-02
  3.0904710293e-02
  7.0839531720e-02
  5.5899653584e-02
  -3.4549806267e-02
  1.4104733244e-02
  6.1962362379e-02
  1.4267744124e-01
  7.6983980834e-02
  2.4286327884e-02
  -7.6590180397e-02
  -5.3199395537e-02
  8.4642723203e-02
  4.4194795191e-02
  3.8008708507e-02
  -1.0716784745e-01
  -1.6417615116e-01
  -1.1883166432e-01
  5.2201949060e-02
  -1.2221415341e-01
  -6.9094672799e-02
  -5.6745257229e-02
  5.6903425604e-02
  -6.9977283478e-02
  9.2680282891e-02
  9.5490589738e-02
  -2.1618802566e-03
  -6.8889960647e-02
  3.6000043154e-02
  2.3358820006e-02
  -1.2601168454e-01
  -1.1523660272e-01
  -3.8055088371e-02
  -1.0075746477e-01
  9.7190819681e-02
  -3.2857049257e-02
  1.9680447876e-02
  -1.7918021977e-01
  2.4677631445e-03
  -6.7873910069e-02
  7.2092987597e-02
  -1.0211473331e-02
  -7.9448167235e-03
  -9.1841943562e-02
  1.3969996572e-01
  -7.6142385602e-02
  -1.5233291313e-02
  1.6511052672e-04
  -2.7749869972e-02
  4.1659981012e-02
  -2.8774391860e-02
  -5.2446313202e-02
  -2.3693379015e-02
  -7.4808038771e-02
  -1.0786993802e-01
  -4.5943050645e-04
  8.2770116627e-02
  -4.4208166003e-01
  -2.3771917447e-02
  7.9169064760e-02
  9.9703498185e-02
  9.3325026333e-02
  -6.0195591301e-02
  1.8888313323e-02
  3.7874118425e-03
  1.3493590988e-02
  2.1030411124e-02
  -1.0347695090e-02
  -2.7967769653e-02
  -5.1618032157e-02
  -9.0230271220e-02
  -1.3256159425e-01
  7.7758856118e-02
  5.6499462575e-02
  -3.5332227126e-03
  -1.8795223534e-01
  -7.6859094203e-02
  4.3808694929e-02
  2.9324244242e-03
  3.4015778452e-02
  4.3557822704e-02
  -5.0881069154e-02
  -6.0168553144e-02
  5.2143123001e-02
  4.6846378595e-02
  1.7153519392e-01
  1.8188569695e-02
  -7.1134619415e-02
  2.9586520977e-03
  1.3342692517e-02
  3.5836230963e-02
  -7.8037935309e-03
  1.2767011067e-03
  1.3557632267e-01
  7.5783886015e-02
  7.4226118624e-02
  2.8888804838e-02
  -7.0398766547e-03
  9.0464398265e-02
  2.1334107965e-02
  -1.0035517812e-01
  -6.0749858618e-02
  1.0177821852e-02
  1.0430771112e-01
  -5.7643797481e-04
  -1.0273143649e-02
  -5.4643616080e-02
  -3.5223875195e-02
  -3.5521790385e-02
  2.6979397517e-03
  -2.0503357053e-02
  3.8050726056e-01
  -1.4249329269e-01
  2.6977954432e-02
  1.6140181571e-02
  4.8886178993e-03
  1.0528555512e-01
  -2.0203571022e-01
  1.2506274879e-01
  5.0330311060e-02
  3.5993850231e-01
  3.5381342750e-03
  -4.6488951892e-02
  -9.7185842693e-02
  3.3946190029e-02
  -9.4222329557e-02
  -8.2139454782e-02
  -1.4407610893e-01
  -5.3794350475e-02
  2.3738805950e-01
  3.9646323770e-02
  6.5096922219e-02
  -9.2095740139e-02
  -2.4671684206e-01
  3.2760083675e-02
  -8.2717470825e-02
  -6.8422652781e-02
  -1.2541217729e-02
  1.0527677089e-01
  -1.0522507876e-01
  -2.4015771225e-02
  -6.1257384717e-02
  2.0940354466e-01
  1.0056094825e-01
  7.5171202421e-02
  1.5291331336e-02
  5.9757836163e-02
  1.2249381095e-01
  3.0120363832e-01
  -1.4568247832e-02
  9.7795739770e-02
  -4.2159374803e-02
  -5.1033575088e-02
  -7.4943885207e-02
  7.2921246290e-02
  -5.5801834911e-02
  3.8667509216e-04
  1.4678335190e-01
  4.0136635303e-02
  5.6463949382e-02
  7.3301851749e-02
  -5.0422772765e-02
  7.5589925051e-02
  -1.1427367572e-03
  5.7609113865e-03
  -2.6028707623e-02
  6.9836594164e-02
  2.8088595718e-02
  9.0247996151e-02
  6.9865249097e-02
  -8.4006078541e-02
  -3.8254940510e-01
  -6.2867201865e-02
  -1.9746199250e-01
  1.0355696082e-01
  -2.1978166699e-01
  -8.5383564234e-02
  7.5001537800e-02
  3.3601175994e-02
  -5.1030881703e-02
  3.5189035535e-01
  2.7165803313e-01
  1.8718062341e-01
  5.5713981390e-01
  5.4346106946e-02
  -1.7543549836e-01
  1.9282346591e-02
  6.8257600069e-03
  1.2998640537e-01
  1.5919838334e-03
  4.7726109624e-02
  -1.6230296344e-02
  3.5245962441e-02
  -5.6586526334e-02
  5.2708227187e-02
  2.4035511538e-02
  1.5902653337e-01
  -6.3170552254e-02
  3.8087885827e-02
  -9.1281756759e-02
  2.3351905867e-02
  -1.5864686668e-01
  7.4286609888e-02
  -2.2903469205e-01
  -9.7003489733e-02
  -7.7162452042e-02
  1.1353536695e-01
  6.7421257496e-02
  1.0110628605e-01
  -1.3266432285e-01
  2.9166596010e-02
  -3.5911092162e-01
  -7.9711759463e-03
  -9.1738663614e-02
  -7.3635041714e-02
  -5.6614700705e-02
  -4.8879362643e-02
  1.0275638849e-01
  -1.1822650209e-02
  8.1210175995e-04
  -1.4236919582e-01
  4.4415712357e-02
  -2.1104672551e-01
  -1.1452459544e-01
  -6.3967496157e-02
  7.6599672437e-02
  -5.5792029947e-02
  1.6551580280e-02
  1.7531749606e-01
  9.9655635655e-02
  -1.3020978868e-01
  2.3432094604e-02
  1.2780401856e-02
  -7.8693524003e-02
  2.9124736786e-01
  -2.2267918289e-01
  -7.8633032739e-02
  -9.5442943275e-02
  1.3385170698e-01
  4.2860820889e-02
  3.9795623161e-03
  -2.2792114317e-01
  3.3053813968e-03
  -2.4260212481e-01
  -1.8509210646e-01
  -6.7668132484e-02
  -2.5669091940e-01
  -1.6107657552e-01
  -1.0171613097e-01
  -1.1150293797e-01
  3.8817129098e-04
  8.7255083025e-02
  -4.5029114932e-02
  -2.6793168858e-02
  -1.1165037006e-01
  -1.0881388932e-01
  -4.7792688012e-02
  -1.3144976459e-02
  5.0150737166e-02
  1.5085531771e-01
  7.6970756054e-02
  -5.9490393847e-02
  2.0037434995e-02
  -1.1916844174e-02
  -3.2771073282e-02
  3.3891368657e-02
  -3.9499506354e-02
  -9.0596005321e-02
  5.6224811822e-02
  -1.3640362024e-01
  9.3181811273e-02
  1.6545144841e-02
  -3.1410407275e-02
  -1.4151550829e-01
  1.1330508441e-01
  3.0873047188e-02
  1.5155419707e-02
  2.8890637681e-02
  -2.3069852963e-02
  3.6850810051e-02
  -4.2366452515e-02
  5.7203979231e-03
  -1.7808356881e-01
  3.9373870939e-02
  1.0882674903e-01
  -4.0747247636e-02
  8.8968507946e-02
  9.8714023829e-02
  -3.7681668997e-02
  4.6064771712e-02
  -1.1751034111e-01
  -2.0563633740e-01
  -5.4656893015e-02
  -7.3168701492e-03
  9.3950359151e-03
  1.7010420561e-02
  -6.9128782488e-03
  -6.7515950650e-03
  3.7377852947e-02
  1.2221109122e-02
  -1.9731698930e-01
  6.4795576036e-02
  -4.0434814990e-02
  -2.0675409585e-02
  -5.2407868207e-02
  -8.2070901990e-02
  2.3104624823e-02
  9.4220317900e-02
  8.1639653072e-03
  -2.8423455358e-01
  3.0796108767e-03
  -1.0316576809e-01
  3.3649977297e-02
  -3.1006687786e-03
  6.2950693071e-02
  -7.6757604256e-04
  1.1055347323e-01
  6.9223530591e-02
  -5.4219372571e-02
  2.3934561759e-02
  -7.1289040148e-02
  1.7605113983e-01
  1.5472263098e-01
  2.1492537111e-02
  4.5455578715e-02
  2.6024160907e-03
  1.5905191004e-01
  -4.3434239924e-02
  3.3595368266e-02
  -1.7715360736e-03
  2.8223721310e-03
  -2.3414115608e-01
  -8.7531991303e-02
  -3.8821961731e-02
  -6.7403651774e-02
  -1.5700051188e-01
  -1.1027370393e-01
  -2.4920077622e-01
  5.0743613392e-02
  -2.6844546199e-01
  6.9755792618e-02
  6.4840234816e-02
  1.2060493231e-01
  -2.6693621650e-02
  -3.6970179528e-02
  -4.4694919139e-02
  -5.3379930556e-02
  -6.7335076630e-02
  -1.3396926224e-01
  -1.0134052485e-01
  -1.4990715683e-01
  -7.7412906103e-03
  1.1746677011e-01
  1.7463952303e-01
  4.6701915562e-02
  8.4279373288e-02
  1.4710057527e-02
  -4.6685643494e-02
  -2.6011485606e-02
  4.3636881746e-03
  9.6416687593e-03
  -1.6010098159e-01
  -4.1860554367e-02
  -2.0309078693e-01
  2.7352619171e-01
  1.2681740522e-01
  -1.4911586046e-01
  -7.8450001776e-02
  5.2641332150e-02
  -2.1956935525e-01
  -1.4718291163e-01
  -1.6178330779e-01
  -5.6120300293e-01
  -1.4490115456e-02
  -1.1445549130e-01
  -3.3095486462e-02
  -1.8145611510e-02
  6.6866114736e-02
  7.0876494050e-02
  -1.0464552790e-01
  1.4608915150e-01
  -7.2102457285e-02
  1.8378112465e-02
  4.5852705836e-02
  -2.3282359540e-01
  -4.0875589848e-01
  -5.7098999619e-02
  -4.8331813887e-03
  4.2937599123e-02
  -1.0503251106e-02
  4.2680334300e-02
  5.2830953151e-02
  8.0066296505e-04
  -6.0208016075e-03
  1.6537374258e-01
  1.0804085992e-02
  1.6510974616e-02
  -2.2656392306e-02
  5.7654056698e-02
  2.4319806695e-01
  2.7277171612e-01
  4.4799182564e-02
  1.1289931834e-01
  -1.4691005647e-01
  6.8094044924e-02
  -6.0995384119e-03
  8.6275771260e-02
  -7.2594597936e-02
  1.7492894828e-01
  3.7293378264e-02
  1.3002704084e-01
  1.2845134735e-01
  3.1794950366e-02
  -6.5225303173e-02
  -1.4067685232e-02
  5.8919452131e-02
  9.6419565380e-03
  -1.0810442269e-01
  -2.4742953479e-02
  9.3230351806e-02
  6.2905162573e-02
  8.5982061923e-02
  -1.0326568782e-01
  -1.6274221241e-01
  1.4711050689e-01
  5.2207645029e-02
  1.1804800481e-01
  -2.1772941947e-01
  -1.4530017972e-01
  1.2726022303e-01
  1.5480566025e-01
  8.0239631236e-02
  1.8641184270e-01
  2.1561667323e-01
  1.7486530542e-01
  4.6484857798e-01
  -1.4759061858e-02
  -1.9968031347e-01
  1.2389883399e-01
  -7.3521114886e-02
  -2.1336792409e-01
  2.4052804708e-01
  1.5074621141e-01
  -4.1674202681e-01
  5.1042273641e-02
  -4.2205959558e-01
  4.8024839163e-01
  -7.2027355433e-01
  -1.4174747467e+00
  -1.4038876295e+00
  1.3405852318e+00
  -3.2966122031e-01
  -1.4113602042e-01
  -9.8923915625e-01
  -5.2110517025e-01
  7.6979417354e-03
  -2.6022025943e-01
  -1.2875989676e+00
  -1.1698235273e+00
  1.5096517801e+00
  -2.8244689107e-01
  -6.7163575441e-03
  -7.5882509351e-02
  -2.2301273048e-01
  -1.1291352659e-01
  -4.4386431575e-01
  -1.7658773661e+00
  -1.1688154936e+00
  2.1309762001e+00
  1.9790047407e-01
  1.8208537996e-01
  -7.5777679682e-01
  -8.4192007780e-01
  -6.5329861641e-01
  3.2899096608e-02
  -7.2158122063e-01
  -1.0986613035e+00
  1.8652683496e+00
  -5.5431202054e-02
  5.6735420227e-01
  -5.1883038133e-02
  -2.8467223048e-01
  3.4189301729e-01
  2.0105083287e-01
  4.1313907504e-01
  2.1463649273e+00
  -4.0639758110e+00
  1.1578597873e-01
  3.4696516395e-01
  -2.6042726636e-01
  -1.2890983820e+00
  -7.5815743208e-01
  1.9579988718e-01
  5.1828461885e-01
  -5.2048534155e-01
  -3.3557081223e+00
  -9.8404951394e-02
  6.0430222750e-01
  5.3685867786e-01
  -1.2826478481e-01
  3.0849985778e-02
  7.6684385538e-02
  3.4674219787e-03
  -4.8739388585e-02
  -1.0793446004e-01
  2.4220779538e-02
  2.7677211910e-02
  2.5443557650e-02
  6.7949318327e-03
  1.7029354349e-02
  -2.8998635244e-03
  -4.5998976566e-03
  -1.3754450716e-02
  3.7562295794e-02
  -1.1553557962e-01
  3.3569846302e-02
  -5.7050704956e-02
  6.0489308089e-02
  4.3335221708e-03
  -1.5286923945e-01
  -2.6787783951e-02
  1.0706433095e-02
  -7.0715043694e-03
  -2.2989202291e-02
  -6.6014043987e-02
  2.0090593025e-02
  3.7494078279e-02
  -2.7199810371e-02
  -2.6742542163e-02
  4.7688055784e-02
  -2.4100650102e-02
  -7.3586623184e-03
  -3.1029436737e-02
  -8.1620793790e-03
  -1.1301805079e-01
  1.0550748557e-01
  4.5097544789e-02
  1.2104818225e-01
  -2.9948044103e-03
  -3.2070716843e-03
  2.9922163114e-02
  -1.4571244828e-03
  3.8378834724e-02
  -1.3158968650e-02
  -4.2858283967e-02
  -1.1091326922e-01
  1.6939500347e-03
  7.2665801272e-03
  7.3189712130e-03
  -3.5110268742e-02
  -8.7090633810e-02
  2.3128496483e-02
  -1.2841165066e-01
  5.1680363715e-02
  1.3919961639e-02
  -4.5948228799e-03
  3.0771786347e-02
  -2.1518567577e-02
  -2.8983563185e-02
  2.9012963176e-02
  -6.5302155912e-02
  -1.1411703378e-01
  -1.8434863538e-02
  -1.6262479126e-01
  -2.0325456560e-01
  -7.4847891927e-02
  -1.7342206836e-01
  7.0241972804e-02
  -1.4648787677e-01
  9.0361777693e-03
  -9.7961969674e-02
  -2.2109212354e-02
  1.9149724394e-02
  -3.7502188236e-02
  -6.9071665406e-02
  -1.1486503482e-01
  -2.2634111345e-02
  -1.2873756886e-01
  -8.0386929214e-02
  6.9266512990e-02
  -3.4072104841e-02
  1.9199118018e-01
  6.1354286969e-02
  1.8801318109e-01
  2.2929666936e-01
  1.9801847637e-01
  7.4789993465e-02
  1.6906343400e-01
  1.5616039932e-01
  1.5071907640e-01
  -1.9837364554e-01
  3.0079457164e-01
  2.6982313022e-02
  -6.8896025419e-02
  -1.0152650625e-01
  3.7820346653e-02
  -1.1584643275e-01
  1.6275668144e-01
  7.9426251352e-02
  2.8486944735e-02
  1.1601654440e-01
  1.2398261577e-02
  1.4629922807e-01
  1.6085963696e-02
  -2.7594387531e-01
  -1.4255131781e-01
  -1.1777548492e-01
  -8.2302436233e-02
  1.3758258522e-01
  4.9728274345e-02
  9.2132696882e-03
  3.6896344274e-02
  -5.0831674598e-03
  4.9797659740e-03
  -2.9645454139e-02
  2.0954163373e-01
  -3.1857350469e-01
  -8.0490276217e-02
  4.2031511664e-02
  2.8095901012e-01
  -6.8876668811e-02
  2.4542795122e-01
  9.7151860595e-02
  -1.0756251402e-02
  3.2103851438e-01
  1.6987937689e-01
  1.3694320619e-01
  -3.2359488308e-02
  -1.5550804092e-03
  4.6008486301e-02
  1.9171737134e-02
  1.3663503528e-01
  4.6634145081e-02
  -5.7698242366e-02
  1.7883602530e-02
  -5.2262648940e-02
  6.4097836614e-02
  5.7084262371e-02
  2.9869776219e-02
  3.7769526243e-02
  6.5935522318e-02
  -8.8924039155e-03
  3.4710101783e-02
  6.4337253571e-02
  -1.2989285402e-02
  -1.1074359715e-01
  -6.0023766011e-02
  -4.3604612350e-02
  4.4167444110e-02
  1.0275332630e-01
  -9.5530927181e-02
  -1.1378974468e-01
  -5.3550314158e-02
  -3.9447177202e-02
  5.2392005920e-02
  1.0433604009e-02
  1.8719607964e-02
  1.6375565901e-02
  3.9864657447e-03
  6.7188166082e-02
  1.3354227878e-02
  -1.5903350711e-01
  -4.6715401113e-02
  3.1463135034e-02
  -2.9634790495e-02
  -2.7149014175e-02
  -1.5905214846e-01
  5.5212587118e-02
  -4.0090866387e-03
  -5.7883527130e-02
  -1.3798411191e-01
  -6.5496161580e-02
  7.2982296348e-02
  -4.6169191599e-02
  5.5282086134e-02
  -4.2148653418e-02
  -5.9079814702e-02
  2.9648425058e-02
  -2.6025000215e-01
  1.7401494086e-01
  9.7885176539e-02
  -2.0199755207e-02
  -3.0151808634e-02
  -1.0711194947e-02
  -9.4024159014e-02
  1.8314625323e-01
  4.1405357420e-02
  -7.7234357595e-02
  9.5236739144e-03
  -1.6708229482e-01
  1.9520694017e-01
  -5.3910069168e-02
  -2.7075269818e-01
  8.5484944284e-02
  2.4207156897e-01
  -2.8998044133e-01
  1.2634457648e-01
  3.6672919989e-01
  -6.3225835562e-02
  -1.2867347896e-01
  -4.3008962274e-01
  6.0652214289e-01
  -4.2060858011e-01
  -1.8118143082e-01
  2.3422479630e-01
  -4.8776504397e-01
  2.6683645323e-02
  -1.7757429183e-01
  -3.6032021046e-01
  -6.3867218792e-02
  2.5508615375e-01
  1.4402949810e-01
  -4.9217317253e-02
  -1.6050161421e-01
  7.1606546640e-02
  4.7246131301e-01
  -2.1337980404e-02
  1.7230314016e-01
  -3.4983322024e-01
  -1.1840090901e-01
  -7.5238354504e-02
  4.0843379498e-01
  -3.3547869325e-01
  -3.9504164457e-01
  1.4547775686e-01
  3.0189314857e-02
  -4.0924841166e-01
  8.0716907978e-03
  2.7789407969e-01
  -1.1486489326e-01
  -3.3992242068e-02
  3.8865767419e-02
  -2.3901600391e-02
  -3.6464019213e-03
  6.0881620646e-01
  4.9329262972e-01
  5.3753077984e-01
  -3.7741860747e-01
  9.5310461521e-01
  -2.9976668954e-01
  4.3488579988e-01
  -1.7066496611e-01
  -3.1320744753e-01
  5.8312410116e-01
  -6.8706274033e-01
  7.5920179486e-02
  4.5006957650e-01
  -2.2169888020e-01
  4.3083064258e-02
  2.4603785574e-01
  -1.4597651362e-01
  2.8483775258e-01
  1.6465108097e-01
  1.1837554723e-01
  -3.3852114575e-04
  1.1768770963e-01
  -3.0118357390e-03
  1.8287564814e-01
  -2.2608736530e-02
  -5.9518866241e-02
  1.8224144354e-02
  -3.6099940538e-02
  1.6694441438e-02
  1.5445621684e-02
  -6.5723352134e-02
  1.0668745637e-01
  1.6431128979e-01
  6.1974782497e-02
  -8.7312839925e-02
  9.7263582051e-02
  6.5810531378e-03
  -5.5046964437e-02
  -9.0437039733e-02
  -3.3314879984e-02
  -9.5061816275e-02
  -9.4478636980e-02
  -1.8354839087e-01
  -1.3441671431e-01
  -2.3812916875e-01
  9.3661114573e-02
  -2.4502876401e-01
  2.0647125319e-02
  6.6218599677e-02
  4.5541357249e-02
  -9.4386331737e-02
  3.7436656654e-02
  -1.1902135611e-01
  -6.8186655641e-02
  5.0373833627e-02
  -1.0433436185e-01
  -9.7516044974e-02
  -6.8687424064e-02
  -4.3090403080e-02
  1.6879108548e-01
  -5.5561985821e-02
  -1.0477112234e-01
  4.6248920262e-02
  3.0795693398e-02
  -8.5670195520e-02
  -8.3515495062e-02
  -5.2628599107e-02
  2.8142371774e-01
  1.9644202292e-01
  -3.0842538923e-02
  -1.7404401302e-01
  2.2058899701e-01
  7.1814872324e-02
  6.7134611309e-03
  -5.7659484446e-02
  -6.4248949289e-02
  -2.7977891266e-02
  -1.0022681952e-01
  -7.5036741793e-02
  -2.7444878221e-01
  -1.3212512434e-01
  -3.6688540131e-02
  4.5335195959e-02
  9.5164813101e-02
  -5.3465630859e-02
  1.9743137527e-03
  -1.8383096159e-01
  1.8613649532e-02
  1.0651123524e-01
  1.0239730589e-02
  2.6570983231e-02
  -1.0962568223e-01
  3.6270111799e-02
  3.9151154459e-02
  8.7587442249e-03
  -2.0647561178e-02
  -8.2392618060e-02
  1.9236169755e-01
  -1.3641470671e-01
  1.6306388378e-01
  4.7875776887e-02
  3.7413956597e-03
  -4.2312089354e-02
  -2.0284924656e-02
  -3.6055158824e-02
  6.5978214145e-02
  -5.8822106570e-02
  3.1313210726e-01
  -9.7781918943e-02
  1.7783950269e-01
  3.9442528039e-02
  5.4042514414e-02
  -7.8036658466e-02
  2.5938907266e-01
  1.1948591471e-01
  7.1882292628e-02
  -9.3915045261e-02
  1.5982045233e-01
  1.1342749000e-01
  -1.1035915464e-01
  9.4668358564e-02
  2.5332782418e-02
  2.0620697737e-01
  -8.7128482759e-02
  -3.8606129587e-02
  4.7447416931e-02
  2.3081946373e-01
  8.8895842433e-02
  -3.0039390549e-02
  4.0461126715e-02
  -2.0174375176e-01
  7.4347764254e-02
  -1.2750445306e-01
  3.1001201272e-01
  -1.7830744386e-01
  -7.0203550160e-02
  1.2463025749e-01
  1.5833124518e-01
  5.2252955735e-02
  1.7590996623e-01
  1.5338677168e-01
  1.1536094546e-01
  2.5497183204e-01
  5.4952099919e-02
  -1.3520630077e-02
  -3.8928214461e-02
  1.5541356988e-02
  -8.4157608449e-02
  -1.8567971885e-02
  -7.4020765722e-02
  3.5982806236e-02
  -9.4563411549e-03
  2.2216251120e-02
  -1.9087376073e-02
  -6.9411031902e-02
  -2.9351678491e-01
  -5.3162523545e-03
  -6.6272117198e-02
  -1.4754198492e-02
  -5.4146647453e-02
  1.4959631860e-01
  -1.5677005053e-01
  1.2667232752e-01
  -4.5768905431e-02
  2.9827871919e-01
  1.3184317946e-01
  -1.0797825642e-02
  6.5844699740e-02
  1.8714797497e-01
  4.1311901063e-02
  2.5682473183e-01
  -1.1407290399e-01
  7.5671635568e-02
  -1.8523279577e-02
  -3.1821653247e-02
  1.5764843673e-02
  4.6000219882e-02
  8.7981775403e-02
  4.5769963413e-02
  1.5037415922e-01
  -7.4953506701e-03
  1.0617851466e-01
  -4.1904274374e-02
  -8.0783367157e-03
  4.6792931855e-02
  1.5207272768e-01
  -1.2382344157e-01
  -7.5125597417e-02
  1.0933388956e-02
  2.3219762743e-01
  2.5072386488e-02
  7.9273648560e-02
  -9.6217490733e-02
  -8.1399120390e-02
  9.1053500772e-02
  -1.9231060520e-02
  2.6404634118e-01
  -1.8972851336e-01
  1.8021187186e-01
  7.2165325284e-02
  1.0749618709e-01
  6.5113946795e-02
  2.1295902133e-01
  1.8903833628e-01
  2.6281219721e-01
  4.2684784532e-01
  7.5869172812e-02
  1.1865235120e-01
  1.0742355883e-01
  -9.7212590277e-02
  1.6306486726e-01
  -6.9500885904e-02
  2.5815051794e-01
  2.0137367770e-02
  1.1351957172e-01
  4.9388105981e-03
  2.6677150279e-02
  6.0921043158e-02
  2.4827112257e-01
  1.9610159099e-01
  -7.0766344666e-02
  -2.7843313292e-02
  9.9185086787e-02
  -7.5408995152e-02
  -8.6749531329e-02
  -1.1639986187e-01
  -8.9318446815e-02
  -1.6730476916e-01
  -6.5870486200e-02
  7.6569593512e-03
  1.0675904900e-01
  -1.5218588710e-01
  -1.6435648501e-01
  -3.3295610547e-01
  7.1405852214e-04
  -1.1877968907e-01
  -2.3297114298e-02
  -1.1376675218e-01
  3.3688433468e-02
  6.5869532526e-02
  7.2337172925e-02
  -2.0068282261e-02
  -1.4395800233e-01
  -4.8636462539e-02
  -8.5169062018e-02
  -5.5004466325e-02
  -4.3830603361e-02
  -2.0815495402e-02
  -2.4732843041e-02
  6.3085317612e-02
  8.2392632961e-02
  5.7100359350e-02
  -8.3036035299e-02
  1.3482691348e-01
  -1.9985733554e-02
  -9.4156876206e-02
  -7.8911252320e-02
  -2.1124355495e-01
  1.1361251026e-01
  -1.8897861242e-01
  2.7465116978e-01
  -9.3506388366e-02
  -7.6563328505e-02
  -2.2933095694e-01
  6.0592852533e-02
  -3.3166515827e-01
  -3.9616313577e-01
  -3.3302071691e-01
  -4.0355423093e-01
  -5.6877259165e-02
  4.5732088387e-02
  -1.2345214933e-01
  -8.3850592375e-02
  -2.4569778144e-01
  3.9786402136e-02
  -2.0371176302e-01
  2.2846225649e-02
  -1.5315923095e-01
  1.4151544869e-01
  -7.8326337039e-02
  8.8331729174e-02
  -2.1383127198e-02
  2.1711213514e-02
  4.1568778455e-02
  -1.0557764024e-01
  -1.6260753572e-01
  1.0909774154e-01
  -1.5227110125e-02
  2.8171923757e-01
  -2.0202167332e-02
  3.0347892642e-01
  8.3983816206e-02
  -1.1950049549e-01
  2.3946782574e-02
  -3.8822170347e-02
  1.2497365475e-02
  2.0077767968e-01
  5.8058440685e-02
  2.1427617967e-01
  6.5801590681e-02
  1.4979535341e-01
  -9.3304432929e-02
  7.3297262192e-02
  -8.7281122804e-02
  -1.1608203501e-01
  7.1858271956e-02
  1.3546968997e-01
  6.3960693777e-02
  -7.1664638817e-02
  4.5375701040e-02
  -7.3234751821e-02
  -2.7968565002e-02
  1.8896685913e-02
  8.8628783822e-02
  2.0499621332e-01
  1.9377802312e-01
  -3.9146747440e-02
  -6.5791785717e-02
  -4.2596947402e-02
  -2.5172567368e-01
  -1.3355746865e-01
  5.0987113267e-02
  -2.1639026701e-01
  3.6356370896e-02
  9.7691975534e-02
  8.4059655666e-02
  1.2436286360e-01
  -1.3607423753e-02
  -5.9409655631e-02
  2.3017562926e-01
  1.3821859658e-01
  -8.9582465589e-02
  2.4389596283e-01
  -9.5782205462e-02
  -3.7701122463e-02
  4.8911619931e-02
  -2.4618321657e-01
  -4.9278888851e-02
  -1.7697709799e-01
  -1.1420439929e-01
  7.7695488930e-02
  6.7279435694e-02
  -1.2958709896e-01
  -7.2412058711e-02
  -2.0134699345e-01
  5.4930727929e-02
  -6.5233334899e-02
  3.5385079682e-02
  -1.9777843356e-01
  -2.6160588488e-02
  -2.2401453927e-02
  8.0450147390e-02
  1.4826430008e-02
  9.3115910888e-02
  8.2176685333e-02
  2.0290902257e-01
  2.7819726616e-02
  1.3527177274e-01
  8.9043490589e-02
  3.2863005996e-01
  -2.9133260250e-01
  3.1711027026e-01
  4.8357274383e-02
  1.0295703262e-01
  -1.3963616453e-02
  -3.7610169500e-02
  -2.7914538980e-01
  1.7083452642e-01
  7.7215835452e-02
  -9.2473691329e-03
  7.0321299136e-02
  2.0295801759e-01
  7.2894677520e-02
  5.7649739087e-02
  9.8947407678e-03
  -2.4144883454e-01
  6.6708279774e-03
  -2.8686363250e-02
  2.3317486048e-01
  4.0775138885e-02
  1.7917172611e-01
  2.5262972340e-02
  -2.3772487044e-01
  9.8956160247e-02
  7.0300820516e-04
  4.9213029444e-02
  -2.2894817591e-01
  1.6871118546e-01
  2.4647851288e-01
  2.1991027892e-01
  -8.5761010647e-02
  7.7258661389e-02
  3.1087325886e-02
  7.5611807406e-02
  4.3161514401e-01
  1.0940316319e-01
  -5.4561801255e-02
  -7.0439688861e-02
  1.4659088850e-01
  -6.9742985070e-02
  9.5698527992e-02
  -1.2765297294e-01
  -6.6984198987e-02
  1.4890897274e-01
  1.6735624522e-02
  -4.5398447663e-02
  -6.4796887338e-02
  -4.9148224294e-02
  -1.5276996791e-01
  3.9182711393e-02
  3.4019466490e-02
  -1.1471097916e-01
  -1.5051788650e-02
  -1.1293760687e-01
  6.7310087383e-02
  7.1494313888e-03
  2.6957204938e-01
  9.3983098865e-02
  1.7385190725e-01
  6.6941618919e-02
  1.1786274612e-01
  6.0159791261e-02
  3.1375935674e-01
  8.8181886822e-03
  1.7686682940e-01
  1.1267782189e-02
  7.9385012388e-02
  -2.0677927136e-01
  3.0125619844e-02
  -2.9197232798e-02
  -7.2165012360e-02
  9.6880882978e-02
  4.6751465648e-02
  9.6814334393e-02
  -4.1621539742e-02
  3.6881398410e-02
  8.2457527518e-02
  3.2619833946e-02
  -1.5978161246e-02
  -2.3529652506e-02
  -8.0150142312e-02
  1.8731385469e-01
  9.0754270554e-02
  5.0745636225e-02
  1.2558940798e-02
  -1.2632876635e-01
  1.0567650944e-01
  -1.5855738893e-03
  2.1772941947e-01
  -2.6007610559e-01
  6.5510489047e-02
  1.8891067803e-01
  8.2330435514e-02
  1.2022238225e-01
  -1.0091382265e-01
  3.4061595798e-02
  -1.1678733863e-02
  2.9241415858e-01
  5.1234915853e-02
  -3.5096358508e-02
  -4.1192679782e-04
  -1.2183079123e-01
  -2.4878604338e-02
  -2.8894040734e-02
  -5.4726615548e-02
  5.4881200194e-02
  -1.1396927387e-01
  2.0899487659e-02
  5.6702918373e-03
  5.5898292921e-03
  -3.1101945788e-02
  5.3384439088e-03
  -3.2882545143e-02
  -2.2292369977e-02
  -5.9282737784e-03
  -1.4870546758e-01
  4.2089749128e-02
  4.7655303031e-02
  -7.1451462805e-02
  1.5997257829e-01
  3.4203726798e-02
  1.8857900053e-02
  -5.5644977838e-03
  -4.5183908194e-02
  1.2324823439e-01
  2.5576541200e-02
  2.0417390391e-02
  -2.4573152885e-02
  -1.5930041671e-01
  -1.6652723774e-02
  1.5106658684e-03
  2.1980956662e-03
  -3.2302096486e-02
  2.5503458455e-02
  7.9837217927e-02
  -6.1392481439e-04
  6.1423707753e-02
  2.6193672791e-02
  -3.1445506960e-02
  1.2194997817e-01
  6.1006356031e-02
  8.0348663032e-02
  -1.3331183791e-01
  -7.9203478992e-02
  9.2715278268e-02
  1.3102805614e-01
  -7.0433160290e-03
  -1.4021700621e-01
  -4.6073954552e-02
  -1.0521818884e-02
  2.2041745484e-01
  5.0050802529e-02
  -1.9923187792e-02
  1.9492907450e-04
  -3.2499417663e-02
  2.4298473727e-04
  1.2335550040e-02
  -7.0325054228e-02
  -1.1626674235e-01
  9.6916280687e-02
  2.3753717542e-01
  -2.2550512105e-02
  -6.5878629684e-02
  4.8176612705e-02
  -1.2643815577e-01
  -1.1508504301e-01
  -3.9907675236e-02
  -1.3183929026e-01
  3.1221259385e-02
  1.1046229862e-02
  9.5872282982e-03
  5.5153933354e-03
  -1.9259253144e-01
  1.1939709075e-02
  5.1818501204e-02
  5.4608095437e-02
  -2.7087152004e-02
  -4.8970103264e-02
  -1.1926020496e-02
  -6.6467545927e-02
  1.2821343541e-01
  5.1625519991e-02
  1.0168277472e-01
  1.4431477757e-03
  4.2347308248e-02
  1.7141602933e-02
  -1.1573929340e-01
  1.1270866543e-01
  6.5147675574e-02
  -3.8701776415e-02
  2.3312309757e-02
  -7.4790433049e-02
  4.2168099433e-02
  -1.1529213935e-01
  1.0826079547e-01
  7.8104838729e-02
  2.7105785906e-02
  1.1106077582e-01
  4.5525096357e-02
  1.8389470875e-01
  4.0152400732e-02
  -1.1504425853e-01
  1.0100318491e-01
  2.6965200901e-02
  -1.6611639410e-02
  -3.7327713799e-03
  9.3042403460e-02
  2.8667684644e-02
  -4.2267415673e-02
  3.5881157964e-02
  -1.5129515668e-03
  -1.7901980877e-01
  1.1226073839e-02
  1.7804248258e-02
  2.5449860096e-01
  -1.8487434089e-01
  3.1323500443e-03
  9.0311534703e-02
  -1.2673978927e-03
  -9.0307556093e-02
  1.8863792717e-01
  -7.2451261804e-03
  4.0878802538e-02
  1.2141256779e-01
  1.9132198067e-03
  1.5121378005e-01
  6.5795324743e-02
  -1.6106742260e-04
  7.7044457197e-02
  1.6989891231e-01
  1.5920874476e-01
  3.7205107510e-03
  1.3496539555e-02
  -8.9723113924e-03
  -3.4528769553e-02
  2.1490396932e-02
  9.7884051502e-02
  1.3917322457e-01
  1.5435898304e-01
  4.6336360276e-02
  5.8977875859e-02
  -7.3866426945e-02
  1.2127488852e-02
  -7.4514731765e-02
  8.1797778606e-02
  -1.4190314710e-01
  1.5377420001e-02
  -3.7938248366e-02
  -1.9224208593e-01
  -3.1754400581e-02
  -1.1157501489e-01
  -3.7698912621e-01
  7.9004138708e-02
  -1.7605228722e-01
  1.8880271912e-01
  -6.7349756137e-03
  -7.5939460658e-03
  -1.8530117348e-02
  1.6242793202e-01
  -1.2475857139e-01
  -1.2825138867e-01
  -8.6535379291e-02
  -4.2634945363e-02
  3.4069024026e-02
  -2.2704346478e-01
  5.6069720536e-02
  1.5577820130e-02
  -1.4745113440e-02
  8.5691697896e-02
  5.1281556487e-02
  -2.1482481062e-01
  -2.1617513895e-01
  -1.5278506279e-01
  -2.5441255420e-02
  1.1840603501e-01
  -5.9117067605e-02
  5.4480597377e-02
  -9.1973222792e-02
  2.0647294819e-01
  -7.3797382414e-02
  -3.5014893860e-02
  -8.9450709522e-02
  -1.2017843872e-01
  9.2471332755e-04
  -7.2855547071e-02
  -9.5950938761e-02
  -3.7628510594e-01
  -8.5235863924e-02
  1.7043836415e-01
  -3.4177981317e-02
  -1.1869890243e-01
  -9.8755821586e-02
  7.9646103084e-02
  1.1445722729e-01
  -6.5530434251e-02
  -1.2735397555e-02
  4.9874059856e-02
  5.2060600370e-02
  -2.8796650469e-02
  6.7042633891e-02
  -2.0980918407e-01
  2.6538488269e-01
  -7.1217771620e-03
  7.6129004359e-02
  -1.2140132487e-02
  3.0955234542e-02
  1.4629685879e-01
  3.9547346532e-02
  -2.8275397420e-01
  -6.9553032517e-02
  2.7195462026e-03
  -1.3117147982e-01
  -2.8901115060e-02
  -2.1205050871e-02
  -3.7395983934e-01
  1.3894230127e-01
  -1.2258134037e-01
  -2.2906251252e-01
  -4.1609112173e-02
  -1.3601822779e-02
  -1.0955411196e-01
  3.9626885206e-02
  -3.2706943154e-01
  7.9078115523e-03
  -3.7433325779e-03
  2.3026411235e-01
  -4.9584608525e-02
  -8.3093725145e-02
  -1.9911166281e-02
  1.2027665228e-01
  6.0723911971e-02
  -1.0049075633e-01
  -2.2982606292e-01
  -1.7010892928e-01
  -3.2784190774e-01
  -2.2478872910e-02
  2.3674948514e-01
  -3.2388959080e-02
  3.8387703896e-01
  1.9365374744e-01
  -1.5201036632e-01
  1.4619171619e-01
  1.2347452343e-01
  -2.6864507794e-01
  1.6535784304e-01
  -2.4565227330e-01
  1.0897637606e+00
  -7.4753172696e-02
  -5.9871695936e-02
  7.4755966663e-02
  1.4020260423e-02
  -3.7467930466e-02
  -4.9429439008e-02
  -1.2750852108e-01
  -2.1943177283e-01
  -3.5849845153e-04
  -3.0188841745e-02
  -1.2875771523e-01
  1.2017287314e-02
  9.4007156789e-02
  -8.2135930657e-02
  -1.8936121464e-01
  1.5312884748e-01
  3.2225575298e-02
  1.1258283257e-01
  -1.5103521943e-01
  7.5947050937e-03
  -3.4584084153e-01
  1.3490866125e-01
  -7.8862726688e-02
  -1.9654056430e-01
  1.2455028296e-01
  1.9682875276e-01
  -1.5359470248e-01
  2.7979201078e-01
  3.2235126942e-02
  -5.4139785469e-02
  -2.3184388876e-01
  -2.4202355742e-01
  -3.0994724482e-02
  -2.1159143746e-01
  -1.8213321269e-01
  1.8907268345e-01
  -1.3082602620e-01
  -1.9468815997e-02
  3.8153778762e-02
  -3.1906199455e-01
  3.8242590427e-01
  5.5824052542e-02
  -2.5702444836e-02
  -2.2746610641e-01
  -7.5162932277e-02
  5.1970187575e-02
  -2.5330138206e-01
  -2.5596120954e-01
  -1.7433607578e-01
  -1.7104163766e-02
  1.6504304111e-01
  -2.4691589177e-01
  -1.5451815724e-01
  -1.0499037802e-01
  7.2386227548e-02
  -1.5538677573e-01
  1.3292638958e-01
  -1.5998513997e-01
  -1.6452049837e-02
  1.4657215774e-01
  7.5767241418e-02
  -5.8530837297e-02
  -3.7753291428e-02
  1.4615164697e-01
  -1.7506819963e-01
  2.1786805242e-02
  -1.4469003677e-01
  1.4630447328e-01
  3.0774942040e-01
  -3.4056004137e-02
  1.3805471361e-01
  4.8520565033e-02
  -1.7650398612e-01
  -1.2167308480e-01
  1.8574346602e-01
  1.2951038778e-01
  -2.5312277675e-01
  2.2014872730e-01
  2.3912975192e-01
  1.2189046293e-01
  5.4304886609e-02
  6.0367649421e-03
  -1.3933308423e-01
  -1.0312806070e-01
  -6.3867308199e-03
  9.8784046713e-04
  7.5247660279e-03
  2.1784439683e-01
  8.7395729497e-03
  1.1359021813e-01
  1.8436881900e-01
  2.1586373914e-03
  -4.9571420997e-02
  4.5462403446e-02
  1.8795441836e-02
  -4.3138866313e-03
  -1.9617981743e-03
  -4.0402185172e-02
  2.3334560916e-02
  -2.6109258761e-04
  1.3519713283e-01
  -4.2303740978e-02
  3.2836818136e-03
  1.5758852661e-01
  -2.4283749983e-02
  -1.9701605663e-02
  7.7427192591e-03
  -5.8667780831e-04
  1.5504832380e-02
  2.0414239261e-03
  1.0955946892e-01
  1.0369615257e-01
  1.5960564837e-02
  2.4836617708e-01
  1.9725987688e-02
  -5.3071200848e-02
  3.5473108292e-02
  8.6775608361e-03
  -7.5032534078e-03
  6.2239003181e-01
  -3.2918161154e-01
  -2.8188126162e-03
  2.9862807132e-03
  1.0174645111e-02
  1.4367474243e-02
  2.2708652541e-03
  2.5828212500e-01
  1.6951786354e-02
  1.0127482936e-02
  -3.6476892419e-03
  -1.9339925051e-01
  9.0317890048e-02
  1.3234272599e-01
  -1.6687386669e-03
  -2.9292501509e-02
  2.3151023313e-02
  -1.5667306725e-03
  3.7107884884e-02
  8.7522380054e-03
  -7.5665717013e-03
  1.0060521308e-03
  -7.2165410966e-03
  2.6516725775e-03
  -1.4112390578e-02
  3.3975228667e-02
  -2.7452991344e-03
  2.7494683862e-02
  -4.9989405088e-03
  3.7887394428e-01
  1.9540891517e-03
  -3.7783455104e-02
  5.2355369553e-03
  1.6019606590e-01
  3.9552304894e-02
  -3.8623347878e-02
  -1.1443438008e-02
  2.0497854799e-02
  -8.2147710025e-02
  -8.4200009704e-02
  -3.7591263652e-02
  -1.0335587431e-03
  -1.3019363396e-02
  2.2983100265e-02
  8.3421200514e-02
  -2.5625357032e-01
  -2.1818989515e-01
  4.3586474657e-01
  1.4982151985e-01
  4.9105741084e-02
  2.3881518841e-01
  -1.3575663790e-02
  -1.4348775148e-01
  3.6018589139e-01
  -2.8858709335e-01
  3.4098806977e-01
  1.4696897566e-01
  -9.2748731375e-02
  -1.6647881269e-01
  -2.2624444962e-01
  -1.7217315733e-01
  -7.3331549764e-02
  -9.3096777797e-02
  -9.3163140118e-02
  -3.5378234461e-03
  -9.9860779941e-02
  -2.6308989525e-01
  -2.2453995422e-02
  -7.1935225278e-03
  -2.3400837183e-01
  2.1497964859e-02
  1.9059659541e-01
  -3.4035241604e-01
  9.8207928240e-02
  7.5482472777e-02
  -1.9317212701e-01
  1.7062732577e-01
  1.3502758741e-01
  3.6396279931e-02
  9.4658572925e-04
  -1.6807812452e-01
  -2.6164832711e-01
  -9.1847427189e-02
  -3.0052095652e-01
  -7.6502434909e-02
  5.4115574807e-02
  -5.5077344179e-02
  4.7481629997e-02
  -9.6810944378e-02
  -1.5495058894e-01
  2.0433841273e-03
  -9.6493072808e-02
  1.8978516757e-01
  2.2886116803e-01
  -9.4896093011e-02
  -1.5269720554e-01
  -9.1296091676e-02
  -1.0413396172e-02
  -2.7021759748e-01
  1.2253578007e-01
  3.9723012596e-02
  2.1620702744e-01
  -8.7577089667e-02
  2.0754277706e-01
  -5.4428035021e-01
  -8.0829516053e-02
  9.8664939404e-02
  -2.3976117373e-01
  1.0787983239e-01
  -9.7793966532e-02
  1.1077290028e-01
  6.7656546831e-02
  2.2351527587e-03
  -8.8265771046e-03
  -7.1543239057e-02
  -1.5997892618e-01
  7.6550699770e-02
  -4.9718309194e-02
  -1.1995992810e-01
  1.4799889177e-02
  5.1923792809e-02
  -5.1433324814e-02
  -2.1758660674e-02
  -1.4065878466e-02
  -4.0715247393e-02
  1.7230413854e-01
  4.5038512908e-03
  -1.9952304661e-01
  -1.8340416253e-01
  -7.8852310777e-02
  8.2589142025e-02
  2.2804088891e-02
  -1.4201003313e-01
  -6.1353845522e-03
  -1.5496516600e-02
  8.5447534919e-02
  -2.3636263609e-01
  -2.3863537610e-01
  -5.1493003964e-02
  3.3573586494e-02
  3.8911402225e-02
  -2.2326898575e-01
  -3.9928354323e-02
  -8.3312923089e-03
  -2.1786154807e-01
  -1.5273760259e-01
  3.4306418151e-02
  -1.6048021615e-01
  -5.7547975332e-02
  -4.9194619060e-02
  1.8447981775e-01
  -1.9827082753e-02
  -2.6059594005e-02
  1.4209450781e-01
  8.2883757353e-01
  3.8350033760e-01
  7.0919707417e-02
  2.3976717144e-02
  -4.1628333926e-01
  -1.9715745747e-01
  -2.1612975746e-02
  -2.1854540706e-01
  5.7735186070e-02
  1.9830591977e-01
  1.7718638480e-01
  -2.1001491696e-02
  -9.0461693704e-02
  -3.9516830444e-01
  1.1368251592e-01
  1.0175834596e-01
  8.3254061639e-02
  -6.6413022578e-02
  -9.1263324022e-02
  1.7355386913e-01
  -2.2374367341e-02
  -3.2399460673e-02
  1.2100216746e-01
  2.5356004015e-02
  -3.3194005489e-02
  -4.3066511862e-03
  5.9107959270e-02
  2.2205255926e-02
  -1.8316040933e-01
  -4.4694740325e-02
  -1.3549225405e-02
  7.4042677879e-02
  5.3532011807e-02
  1.2639782391e-02
  1.0974614322e-01
  5.9498332441e-02
  -3.0016025901e-01
  2.1003885195e-03
  -1.6461543739e-01
  -2.5394905824e-03
  -9.2267841101e-02
  -5.2648261189e-02
  9.4147935510e-02
  6.3149280846e-02
  -1.2186674774e-01
  1.0136687197e-02
  -1.0003580898e-01
  6.2109101564e-02
  -1.0814788193e-01
  -7.5150309131e-03
  -1.3156020641e-01
  -3.0593192205e-03
  -5.2524086088e-02
  -1.1278966069e-01
  -7.8246602789e-03
  3.5727154464e-03
  1.3114029542e-02
  8.0129832029e-02
  9.1593563557e-02
  -5.6840535253e-02
  -1.1218004674e-01
  2.8598511592e-02
  9.8896183074e-02
  4.4056591392e-01
  1.3283666968e-01
  6.0702424496e-02
  2.2607645020e-02
  -1.4010378718e-01
  -1.0175359249e-01
  -3.0048832297e-02
  -1.2136457860e-01
  5.1187820733e-02
  5.6497242302e-02
  2.1141859889e-01
  -3.3969301730e-02
  2.2189896554e-02
  -2.9705762863e-01
  4.8512008041e-02
  -8.9352987707e-02
  1.8028675020e-01
  -2.0487280190e-01
  -1.5569855273e-01
  4.4509202242e-01
  3.2386696339e-01
  -5.7109277695e-02
  1.8152268231e-01
  -1.8554508686e-02
  -2.7130416036e-01
  4.8437914252e-01
  -1.4037050307e-01
  -1.5433511138e-01
  -5.4454568774e-02
  -8.9150093496e-02
  -9.4791337848e-02
  -3.0021764338e-02
  -2.0944391191e-01
  -1.5227186680e-01
  8.0956362188e-02
  -9.3071587384e-02
  -2.3249405622e-01
  -3.9483642578e-01
  -1.9011376798e-01
  -1.1155558378e-01
  3.5071846098e-02
  7.7959731221e-02
  -2.3019778728e-01
  3.1818456482e-03
  -5.1395683549e-03
  -5.2028679848e-01
  -2.2337299585e-01
  -1.5896023810e-01
  -2.3423243314e-02
  5.5069423979e-04
  -6.3697420061e-02
  -1.9157744944e-01
  7.2891101241e-02
  -9.1940805316e-02
  -1.5948896110e-01
  -1.1678975075e-01
  -2.7269726992e-01
  -2.7703458071e-01
  -4.9463294446e-02
  1.0379324853e-01
  9.0878434479e-02
  -1.0745819658e-02
  -8.5139811039e-02
  2.9791197181e-01
  2.6705816388e-01
  6.4101114869e-02
  -2.3952160031e-02
  -2.7655231953e-01
  -1.1515658349e-01
  5.2156824619e-02
  -1.0715410113e-01
  -1.2787263095e-01
  -2.6731429622e-02
  5.2521098405e-03
  -5.0995118916e-02
  8.8783547282e-02
  -1.1979687959e-01
  1.7185205221e-01
  2.7953291312e-02
  -4.5802842826e-02
  7.4617333710e-02
  3.8142737001e-02
  -1.7399924994e-01
  -2.1652138233e-01
  6.1621397734e-02
  -3.4496128559e-02
  -1.0900395364e-01
  1.0802504420e-01
  9.6042111516e-02
  1.1254350841e-01
  1.5938660502e-01
  1.6767572612e-02
  1.8381835520e-01
  -1.0243654996e-01
  1.3022542000e-01
  8.8536463678e-02
  3.1109502539e-02
  1.9363224506e-01
  -1.1896835640e-02
  5.9000454843e-02
  -1.2446955591e-01
  1.0435024649e-01
  1.8822804093e-02
  2.2224590182e-02
  1.4978304505e-01
  -1.9106580317e-01
  -8.3072081208e-02
  -1.2635424733e-01
  2.3849049583e-02
  2.5693169236e-01
  1.0061854124e-01
  -9.5218658447e-02
  -5.3932148963e-02
  1.0358129442e-01
  7.1156866848e-02
  1.1507023126e-01
  4.6412602067e-02
  -2.3642349243e-01
  -8.9501410723e-02
  2.9101453722e-02
  -6.9772608578e-02
  -4.0628917515e-02
  1.3106523454e-01
  -3.9863552898e-02
  -7.1888402104e-02
  3.0353652313e-02
  -4.2206272483e-01
  -1.0860323906e-01
  -3.1180139631e-02
  -2.2669616155e-03
  -1.0129874200e-01
  -1.2862198055e-01
  6.9384068251e-02
  -8.4701485932e-02
  -3.3963039517e-01
  3.3975023776e-02
  3.2716058195e-03
  1.6813065112e-01
  -9.2636950314e-02
  -6.8720787764e-02
  1.3766837120e-01
  5.2266761661e-02
  1.0475262254e-01
  -1.8482713029e-02
  1.2806750834e-02
  -1.6880396008e-01
  -6.4702734351e-02
  -4.7669362277e-02
  -5.6445714086e-02
  -8.2056574523e-02
  1.5616114438e-01
  -4.3531719595e-02
  8.2298412919e-02
  6.6689462401e-03
  1.5250258148e-01
  -2.4734377861e-02
  -2.5552488863e-02
  -8.4328733385e-02
  1.3050983660e-02
  4.4425729662e-02
  -9.0946055949e-02
  -6.9762848318e-02
  1.2469156086e-01
  3.2245367765e-02
  3.3064104617e-02
  -4.5649081469e-02
  -3.0899982899e-02
  1.2980519235e-01
  -1.6231194139e-02
  -1.7612098157e-01
  3.1555145979e-02
  2.6100626588e-01
  6.6132187843e-02
  6.0074348003e-02
  6.5039657056e-02
  4.9495480955e-02
  1.5631370246e-01
  -2.6719148736e-03
  2.2608188912e-02
  2.8694279492e-02
  1.1293347180e-01
  -1.1388961226e-01
  7.5737021863e-02
  6.2222931534e-02
  -3.5004052334e-03
  3.2104797661e-02
  5.1801215857e-02
  -3.2143302262e-02
  -1.4504206181e-01
  -3.5751205683e-01
  -1.6626925766e-01
  -5.0806920975e-02
  9.9013455212e-02
  2.0731617510e-01
  1.8047229946e-01
  -7.5157985091e-02
  2.2613605857e-01
  -3.1358953565e-02
  -9.9446877837e-02
  -2.8229507804e-01
  3.6344315857e-02
  7.1305640042e-02
  2.3385147750e-01
  -1.0511418432e-01
  1.3598287478e-02
  -2.3514698446e-01
  1.3662479818e-01
  -6.6100046039e-02
  1.0078260303e-01
  -2.9625434428e-02
  8.7820656598e-02
  6.1662938446e-02
  -3.2782416791e-02
  -7.0672482252e-02
  1.2982722372e-02
  8.2131132483e-02
  -3.8446564227e-02
  3.0138144270e-02
  1.6338841990e-02
  2.0013727248e-02
  -9.1460794210e-02
  -2.1960530430e-02
  -9.6576502547e-03
  1.4956476167e-02
  -8.7743543088e-02
  1.0874016583e-01
  -1.1882711202e-01
  9.2566814274e-03
  -2.0439743996e-02
  1.9312636554e-01
  -6.6065294668e-03
  -3.5815697163e-02
  -1.0986547917e-01
  2.8822673485e-02
  7.0746108890e-02
  -1.7228986323e-01
  3.3110801131e-02
  4.1076433845e-03
  4.5883551240e-02
  2.9044166207e-02
  1.6711821780e-02
  -2.6682022959e-02
  -1.4892138541e-01
  4.3191425502e-02
  -1.0335188359e-01
  -3.5692144185e-02
  -8.9767836034e-02
  -5.6312110275e-02
  1.9783768803e-02
  3.4620095044e-02
  -9.8525183275e-03
  -1.2591344304e-02
  1.5186627861e-03
  -1.2831783295e-01
  -1.6163615510e-02
  1.5415416658e-01
  1.2171830982e-01
  -2.3032452911e-02
  5.5348541588e-02
  -6.4309090376e-02
  -3.7136080861e-01
  -1.2307086587e-01
  -7.2976775467e-02
  -3.4224316478e-02
  -5.5280607194e-02
  2.2870548069e-02
  6.3061574474e-04
  3.9304133505e-02
  4.0317472070e-02
  1.5614363551e-01
  -1.6522914171e-01
  -1.8729180098e-01
  2.1557088941e-02
  -1.5495465137e-02
  4.0967144072e-02
  1.1384135112e-02
  7.7710665762e-02
  1.9924269989e-02
  6.8052648567e-03
  -5.7145986706e-02
  1.4538041316e-02
  -2.0822805166e-01
  3.5343747586e-02
  -2.6653613531e-05
  6.9388575852e-02
  -8.1239193678e-02
  -4.0101753548e-03
  -1.0862374306e-01
  -1.0549060255e-01
  4.0014907718e-02
  1.5542247333e-02
  6.1953794211e-02
  2.4838037789e-01
  -9.4383535907e-04
  9.5770118060e-04
  1.6863161698e-02
  9.2658914626e-02
  1.9278287888e-02
  4.6089477837e-02
  1.8417943269e-02
  -3.9966795594e-02
  -5.1078714430e-02
  -1.1533092707e-01
  1.2767353654e-01
  1.1025358737e-01
  4.4187419116e-02
  6.6200561821e-02
  4.4599790126e-02
  -5.5375736207e-02
  -9.2734239995e-02
  -2.4626690894e-02
  -4.8302087933e-02
  2.9309136793e-02
  2.5335988030e-02
  -1.1289568990e-01
  2.8873836994e-01
  -1.1786893755e-01
  -4.1152633727e-02
  3.2453510910e-02
  6.0212645680e-02
  -2.2644005716e-02
  4.0318388492e-02
  8.3079926670e-02
  1.3610047102e-01
  -1.0822656006e-01
  -3.4998774529e-02
  1.4116911590e-01
  -3.8615461439e-02
  9.2172056437e-02
  2.2181980312e-02
  2.1215514839e-01
  7.5559288263e-02
  -3.5290572792e-02
  -7.7717773616e-02
  1.9508413970e-01
  1.2467789650e-01
  -9.8773606122e-02
  8.0051071942e-02
  -8.8010346517e-03
  -1.6261087358e-01
  1.0434416682e-01
  7.6518184505e-04
  -1.0855923593e-01
  6.0033429414e-02
  1.2818834186e-01
  1.7721563578e-02
  -2.5673031807e-02
  -7.5061999261e-02
  -2.1196737885e-01
  9.8611466587e-02
  -1.4731931686e-01
  -2.2938847542e-01
  -1.8722221255e-01
  -5.3320288658e-02
  1.4350166544e-02
  7.1672392078e-03
  -7.4382647872e-02
  6.0278370976e-02
  1.5051203966e-01
  -6.4669631422e-02
  -2.4567608535e-01
  1.6483066604e-02
  -1.2646548450e-01
  1.3554655015e-01
  5.3346674889e-02
  -1.6203150153e-01
  3.1106345356e-02
  -8.3596982062e-02
  -1.4476820827e-01
  -2.8733104467e-02
  -6.6729195416e-02
  -1.0523670167e-01
  -7.1796901524e-02
  -3.6496438086e-02
  1.8298445269e-02
  -8.9138165116e-02
  5.4547853768e-02
  -4.1808546521e-03
  3.5193774104e-01
  1.1827739328e-01
  8.7671943009e-02
  3.4895882010e-02
  -2.8506734967e-01
  -1.5669929981e-01
  1.4560350776e-01
  -5.8053728193e-02
  7.4219569564e-02
  1.9832363725e-01
  -2.0207149908e-02
  -7.6642301865e-03
  8.9594908059e-02
  -5.0096452236e-01
  1.4655229449e-01
  1.2758752704e-01
  -7.3992758989e-02
  -4.3401118368e-02
  -1.4912419021e-01
  2.1927547455e-01
  4.7271337360e-02
  -7.4685022235e-02
  2.6198923588e-01
  1.5538096428e-01
  -1.7812551558e-01
  2.1117502451e-01
  -6.4274147153e-02
  6.0480922461e-02
  5.0029970706e-02
  -2.3013776168e-02
  -8.2040861249e-02
  4.4709037989e-02
  -3.5624068230e-02
  -9.7442105412e-02
  3.6764562130e-02
  -9.4621360302e-02
  -1.4014974236e-01
  -2.1839106083e-01
  -4.3503236026e-02
  -2.5591587648e-02
  -3.2152454369e-03
  -1.0904143006e-01
  1.2611401081e-01
  2.1088065207e-01
  -4.5748628676e-02
  -1.7564594746e-01
  -3.8111828268e-02
  -2.4023094773e-01
  3.9345927536e-02
  4.1542407125e-02
  -7.3638692498e-02
  2.3748593405e-02
  4.7246757895e-02
  -1.6356307268e-01
  -4.9128150567e-04
  7.2015702724e-02
  -1.4248186350e-01
  -4.5046512038e-02
  -8.6795650423e-02
  -4.8380576074e-02
  -6.7931555212e-02
  3.9902333170e-02
  5.0668306649e-02
  2.5916403532e-01
  3.0416008830e-01
  8.0537699163e-02
  -1.1903730780e-01
  -1.7774710059e-01
  -1.0738749802e-01
  -1.0505914688e-01
  -1.5268228948e-01
  3.2428547740e-02
  -2.2915715817e-03
  1.2580551207e-02
  -9.7124159336e-02
  1.0485689156e-02
  -3.3481952548e-01
  1.0733669996e-01
  1.0632019490e-01
  -1.5600108542e-02
  7.4410118395e-04
  6.3471689820e-02
  -3.9829173684e-01
  7.0178806782e-02
  9.9762283266e-02
  -1.0983088613e-01
  8.6800660938e-03
  3.1232795119e-01
  -6.8600527942e-02
  5.1937565207e-02
  1.2862128019e-01
  1.5703877807e-01
  4.5196719468e-02
  2.4167738855e-01
  1.4807708561e-01
  1.9543327391e-01
  1.1479090154e-01
  1.0124170780e-01
  5.5726271123e-02
  2.4196998775e-01
  1.8525217474e-01
  4.9312341958e-02
  -6.4181103371e-03
  9.5914164558e-03
  1.8614468863e-03
  9.5665149391e-02
  7.4226008728e-03
  -9.4159662724e-02
  3.8779026270e-01
  1.2436899543e-01
  1.9889762998e-01
  1.1213047802e-01
  -2.2707945108e-01
  2.3176331818e-01
  1.2176129967e-01
  -5.9398025274e-02
  6.1709102243e-02
  2.8442582488e-01
  -2.4046009779e-01
  2.0210294053e-02
  8.3066731691e-02
  1.1307490617e-01
  -5.7770498097e-02
  1.2848635018e-01
  -2.0810520649e-01
  -1.7170196772e-01
  -1.1527252942e-01
  1.3355496526e-01
  -2.1939992905e-01
  7.7376574278e-02
  1.8513302505e-01
  3.7498071790e-01
  -3.0655466020e-02
  -2.6237653568e-02
  -2.3866133392e-01
  -4.3562790751e-01
  -5.6242633611e-02
  -1.4212061465e-01
  1.2154106796e-01
  7.2677969933e-01
  -6.6233880818e-02
  -6.5264165401e-02
  1.7179364339e-02
  -4.8523612320e-02
  7.6754346490e-02
  -3.8883611560e-01
  -2.0175549388e-01
  3.3027675003e-02
  8.4224842489e-02
  1.4655129611e-01
  2.9535284638e-01
  -1.6854176298e-02
  2.8899902478e-02
  4.3640587479e-02
  9.6234850585e-02
  6.9414392114e-02
  -1.8835432827e-02
  2.2087134421e-01
  5.1513716578e-02
  9.5358073711e-02
  3.9561553858e-03
  7.8538060188e-02
  -8.5754059255e-03
  2.5379493833e-01
  -5.8503665030e-02
  1.4769807458e-01
  1.6246192157e-02
  2.3332162201e-01
  -7.7654860914e-02
  4.6945217997e-02
  9.2960909009e-02
  1.2753218412e-01
  2.3212811351e-01
  1.0501860827e-01
  2.2938678041e-02
  -6.5177485347e-02
  1.3953702152e-01
  5.7277005166e-02
  3.0510719866e-02
  4.6398464590e-02
  -1.3808466494e-01
  9.5480708405e-03
  1.0865055770e-01
  9.7591035068e-02
  7.7542081475e-02
  3.5939894617e-02
  -9.2465095222e-02
  6.3359956257e-03
  -6.3304550946e-02
  5.9909816831e-02
  1.1305469275e-01
  -9.2994756997e-02
  -5.9548248537e-03
  2.2491028905e-01
  1.1645508558e-01
  -9.2604860663e-02
  -1.1476301588e-02
  -1.9024856389e-02
  1.7005698755e-02
  -2.5948861241e-01
  2.5267900899e-02
  -1.5607567132e-01
  4.4110190868e-01
  -1.5556130558e-02
  -3.6403510720e-02
  1.1535733193e-01
  9.2177130282e-02
  2.5891972706e-02
  6.6724881530e-02
  -3.2921474427e-02
  1.0209549218e-03
  -1.7347963527e-02
  3.2022185624e-02
  -1.8431788683e-01
  6.4068451524e-02
  1.0308564454e-01
  -1.2266120873e-02
  1.0916937143e-01
  -1.0526016355e-02
  -9.0704770992e-04
  9.0517915785e-02
  -8.1281706691e-02
  1.0997955687e-02
  2.5102179497e-03
  -1.2229502201e-02
  1.4714565873e-01
  -1.7983481288e-01
  -5.2608072758e-02
  2.4861626327e-02
  2.5697463751e-01
  -6.9990716875e-03
  -7.6726309955e-02
  -4.3341074139e-02
  -1.3064184785e-01
  4.2082268745e-02
  -2.3825307190e-01
  -8.7400861084e-03
  5.6138481945e-02
  -6.5811455250e-02
  1.2628543377e-01
  -3.0017968267e-02
  -7.0849388838e-02
  1.3315409422e-01
  1.4425431145e-03
  -1.8982987106e-01
  -5.2296426147e-02
  2.8787903488e-02
  7.6739117503e-03
  -5.1327487454e-03
  -6.3523083925e-02
  4.9726799130e-02
  3.0103217810e-02
  -1.6361691058e-01
  -1.1665203422e-01
  -5.5503595620e-02
  2.0313866436e-01
  -9.8777934909e-02
  1.0768508539e-02
  -6.6635958850e-02
  -1.0285137594e-01
  -4.8179709911e-01
  -1.5517271124e-02
  -2.0314228535e-01
  1.5224032104e-01
  -2.9711109400e-01
  1.2543582916e-01
  1.9028183073e-02
  5.1296252757e-02
  1.8656416237e-01
  2.2633378208e-01
  1.1660747230e-01
  -2.5618329644e-01
  -7.1604266763e-02
  3.1334355474e-02
  -5.2655175328e-02
  7.0686750114e-02
  1.6880758107e-01
  -4.0705955029e-01
  1.8870989978e-01
  -1.8177228048e-02
  -1.4587850869e-01
  1.7794944346e-01
  2.1346807480e-01
  -4.1659109294e-02
  1.4369320869e-01
  1.5429669991e-02
  1.3358300924e-01
  4.6380683780e-02
  -9.2997997999e-03
  -1.1434398592e-01
  1.9477911294e-01
  -1.1187038571e-01
  1.8000192940e-02
  2.1340866387e-01
  -2.3037673533e-01
  -2.2281883284e-02
  1.3002444804e-01
  -3.6334720254e-01
  -1.7385479063e-02
  9.9140852690e-02
  -5.7868003845e-02
  -1.1133135110e-01
  3.4286208451e-02
  1.1446576566e-01
  3.3863846213e-02
  1.1135284603e-01
  -4.4925611466e-02
  1.6193771735e-02
  8.1191793084e-02
  -4.6940978616e-02
  9.9471785128e-02
  7.4165053666e-02
  1.4633464813e-01
  1.8136395514e-01
  6.0654621571e-02
  6.4176932210e-04
  -1.1372552253e-02
  -1.5907090902e-01
  -1.1923900805e-02
  1.4362893999e-01
  -7.0456182584e-03
  -3.6907054484e-02
  6.5795987844e-02
  -3.7944045663e-01
  -2.1904824674e-01
  -2.0781892538e-01
  -6.1384402215e-04
  -1.1752322316e-01
  5.4050374031e-01
  8.1724368036e-02
  -3.8069929928e-02
  5.9139344841e-02
  7.7950522304e-02
  -1.4370521903e-01
  1.0670952499e-01
  -2.2195072845e-02
  5.8011960238e-02
  2.7523495257e-02
  -8.7604708970e-02
  -2.9267126322e-01
  2.6968497783e-02
  6.3751176000e-02
  -1.0450948775e-01
  -9.0517193079e-02
  1.7393581569e-02
  -7.5913898647e-02
  -5.0189416856e-02
  -2.3177711293e-02
  -3.9111800492e-02
  9.4933241606e-02
  -5.9297818691e-02
  -3.4820839763e-01
  1.3395182788e-01
  -8.2130515948e-03
  -4.0026381612e-02
  6.6774122417e-02
  -1.6821114719e-01
  5.0022773445e-02
  1.4030027390e-01
  -2.5585971307e-03
  -3.6958625913e-01
  -8.1308543682e-02
  -1.2728261948e-01
  5.0070095807e-02
  5.3112354130e-02
  -1.7916080356e-01
  1.2338574976e-02
  2.6590067893e-02
  6.3265576959e-02
  -9.5928937197e-02
  4.9741897732e-02
  -1.4655328356e-02
  -6.1644159257e-02
  -9.6050962806e-02
  4.1434891522e-02
  -4.2692989111e-02
  6.0255631804e-02
  9.0217448771e-02
  4.0209373832e-01
  3.5028845072e-01
  7.5778737664e-02
  2.7556609362e-02
  -2.2913229465e-01
  -2.2815217078e-01
  2.1039558947e-01
  -7.6642058790e-02
  -1.3101387769e-02
  1.7605561018e-01
  2.0860008895e-01
  -1.0029973835e-01
  -3.2736629248e-02
  -3.2491895556e-01
  8.1522449851e-02
  7.5625605881e-02
  1.9806157053e-01
  9.9205426872e-02
  6.8323753774e-02
  -2.0035836101e-01
  -3.1072678044e-02
  6.0441084206e-02
  -5.1042556763e-02
  -1.0263793916e-01
  1.6896845400e-01
  -1.4791423455e-02
  -2.3981310427e-02
  3.2256409526e-02
  -1.3528670184e-02
  5.5588759482e-02
  -1.8306432292e-02
  -4.2608544230e-02
  7.5159430504e-02
  3.4179493785e-02
  -7.9467505217e-02
  1.0297020525e-01
  1.9369786978e-01
  1.3800969720e-01
  5.9957668185e-02
  1.2907584012e-01
  -1.2194032222e-01
  9.3089438975e-02
  -1.3620132208e-01
  -1.7855258286e-01
  2.0757097751e-02
  2.2718101740e-01
  1.1971633136e-01
  1.2213106453e-01
  4.9978192896e-02
  6.3732052222e-03
  1.6289617121e-01
  1.5910947695e-02
  -5.8266386390e-02
  1.6188831627e-01
  2.7544669807e-02
  6.1525359750e-02
  4.4591996819e-02
  1.4446988702e-01
  7.7586792409e-02
  -8.6662009358e-02
  -6.3181370497e-02
  1.0143867880e-01
  1.0593037307e-01
  -2.6264882088e-01
  -3.0405947566e-01
  -1.0393474996e-01
  9.0731911361e-02
  3.5505363345e-01
  1.8150830269e-01
  -7.1659117937e-02
  5.9991408139e-02
  -1.2369825505e-02
  -6.2207635492e-02
  -1.4668619633e-01
  -2.1216098219e-02
  1.5563313663e-01
  2.8878846765e-01
  -1.2633499503e-01
  4.3990787119e-02
  -1.8101784587e-01
  -7.2984494269e-02
  6.1366654932e-02
  1.0965241492e-01
  1.3678060472e-01
  -6.5775513649e-02
  -7.4291303754e-02
  -3.9308775216e-02
  -9.1383650899e-02
  7.6436392963e-02
  -3.6746781319e-02
  -3.8438808173e-02
  -9.9589757621e-02
  2.1551527083e-02
  -4.1676737368e-02
  6.8220891058e-02
  5.2738521248e-02
  -2.7499565855e-02
  -2.2500764579e-02
  -6.9143421948e-02
  -2.0330645144e-01
  -8.5233561695e-02
  6.7488186061e-02
  3.7014331669e-02
  1.0283490270e-01
  -8.7439462543e-02
  1.4780464582e-02
  5.3882196546e-02
  1.0769908875e-01
  -1.7870005965e-01
  -8.5676930845e-02
  -9.5704704523e-02
  -2.0699603483e-02
  -7.3157854378e-02
  -1.4891941845e-01
  4.6093411744e-02
  1.2619376183e-02
  -4.0555305779e-02
  -5.1586195827e-02
  -5.9027194977e-02
  -1.0479059070e-01
  6.8715042435e-03
  -3.3507049084e-02
  -1.4586690813e-02
  3.0264435336e-02
  -1.1864487082e-02
  -3.7159405649e-02
  4.9919366837e-02
  2.4180883169e-01
  3.2678388059e-02
  1.6653785482e-02
  -4.6765804291e-02
  -1.4217169583e-01
  1.9928643107e-01
  -2.0839340985e-01
  -1.4696562290e-01
  -6.6283983178e-03
  1.2207473069e-01
  -5.9534091502e-02
  -8.2701690495e-02
  -2.0948781073e-01
  5.3255435079e-02
  1.9466064870e-01
  3.7532439828e-01
  2.6441711932e-02
  -6.0738928616e-02
  1.7560520768e-01
  4.9983974546e-02
  6.8409301341e-02
  1.0554713011e-01
  1.0750452057e-02
  -2.1075999737e-01
  1.0216853768e-01
  -1.7623627186e-01
  -2.2418143228e-02
  -7.8766144812e-02
  1.3271470089e-03
  -3.9752744138e-02
  -8.5123717785e-02
  -8.1323921680e-02
  -1.1568912119e-01
  5.1543366164e-02
  5.8639617637e-03
  -2.7181422710e-01
  -6.5166480839e-02
  -1.2841112912e-01
  2.8651613742e-02
  -1.2867318094e-01
  -1.9535496831e-02
  -1.3438969851e-02
  -1.3178566471e-02
  4.0810074657e-02
  -2.0699244738e-01
  6.3855290413e-02
  -8.7913505733e-02
  6.1375938356e-02
  1.2628583610e-01
  -1.5838570893e-01
  -9.7815776244e-03
  6.4557760954e-02
  -8.7058916688e-02
  -3.5369884223e-02
  3.9000123739e-02
  -1.1267379671e-01
  -4.8009801656e-02
  -1.0401856154e-02
  4.6674087644e-03
  -2.3522056639e-02
  4.0119577199e-02
  3.8368157111e-03
  4.2322012782e-01
  3.0949887633e-01
  1.0495482385e-01
  1.7844075337e-02
  -9.1741405427e-02
  -9.2909470201e-02
  1.6349957883e-01
  -1.3745169342e-01
  1.6277854145e-01
  7.8937113285e-02
  1.3365153968e-01
  1.7373140901e-02
  -1.3970589638e-01
  -1.9674542546e-01
  9.8094470799e-02
  -2.1996591240e-02
  2.4688921869e-02
  -1.9646997750e-01
  -3.5796351731e-02
  5.0001209974e-01
  -9.4119064510e-02
  -1.9533543289e-01
  5.3165936470e-01
  -1.9510553777e-01
  -3.7697651982e-01
  -4.2778387666e-02
  -8.9119441807e-02
  -4.9700785428e-02
  8.8160690211e-05
  -1.1133197695e-03
  1.0818392038e-01
  1.8128193915e-01
  9.3932151794e-02
  -2.4690626562e-01
  3.7288406491e-01
  -1.1703739315e-01
  -3.3005115390e-01
  -4.9796216190e-03
  -1.5642797947e-01
  -2.2173239291e-01
  2.3416097462e-01
  -1.8853089213e-01
  -8.9798726141e-02
  -7.1812111139e-01
  1.9469752908e-02
  8.3787602186e-01
  1.1736664176e-01
  -6.5593861043e-02
  -1.9395582378e-01
  -1.6735371947e-01
  1.3012613356e-01
  -4.5682284236e-01
  -1.7700117826e-01
  -3.5805764794e-01
  3.3956456184e-01
  -6.5842908621e-01
  5.0080375513e-04
  -3.8442856073e-01
  1.3247081079e-02
  -6.4027971029e-01
  -3.0787897110e-01
  -2.0595391095e-01
  -2.0846641064e-01
  -8.7966793776e-01
  1.4456900358e+00
  2.0614771545e-01
  1.5800514817e-01
  -1.4885163307e-01
  1.0156673193e-01
  -1.0690804571e-01
  8.5125923157e-01
  1.9018216431e-01
  1.2212936878e+00
  8.7106108665e-01
  -6.9567121565e-02
  7.1479326487e-01
  6.3056832552e-01
  1.9601868093e-01
  -4.1299021244e-01
  4.9912858009e-01
  1.4732222073e-02
  -2.3247152567e-01
  -3.2436630130e-01
  -1.1451702565e-01
  -2.4862432852e-02
  -1.4647497237e-01
  -9.3489587307e-02
  -2.1368984599e-03
  -6.7375539802e-03
  -5.5627442896e-02
  4.8456504941e-02
  1.4003320597e-02
  -9.9650758784e-04
  -3.6669228226e-02
  4.6858094633e-02
  -7.6948385686e-03
  3.0800823122e-02
  -9.4992123544e-02
  2.3958215490e-02
  1.0365060717e-01
  1.3723577559e-01
  8.0201894045e-02
  1.3981876895e-02
  -5.3307712078e-02
  4.1150070727e-02
  -4.3255589902e-02
  -2.7182346210e-02
  1.1673437431e-02
  5.9922073036e-02
  1.1466543190e-02
  -4.7910004854e-02
  4.2798545212e-02
  -6.8771623075e-02
  6.7317396402e-02
  -7.6809152961e-03
  1.7922993749e-02
  9.9140591919e-02
  -1.1520626722e-03
  2.2286014631e-02
  -1.0533918627e-02
  6.6233597696e-02
  6.5648458898e-02
  -2.3119457066e-02
  -9.4362385571e-02
  6.5669052303e-02
  5.5451028049e-02
  -2.8269384056e-02
  -1.1600007862e-01
  -1.0533654131e-02
  -6.9070056081e-02
  4.7189369798e-02
  7.9875156283e-02
  4.0976360440e-02
  1.6075360775e-01
  2.6145827770e-01
  -1.9617035985e-02
  1.7104178667e-02
  1.2627410702e-02
  -7.8685386106e-03
  8.5776992142e-02
  -4.0002390742e-02
  2.6513040066e-02
  -8.1314578652e-02
  -2.9385467991e-02
  8.0926239491e-02
  -2.9334142804e-01
  -7.5449831784e-03
  1.2501341105e-01
  9.0905562043e-02
  -3.2381634228e-03
  3.3610755205e-01
  1.1887770146e-01
  9.7247183323e-02
  5.9212666005e-02
  1.5855148435e-02
  -9.7137363628e-03
  1.1594945192e-01
  1.5820787847e-01
  1.3782498240e-01
  2.0658260584e-01
  2.1084481478e-01
  5.6501474231e-02
  2.3394925892e-01
  2.3339043558e-01
  3.5691004246e-02
  -6.0310261324e-03
  8.3607763052e-02
  1.0644133389e-01
  -5.5751278996e-02
  1.1410509236e-02
  -7.0052869618e-02
  1.2361653149e-01
  2.7646729350e-01
  -7.6657114550e-03
  8.9322835207e-02
  -4.2075064033e-02
  1.2356240302e-01
  -1.9201545045e-02
  -3.7042889744e-02
  1.4990109205e-01
  -4.2466543615e-02
  -1.1772109568e-01
  2.0452430844e-01
  1.5742141753e-02
  5.1398504525e-02
  7.9451009631e-02
  -5.7303924114e-02
  2.0930711925e-01
  1.4501067996e-01
  -1.9543884695e-01
  9.0879835188e-02
  -7.2454765439e-02
  3.8158223033e-02
  4.5225299895e-02
  9.5766521990e-02
  3.7189923227e-02
  1.2472942472e-01
  -1.4480634034e-01
  -7.8263886273e-02
  -4.1983410716e-02
  1.2434214354e-02
  -1.0605751723e-01
  4.4205945730e-01
  -1.1062664539e-01
  -1.5675063431e-01
  -1.6866770387e-01
  2.1064752340e-01
  2.1198846400e-01
  -2.6813814044e-01
  -1.4287583530e-01
  1.1981838197e-01
  -4.0779080987e-01
  2.0025536418e-02
  4.0218243003e-01
  -5.1503008604e-01
  2.4601210654e-01
  -1.1409806460e-01
  4.1513387114e-02
  -7.4924096465e-02
  2.9506781697e-01
  3.5206449032e-01
  2.5848227739e-01
  1.3583938777e-01
  7.4486292899e-02
  4.3824305758e-03
  1.8756587058e-02
  2.8077286482e-01
  2.9031813145e-01
  2.1413968503e-01
  -6.9977961481e-02
  1.7653872073e-01
  2.3785579205e-01
  -1.5844401717e-01
  1.0959731787e-01
  -9.5087978989e-03
  -1.4833675325e-01
  7.3533788323e-02
  -7.5569003820e-02
  -1.6917645931e-01
  -1.1195963621e-01
  1.9097584486e-01
  3.5121527314e-01
  8.2086235285e-02
  1.8367633224e-01
  -1.8146857619e-01
  6.4409762621e-02
  -4.5735724270e-02
  -1.9997764379e-02
  -3.1112229452e-02
  1.0498765856e-01
  1.8771962821e-01
  9.2212669551e-03
  -1.2086332776e-02
  7.8548327088e-02
  -2.3083806038e-01
  -1.0961446166e-01
  1.3839629479e-02
  1.5384481847e-01
  4.9045301974e-02
  -1.0574467480e-01
  6.7990474403e-02
  -3.4863615036e-01
  1.1481225491e-01
  9.2672444880e-02
  -1.0920283198e-01
  8.9036327600e-01
  7.2151817381e-02
  1.0926243663e-01
  1.4141939580e-01
  8.6917757988e-02
  1.2679616921e-02
  -5.9324134141e-02
  -2.2086191922e-02
  9.2335507274e-02
  1.1624816060e-01
  -4.1100773960e-02
  -1.2856570538e-03
  2.8068248648e-03
  -2.1818887442e-02
  4.5800291002e-02
  -2.2342892364e-02
  -6.1373978853e-02
  -4.8660632223e-02
  9.2172339559e-02
  4.7957009519e-04
  3.2626185566e-02
  -6.8119086325e-02
  -2.2693552077e-02
  6.5038770437e-02
  2.0737173036e-02
  5.0542488694e-02
  -5.3036130965e-02
  -3.1718146056e-02
  3.5099068191e-03
  7.3180720210e-02
  7.4519157410e-02
  2.0476059988e-02
  -1.4314885437e-01
  1.4715303481e-01
  -1.6045987606e-02
  2.0737128332e-02
  -5.0132509321e-02
  8.5346601903e-02
  -2.9202045873e-02
  -2.1994352341e-02
  8.0274283886e-02
  -9.7747080028e-02
  1.1381996423e-01
  7.8171655536e-02
  1.3504336774e-01
  -2.7510891668e-03
  2.9537796974e-02
  -6.7014306784e-02
  -2.4372803047e-02
  -7.4889242649e-02
  6.3997223973e-02
  -6.6024549305e-02
  8.1819951534e-02
  -2.2323003039e-02
  1.7090232670e-01
  1.4493998140e-02
  -9.9056726322e-04
  1.3222405314e-01
  2.0824508369e-01
  9.2615798116e-02
  2.5899013877e-01
  -2.2363632917e-02
  3.6039371043e-02
  -1.2764330022e-02
  -3.8251869380e-02
  8.5196107626e-02
  -3.2560092211e-01
  7.8417912126e-02
  -8.6472123861e-02
  1.0313934088e-01
  2.1826118231e-02
  2.3587880656e-02
  6.0100000352e-02
  -2.8638178483e-02
  -1.5869490802e-01
  8.8886804879e-02
  -5.8975961059e-02
  -5.3147948347e-03
  -7.8319922090e-02
  -3.5816248506e-02
  3.9444759488e-02
  -2.8963345103e-03
  7.1130350232e-02
  -4.8374943435e-02
  4.8497464508e-02
  -1.3249595463e-01
  -1.2484626472e-01
  -7.9699374735e-02
  4.2765989900e-02
  -1.0568442941e-01
  -2.2835815325e-02
  -1.2993095815e-01
  1.4034025371e-01
  9.5853485167e-02
  2.3915807251e-03
  -2.4802118540e-01
  5.2424453199e-02
  -5.2195850760e-02
  2.6185739785e-02
  1.4018436894e-02
  -1.7354497313e-01
  -2.2510586306e-02
  -5.2272912115e-02
  -2.0215557888e-02
  7.0926942863e-03
  2.0345123485e-02
  -2.2415293753e-01
  -9.6542462707e-02
  -8.6901098490e-02
  3.0018303543e-02
  1.0964366607e-02
  1.0300429910e-01
  -1.3417213224e-02
  5.8096206188e-01
  2.0911894739e-01
  6.6700719297e-02
  2.8966749087e-02
  -1.3822750747e-01
  -1.0453236103e-01
  5.5495807901e-03
  -1.2455289811e-01
  3.6884880066e-01
  4.9913427792e-03
  2.1216085553e-01
  -3.3229552209e-02
  -1.7214095220e-02
  -1.6523148119e-01
  6.3315168023e-02
  -3.8426630199e-02
  -1.1011144670e-04
  -3.6799078807e-03
  1.0316598415e-01
  -2.6205796003e-01
  -1.9251321256e-01
  2.6130473614e-01
  1.8141468987e-02
  7.7590122819e-02
  2.6989755034e-01
  3.4624405205e-02
  1.2422814965e-01
  1.9299513102e-01
  2.3114909232e-01
  1.7055287957e-01
  2.2120314837e-01
  1.2188379467e-01
  1.7999663949e-01
  2.0575369895e-01
  -1.5993753448e-02
  1.3372698426e-01
  3.5416153073e-01
  1.4676074684e-01
  -1.6870709136e-02
  2.3952753842e-01
  -7.9226441681e-02
  7.5620494783e-02
  1.7359425128e-01
  3.1125122309e-01
  3.3186264336e-02
  9.9729053676e-02
  2.5869598985e-01
  7.8973378986e-03
  1.6968626529e-02
  2.5959295034e-01
  1.0037375987e-01
  1.8573100865e-01
  -7.1723245084e-02
  3.0107477680e-02
  -2.4685205519e-01
  -1.0565076023e-01
  4.3983012438e-02
  -5.9017138556e-03
  -1.1120790988e-01
  1.3475772738e-01
  1.5084888786e-02
  -1.4365873300e-02
  2.1887962520e-01
  -7.7343419194e-02
  1.7696431279e-01
  -1.9253981113e-01
  -7.0181302726e-02
  -4.1926315427e-01
  3.0371508002e-01
  1.4627329074e-02
  -1.8523003161e-01
  -2.3044563830e-01
  -2.8133553267e-01
  -6.7323505878e-02
  1.8764710426e-01
  -1.9621071219e-01
  1.2290764600e-01
  -5.7844709605e-02
  1.4510099776e-02
  -1.8734152615e-01
  -1.5353326499e-01
  -2.0953090489e-01
  2.9986375570e-01
  4.3591640890e-02
  -8.0075196922e-02
  2.7565749362e-02
  5.6016195565e-02
  -2.0091773570e-01
  1.6852323711e-01
  -9.3349218369e-02
  7.0466019213e-02
  1.3825029135e-01
  -1.2802076340e-01
  -9.2406027019e-02
  -1.2312003970e-01
  -8.6183883250e-02
  -2.1192680299e-01
  1.1562564969e-01
  -2.1743315458e-01
  -3.1671184301e-01
  -1.8930804729e-01
  -1.8656876683e-01
  2.5467005372e-01
  1.6699336469e-02
  -1.4172202349e-01
  1.4692448080e-01
  2.1358964965e-02
  2.7765450999e-02
  5.5669356138e-02
  5.3029991686e-02
  -1.8799977005e-01
  1.2820549309e-01
  -7.6461136341e-02
  -6.5169990063e-02
  1.0359982960e-02
  -4.1055150330e-02
  -1.8135906756e-01
  5.4394435138e-02
  -1.8692268431e-01
  -1.0047080368e-01
  -1.3289465010e-01
  -9.2126699165e-03
  -6.4283050597e-02
  -2.7298239991e-02
  3.3902294934e-02
  -6.5308563411e-02
  5.1385271549e-01
  1.3147479296e-01
  1.4481037855e-01
  -8.2184642553e-02
  -1.9608722627e-01
  -7.1293838322e-02
  1.1967343837e-01
  -2.3417198658e-01
  1.8680021167e-01
  2.0242482424e-01
  -1.8649540842e-01
  2.6155073196e-02
  -2.3112049326e-02
  -5.2186095715e-01
  5.0503097475e-02
  1.0008277372e-02
  -2.8212723136e-01
  7.0837318897e-02
  -1.0830498487e-01
  -1.3362398744e-01
  -1.1408915371e-01
  -5.0600644201e-02
  -1.2217243761e-01
  1.4841071330e-02
  -1.1757994071e-02
  3.9458140731e-02
  -2.4370737374e-02
  2.7625390794e-03
  2.3156446405e-03
  -6.0397498310e-02
  1.7730020918e-03
  9.6639893949e-02
  2.8507491574e-02
  -2.1984115243e-02
  -6.8649470806e-02
  -2.6678845286e-02
  1.2799270451e-01
  2.1223546937e-02
  2.3895109072e-02
  -2.1726187319e-02
  1.5373504721e-02
  2.1340051666e-02
  7.2376638651e-02
  -7.2553709149e-02
  2.0108710974e-02
  -3.1826321501e-03
  9.8349131644e-02
  2.3868108168e-02
  -3.9043236524e-02
  -8.3385348320e-02
  -4.5086149126e-02
  5.4046101868e-02
  9.6461616457e-02
  -3.0557712540e-02
  -5.4620034061e-03
  7.2763092816e-02
  -1.0200325400e-01
  -1.9721973222e-03
  -5.9243045747e-02
  -4.9308040179e-03
  -5.6637685746e-02
  -2.1869493648e-02
  -1.0079406947e-01
  6.7686744034e-02
  -2.1894277632e-01
  1.6925886273e-02
  -2.3715417087e-01
  -4.7325976193e-02
  4.5400727540e-03
  8.4426194429e-02
  -3.3582311124e-02
  2.2752532363e-01
  -9.5270305872e-02
  -4.7739017755e-02
  3.6225322634e-02
  1.8980336189e-01
  8.0737978220e-02
  -2.2339858115e-03
  -1.2335684150e-01
  -1.6285468638e-01
  7.1177065372e-02
  -1.5936836600e-02
  -2.0452569425e-01
  -1.1684075743e-01
  -5.5204771459e-02
  8.8580042124e-02
  3.3718377352e-02
  1.1245150864e-01
  -8.7271004915e-02
  3.1055558473e-02
  7.4350722134e-02
  -8.1463947892e-02
  8.8045813143e-02
  9.0880833566e-02
  1.8061269075e-02
  2.2406172007e-02
  -9.7160220146e-02
  1.0382450372e-01
  -5.3515199572e-02
  -9.1704472899e-02
  -8.4384322166e-02
  9.1364368796e-02
  1.3833293319e-01
  1.1854451895e-01
  1.6175296903e-01
  -9.6159949899e-02
  -5.4148249328e-03
  2.1521113813e-02
  1.7704914510e-01
  1.6921156645e-01
  9.1307044029e-02
  4.2672222480e-03
  -1.3118582964e-01
  8.7322756648e-02
  1.6743515432e-01
  1.6787713766e-01
  -2.4697035551e-02
  -2.2019475698e-01
  -9.4179220498e-02
  9.2437140644e-02
  1.2751083821e-02
  1.2543604244e-03
  1.0143096000e-01
  -9.2841170728e-02
  -8.6928866804e-02
  -6.9362349808e-02
  -3.6244383454e-01
  4.6266105026e-02
  2.2702416405e-02
  -4.4639572501e-02
  4.5982482843e-03
  -8.9119561017e-02
  -8.0803655088e-02
  8.5115700960e-02
  -2.8687354922e-01
  -3.2990332693e-02
  -6.1535458080e-03
  2.1978369355e-01
  -1.3049989939e-01
  4.3968349695e-02
  9.9253416061e-02
  -2.0160619915e-01
  5.9192441404e-02
  -6.7414507270e-02
  -1.2863856740e-02
  2.1169590950e-01
  2.0372575521e-01
  -1.6122399271e-01
  1.4262792654e-02
  -1.6638369858e-01
  -7.6748587191e-02
  5.2537553012e-02
  4.5096870512e-02
  -4.8415351659e-02
  -4.5911107212e-02
  1.0358897597e-01
  2.1966448054e-02
  -1.1606637388e-01
  7.5885735452e-02
  -1.2036414444e-01
  -2.3844622076e-02
  2.6653446257e-02
  -2.3829218745e-01
  -2.7639225125e-01
  -1.1399975419e-01
  -9.4921499491e-02
  9.1918267310e-02
  -1.8476407975e-02
  1.0115446150e-01
  -6.9464698434e-02
  -1.3182105124e-01
  -6.4340166748e-02
  -2.6728516817e-01
  -1.4137773216e-01
  6.2587694265e-03
  6.3905932009e-02
  -1.4507932961e-01
  4.2728990316e-02
  5.8185301721e-02
  -1.1427419633e-01
  9.4160921872e-03
  -1.4347665012e-01
  -4.6810682863e-02
  6.2269404531e-02
  -3.9069801569e-02
  -2.1745223552e-02
  1.2704369426e-01
  -2.4899186566e-02
  -2.7771994472e-02
  1.6567952931e-01
  3.6826670170e-02
  5.2284661680e-02
  1.4745382965e-01
  -2.4481827021e-01
  -1.3167329133e-01
  4.3260067701e-02
  -1.8031449616e-01
  -1.5893512964e-01
  1.1739160120e-01
  8.7966246065e-04
  -8.4218773991e-03
  -6.3842467964e-02
  -3.0449330807e-01
  5.9953749180e-02
  1.0188322514e-01
  2.1293506026e-01
  6.6105373204e-02
  -8.1034414470e-02
  1.8719056249e-01
  -1.4143775403e-01
  -4.1257310659e-02
  -3.2880522311e-02
  2.1869979799e-02
  -2.0701339841e-01
  -6.4170792699e-02
  -7.2173543274e-02
  3.3071301877e-02
  2.6916863397e-02
  -4.1606828570e-02
  -9.6409261227e-02
  8.8791556656e-02
  -2.0177498460e-02
  -5.9073856100e-03
  1.3825199008e-01
  9.2486917973e-02
  -1.5195763111e-01
  -8.9512906969e-02
  -4.2572773993e-02
  -8.6518265307e-02
  1.6553197056e-02
  -4.3207481503e-02
  7.6765455306e-02
  -2.6073539630e-02
  5.2937235683e-02
  -2.6855409145e-01
  -1.2701478601e-01
  -1.5308530629e-01
  9.0068697929e-02
  1.3985007070e-02
  -1.8295270205e-01
  2.4885429069e-02
  2.8407348320e-02
  -1.1766652763e-01
  -1.2206250429e-01
  3.5864993930e-02
  -5.9884220362e-02
  1.5133802779e-02
  7.8007161617e-02
  2.0037158392e-03
  -5.3191762418e-02
  6.0124684125e-02
  5.7690676302e-02
  4.3763768673e-01
  1.3678145409e-01
  5.2906159312e-02
  1.9446089864e-01
  -2.7524542809e-01
  -1.3131427765e-01
  6.8361550570e-02
  -1.9671235979e-01
  -6.9108128548e-02
  -8.4987739101e-03
  -3.2168891281e-02
  7.6121218503e-02
  -7.7461339533e-02
  -3.7309587002e-01
  1.2553524971e-01
  4.0277890861e-02
  1.2893979251e-01
  -8.1859916449e-02
  3.6542158574e-02
  -2.9594394565e-01
  -1.0879009217e-01
  1.3148541749e-01
  -8.9098609984e-02
  -1.0872032493e-01
  1.3539732993e-01
  -7.4323631823e-02
  3.0027570203e-02
  1.3237883151e-01
  6.3780151308e-02
  -4.4380690902e-02
  3.2567106187e-02
  -5.3629674017e-02
  -4.3700262904e-03
  9.1598279774e-02
  2.6563771069e-02
  6.1144013889e-03
  2.5783669949e-01
  2.5029456615e-01
  3.1360048801e-02
  -2.3763129488e-02
  -1.4947390184e-02
  9.9214725196e-04
  6.3564106822e-02
  -1.6610893654e-03
  -1.7838111147e-02
  2.1005667746e-01
  1.1053206027e-01
  6.2553852797e-02
  1.0063728690e-01
  5.9806738049e-02
  1.7197950184e-01
  -1.2952010334e-01
  -3.5758648068e-02
  3.5104840994e-02
  1.1503653973e-01
  -3.6471776664e-02
  2.7877268195e-01
  3.8069587201e-02
  6.8690493703e-02
  -6.9708704948e-02
  -1.5638239682e-02
  4.7059562057e-02
  -6.8015471101e-02
  -4.5589476824e-01
  -2.9570421576e-01
  -1.2517651916e-01
  1.3833105564e-02
  8.4212586284e-02
  1.4712086320e-01
  -7.8782320023e-02
  1.6522157192e-01
  4.2038455606e-02
  -5.3741462529e-02
  -2.0679097623e-02
  5.4436869919e-02
  1.8366968259e-02
  7.7239535749e-02
  -1.1194430292e-01
  -8.6842395365e-02
  2.8580773622e-02
  -7.1470215917e-02
  3.7947803736e-02
  3.8078612089e-01
  1.7427143455e-01
  -9.0213797987e-02
  -1.4597912133e-01
  1.6311002895e-02
  -1.7361404002e-01
  2.3867205891e-04
  -7.6473973691e-02
  5.5347308517e-03
  -1.1090870015e-02
  -1.9886222482e-01
  3.2433871180e-02
  -1.5513356030e-01
  -3.9920579642e-02
  -1.0046590865e-01
  6.9628572091e-03
  -1.2244810909e-01
  2.8592580557e-01
  3.9033189416e-02
  7.8593462706e-02
  -1.4885622263e-01
  2.4570547044e-02
  -2.9075482488e-01
  1.5129753947e-01
  -1.4710634947e-02
  3.6037400365e-02
  -2.3043446243e-01
  -3.0628013611e-01
  -6.9368183613e-02
  1.0324735194e-02
  -5.0912678242e-02
  -1.1796153337e-01
  2.8546582907e-02
  3.9411446778e-04
  -2.8991265222e-02
  3.2445502281e-01
  1.3541254401e-01
  -3.3185403794e-02
  2.0283676684e-01
  4.2196825147e-02
  -9.8092719913e-02
  -5.8314979076e-02
  -2.1587276459e-01
  -1.8280251324e-01
  -5.0769671798e-02
  -2.2496245801e-02
  1.1543063074e-01
  -1.7817634344e-01
  3.4290781617e-01
  1.2251100689e-01
  -4.7982849181e-02
  7.2781488299e-02
  2.6319804788e-01
  5.9383481741e-02
  3.4328767657e-01
  -1.0215793550e-01
  1.1207137257e-01
  -3.5150244832e-01
  -2.8805149719e-02
  -9.8437815905e-02
  1.3103243709e-01
  -6.1908941716e-02
  1.1300242692e-01
  1.0876076296e-02
  4.7429792583e-02
  5.1778489724e-03
  7.9290941358e-02
  1.0105997324e-01
  -1.4875403047e-01
  -7.1986027062e-02
  3.1556028873e-02
  8.1736773252e-02
  -7.5494892895e-02
  1.5266655385e-01
  8.3227669820e-03
  -1.7477767542e-02
  -3.0314212665e-02
  4.9494333565e-02
  3.1166505069e-02
  -2.4173479527e-02
  -7.1847550571e-02
  9.8497375846e-02
  1.0638748854e-01
  2.2974047810e-02
  -3.0163424090e-02
  -2.8304789215e-02
  -6.9443576038e-02
  8.6603157222e-02
  7.2268702090e-02
  -7.5393199921e-02
  -3.0133724213e-02
  -1.3054704666e-01
  9.6192331985e-03
  1.2130491436e-02
  3.5582825541e-02
  -3.2709375024e-02
  1.3176435232e-01
  4.5940950513e-02
  -3.3311598003e-02
  -1.0131048039e-02
  1.4085014164e-01
  2.0781310275e-02
  7.7386453748e-02
  4.6744728461e-03
  -8.1790328026e-02
  7.4682831764e-02
  -4.5363646001e-02
  -4.8849027604e-02
  1.2781289220e-01
  -3.1572300941e-02
  1.9153503701e-02
  3.0475636944e-02
  -2.0574713126e-02
  2.1159957349e-01
  2.0571692288e-01
  -5.0514586270e-02
  8.9465118945e-02
  5.8804158121e-02
  -1.1898421496e-01
  -1.1208903044e-01
  -1.2502361834e-01
  -3.4181591123e-02
  -3.7370182574e-02
  -1.6993045807e-02
  -5.8655295521e-02
  -1.1830903823e-03
  1.8366859853e-01
  1.0909050703e-01
  -4.1445508599e-02
  2.3696274729e-04
  3.4827679396e-02
  -2.8719136119e-01
  5.4399751127e-02
  3.2279649749e-03
  -2.0920787752e-01
  -1.1113403365e-02
  -3.5279206932e-02
  -8.4609709680e-02
  -4.3194591999e-02
  8.0232480541e-03
  -3.3334393054e-02
  -1.0525337420e-02
  -5.9043411165e-02
  -1.6181023419e-01
  -1.9952867925e-01
  -4.2608551681e-02
  -5.4450915195e-03
  -2.4797393009e-02
  -1.5495184064e-01
  -3.2744683325e-02
  1.7580565810e-01
  -1.3276727498e-01
  -1.0992757231e-01
  -5.4804760963e-02
  -5.1473099738e-02
  -4.8496581614e-02
  -2.4879114702e-02
  -1.5755844116e-01
  9.8959496245e-03
  -1.2096492574e-03
  -4.8984523863e-02
  -1.1083152145e-01
  2.4138441309e-02
  -7.8970901668e-02
  -4.8464253545e-02
  2.9622791335e-02
  -1.3073564041e-03
  4.6970974654e-03
  -5.5153403431e-02
  6.2669083476e-02
  5.5849111080e-01
  1.8667250872e-01
  1.4446966350e-01
  -4.8850528896e-02
  -1.4431622624e-01
  -1.3549995422e-01
  3.9055489469e-03
  -1.5852412209e-02
  1.9664611667e-02
  2.3215091228e-01
  8.5804447532e-02
  -1.5522086993e-02
  4.2354382575e-02
  -2.7548411489e-01
  7.1090735495e-02
  1.9865026698e-02
  4.1444957256e-02
  7.5967155397e-02
  1.0703759268e-02
  1.2536540627e-01
  1.4241127670e-01
  3.0029300600e-02
  4.4123288244e-02
  1.1189051718e-01
  -1.9751872122e-01
  2.0117744803e-01
  1.3561443426e-02
  -4.2554646730e-02
  1.5606895089e-01
  -3.6857966334e-02
  -1.4760555327e-01
  2.4793149903e-02
  2.6548588648e-02
  9.6945166588e-03
  1.2309736758e-01
  2.1125663072e-02
  -4.3938707560e-02
  -1.5838827193e-01
  -1.2768560648e-01
  1.8425606191e-02
  -4.5159786940e-02
  -1.0805780441e-01
  -1.0483264923e-01
  1.7595240474e-01
  -1.7418324947e-02
  -2.5452226400e-01
  -2.4901893735e-01
  -1.3229596615e-01
  -1.3434356451e-01
  6.8251136690e-03
  -1.0609407723e-01
  4.5352254063e-02
  -9.0487755835e-02
  -1.1433611810e-01
  -8.4417402744e-02
  7.3819994926e-02
  -1.6768109798e-01
  -6.0080323601e-04
  -1.3016888499e-01
  2.1514189430e-03
  -8.0217467621e-03
  -1.8249619007e-01
  -4.3232589960e-02
  6.6310578585e-01
  2.7391421795e-01
  1.1185239255e-01
  5.1972649992e-02
  -1.6591213644e-01
  -5.7098124176e-02
  2.0890071988e-01
  -1.2636955082e-01
  2.8123950586e-02
  1.3740219176e-01
  7.5394563377e-02
  -1.0316896252e-02
  5.5798580870e-03
  -9.1474078596e-02
  7.6857201755e-02
  2.7084144950e-01
  -1.7698353529e-01
  -1.9000934064e-01
  -8.8214077055e-02
  3.2101893425e-01
  1.7079062760e-02
  -1.7650677264e-01
  7.9042121768e-02
  -2.0347079262e-02
  -2.8870308399e-01
  9.3244664371e-02
  -3.0185988545e-01
  -5.8413274586e-02
  7.1283414960e-02
  -6.2653161585e-02
  -1.9768857956e-01
  -1.4738088846e-01
  -2.3352188990e-02
  -7.3491424322e-02
  1.3620205224e-02
  -2.6053455472e-01
  -3.1030172110e-01
  -1.3499322534e-01
  -1.8803915009e-02
  1.2399179861e-02
  -1.2786103785e-01
  -8.3127662539e-02
  -3.7519037724e-02
  -1.3187621534e-01
  7.3207691312e-02
  -1.2832185626e-01
  -1.8284678459e-01
  -5.7450801134e-02
  6.9882191718e-02
  8.0967731774e-02
  -1.0311046988e-01
  -6.7922264338e-02
  6.3665568829e-02
  -1.1719545722e-01
  3.7160763144e-01
  -5.0538510084e-02
  -1.7054001987e-01
  6.1854619533e-02
  -6.2393229455e-02
  -1.0440652817e-01
  -2.7894973755e-02
  7.0041507483e-02
  -1.6198158264e-01
  4.2734965682e-01
  1.0737832636e-01
  1.4231853187e-01
  4.4355902821e-02
  5.1409993321e-02
  -7.4565023184e-02
  -6.3617154956e-02
  8.4594994783e-02
  1.0591337830e-01
  1.5377718210e-01
  -6.8164654076e-02
  3.4755643457e-02
  1.6785402596e-01
  -3.4669792652e-01
  -5.9856665321e-03
  6.8371646106e-02
  -4.3817739934e-02
  2.5107614696e-02
  -6.4730137587e-02
  3.6635018885e-02
  -6.2658078969e-02
  1.9062248990e-02
  2.7573890984e-02
  -3.5148575902e-02
  -3.5674784333e-02
  -1.0484402068e-02
  3.0425230041e-02
  6.7514814436e-02
  -5.3710345179e-02
  4.2189791799e-02
  -1.7192399129e-02
  -1.8296927214e-02
  1.0493136942e-02
  -3.2462175936e-02
  1.0604261607e-01
  1.0624139570e-02
  1.8024874851e-02
  -7.5003884733e-02
  7.8308209777e-02
  -3.7785422057e-02
  -1.3186670840e-01
  -2.2874325514e-02
  3.1572323292e-02
  5.8228198439e-02
  2.4605499581e-02
  5.0392519683e-02
  -7.1463674307e-02
  -6.4200557768e-02
  4.4507224113e-02
  7.3114581406e-02
  -4.4438969344e-02
  -3.8598238025e-03
  1.3722364604e-01
  -2.9045939445e-02
  9.0569652617e-02
  3.4902215004e-02
  -4.4351190329e-02
  4.1885722429e-02
  -1.3522559404e-01
  -5.2567157894e-02
  -1.1245902628e-01
  -4.9606483430e-02
  -5.5815264583e-02
  -1.3633798063e-01
  -8.3493776619e-02
  -8.1039205194e-02
  -2.6706185192e-02
  -2.3761923611e-01
  -4.0405236185e-02
  4.7188445926e-02
  6.9698289037e-02
  -8.4044240415e-02
  -1.2368365377e-01
  -2.0865114033e-01
  -6.5563069656e-03
  1.8932950497e-01
  7.2677217424e-02
  8.4061603993e-03
  8.7356507778e-02
  2.3471821845e-01
  -1.2155545875e-02
  -6.1835747212e-02
  -2.2343029082e-01
  -2.2358959913e-01
  6.4476303756e-02
  -1.3816648163e-02
  -1.2302465737e-01
  2.2042083740e-01
  2.5462832302e-02
  1.6066350043e-01
  1.5399648249e-01
  1.3824193180e-01
  1.5497534536e-02
  3.7732623518e-02
  9.8159842193e-02
  7.9749356955e-03
  7.5593948364e-02
  -9.1734014452e-02
  -3.1878285110e-02
  3.0665928125e-01
  4.5126877725e-02
  -5.2472129464e-02
  -4.2573262006e-02
  -4.9804810435e-02
  1.3672593236e-01
  -4.5410644263e-02
  1.5455032699e-02
  -8.8870331645e-02
  1.4621876180e-01
  1.9622902572e-01
  5.7738129050e-02
  3.2655276358e-02
  -1.2896555662e-01
  2.4906040728e-01
  -5.2633497864e-02
  -3.1357616186e-02
  7.7834695578e-02
  6.2639124691e-02
  4.6646833420e-02
  1.1929461360e-01
  9.5762819052e-02
  1.1297123879e-01
  -3.0707044527e-02
  3.7007581443e-02
  -1.3255047798e-01
  -4.9965143204e-02
  -5.7684588432e-01
  -2.1477250755e-01
  -4.7690417618e-02
  -1.4497710392e-02
  1.8049952388e-01
  1.9338664412e-01
  -1.5487328637e-03
  2.0532095432e-01
  -2.4588537216e-01
  3.9028879255e-02
  -1.9980862737e-01
  1.2330057099e-02
  1.2916207314e-01
  3.3978497982e-01
  -1.0991186649e-01
  -1.0148468614e-01
  -2.8557449579e-01
  -2.2624164820e-02
  -8.7093830109e-02
  3.1831899285e-01
  2.9649797827e-02
  -1.1129202694e-01
  8.2318380475e-02
  -1.7109189183e-02
  -1.7738993466e-01
  9.9286297336e-03
  1.7006147653e-02
  -6.4704172313e-02
  1.4160430990e-02
  1.7332866788e-01
  -9.2148102820e-02
  -2.0909346640e-01
  5.5651295930e-02
  -3.6805907730e-03
  -1.4604779426e-03
  -1.4797644317e-01
  -1.3035279512e-01
  -3.8274717331e-01
  -1.4644964039e-01
  -7.2989404202e-02
  9.9176615477e-02
  -8.6348652840e-02
  3.4429721534e-02
  4.8420686275e-02
  -1.1293870630e-03
  -1.5714338422e-01
  -1.0145800561e-01
  -1.3215842843e-01
  2.0366648212e-02
  1.3368599117e-01
  -1.2354195863e-01
  -5.0730112940e-02
  -8.3325803280e-02
  -1.1255764961e-01
  -8.2514457405e-02
  1.5815868974e-02
  -1.5552046895e-01
  -1.0558944941e-01
  -4.7012764961e-02
  -8.3502568305e-03
  1.1235857755e-01
  -1.7613893747e-01
  4.0376462042e-02
  4.2019432783e-01
  1.6566301882e-01
  1.4240062237e-01
  7.6751329005e-02
  -1.1154116690e-01
  -1.9132561982e-01
  1.4260330796e-01
  -2.5210008025e-01
  -2.3584325612e-01
  9.4118252397e-02
  -1.3103751838e-01
  -4.4889215380e-02
  -8.3925321698e-02
  -3.5830134153e-01
  5.5589817464e-02
  3.4946426749e-02
  1.5848818421e-01
  -6.1075754464e-02
  2.2340820730e-01
  -2.2038063407e-01
  -7.3789499700e-02
  7.3104262352e-02
  -1.3261894882e-01
  4.2447023094e-02
  1.1591777951e-01
  1.0177767836e-02
  1.0752985626e-01
  -2.9827719554e-02
  -1.0339152068e-01
  -3.5843927413e-02
  -1.0030584410e-02
  1.9723628461e-01
  1.1355187744e-02
  7.3331624269e-02
  8.9540131390e-02
  -2.4974105880e-02
  5.0510644913e-02
  1.9554488361e-01
  3.1992563605e-01
  -9.4582892954e-02
  -4.0616590530e-02
  2.4081632495e-01
  1.1121360213e-01
  -3.9860099554e-02
  7.8898794949e-02
  -8.8070824742e-02
  9.0631470084e-03
  3.1154258177e-02
  -5.1125355065e-02
  -4.1479326785e-02
  5.7326748967e-02
  1.3221685588e-01
  2.9498246312e-01
  1.1048565805e-01
  7.3384588177e-05
  1.0932237655e-01
  1.4102174342e-01
  -8.2184344530e-02
  2.1224777400e-01
  1.0282248259e-02
  5.9456966119e-04
  1.7306464911e-01
  1.5377329290e-01
  -6.9090014696e-01
  -1.1780129746e-02
  -2.4069392681e-01
  1.9753253087e-02
  2.3475599289e-01
  1.5854544938e-01
  3.5996798426e-02
  -7.8368507326e-02
  -2.5284773111e-01
  -1.0708282143e-01
  -3.2761809230e-01
  6.1785653234e-03
  1.0566195846e-01
  2.4972763658e-01
  9.8435334861e-02
  4.5768916607e-02
  1.0730711371e-01
  2.1893007681e-02
  7.9545170069e-02
  2.3355286568e-02
  1.0903079808e-01
  -6.7280098796e-02
  1.2452024221e-01
  1.4818265103e-02
  -1.2533634901e-01
  4.7079813667e-03
  1.2292706408e-02
  1.1685007811e-01
  -3.8040626794e-02
  9.4100102782e-02
  -2.5100750849e-02
  -1.9591646269e-02
  -2.5452738628e-02
  6.7339651287e-02
  1.3644908369e-01
  8.5990831256e-02
  -2.3834823072e-01
  9.0727329254e-02
  -5.5667787790e-02
  1.0270026512e-02
  -2.3934242129e-01
  -3.4852596000e-03
  -1.5970548615e-02
  6.0750525445e-02
  -7.6032303274e-02
  3.8320798427e-02
  -2.9594961554e-02
  6.6468715668e-02
  -1.6967533156e-02
  1.6136054695e-01
  -2.3163836449e-03
  -1.8761646003e-02
  -4.8803672194e-02
  -2.6910172310e-03
  5.5406745523e-02
  -2.7017442510e-02
  -1.6440786421e-02
  -9.5067527145e-03
  5.6637967937e-03
  -1.3281652937e-03
  -5.0692938268e-02
  -2.8994040564e-02
  2.2794241086e-02
  -7.9432278872e-02
  -4.1469000280e-02
  -4.0590487421e-02
  2.5935053825e-02
  -2.4688906968e-01
  -7.6169962995e-03
  2.1735830605e-01
  -4.9997914582e-02
  1.0050258040e-01
  -1.5496191382e-01
  -9.6315518022e-02
  -4.7607909888e-02
  2.4248549715e-02
  -1.0732045770e-01
  1.9164441153e-02
  -1.2814965844e-01
  1.2709653378e-01
  1.6748927534e-01
  2.4655379355e-01
  1.6440501437e-02
  8.3241984248e-02
  1.6115272045e-01
  -3.2750658691e-02
  -5.7191677392e-02
  1.3102102280e-01
  -5.3474009037e-02
  5.9148895741e-01
  -1.9619573653e-01
  2.6764038205e-01
  -2.3336815834e-01
  -1.2204694003e-01
  -4.4286339544e-03
  -6.0524678230e-01
  1.1880815774e-01
  -6.7473351955e-01
  2.9884478450e-01
  1.4847314358e+00
  -9.6797384322e-02
  -1.8425470591e-01
  -2.5965780020e-01
  -7.7952909470e-01
  -3.0591762066e-01
  2.3272122443e-01
  -6.3805982471e-02
  2.8401544690e-01
  -1.0357811302e-01
  -2.6073002815e-01
  6.4456075430e-02
  -3.4994348884e-01
  -2.6697237045e-02
  -7.4538275599e-02
  -2.2886523604e-01
  5.8027409017e-02
  -2.4369119201e-03
  -1.2250232976e-03
  2.1962636709e-01
  -3.5170990974e-02
  -1.4653015137e-01
  -3.6725983024e-02
  -5.1053907722e-02
  1.6915550828e-01
  -3.7690696120e-01
  2.2579822689e-02
  -5.6188720465e-01
  -7.4496574700e-02
  -2.7042742819e-02
  4.7518682480e-01
  -3.2792478800e-01
  4.1987347603e-01
  1.0133382678e-01
  5.4616904818e-03
  4.3713170290e-01
  -1.7651824653e-01
  -8.3526596427e-02
  -9.8062515259e-02
  6.8352544308e-01
  9.9935549498e-01
  1.3660734892e-01
  -7.8007161617e-02
  -1.0651820153e-01
  4.5075100660e-01
  -3.9312936366e-02
  -5.0022684038e-02
  -2.4674263597e-01
  -1.0973016024e+00
  1.0609717369e+00
  4.8739162087e-01
  -1.3364212215e-01
  6.0923117399e-01
  -2.1142969131e+00
  -4.6974697709e-01
  -1.2732619047e-01
  7.3905646801e-01
  -5.6224268675e-01
  8.9329224825e-01
  2.5795790553e-01
  3.5993760824e-01
  -4.4453218579e-01
  -1.9533377886e+00
  -1.0599399805e+00
  1.7988154888e+00
  1.0336920619e-01
  -1.4614002407e-01
  -8.1846046448e-01
  -1.1041645706e-01
  2.4315208197e-01
  1.1383608580e+00
  -1.6426862478e+00
  3.9127802849e-01
  8.1987220049e-01
  1.2589956820e-01
  -5.9731662273e-01
  -6.0279285908e-01
  -1.0306952149e-01
  1.0440818071e+00
  -4.7788277268e-01
  -3.9431011677e+00
  9.4965502620e-02
  6.2659412622e-01
  4.5016670227e-01
  7.3650069535e-02
  -8.1649929285e-01
  -3.6832505465e-01
  5.0486987829e-01
  -1.0255442858e+00
  -1.1845391989e+00
  1.3139468431e+00
  8.4782129526e-01
  -7.1210217476e-01
  4.4525834918e-01
  9.2723226547e-01
  -5.8715510368e-01
  1.4118707180e-01
  -5.3821110725e-01
  3.0397951603e-01
  -2.3075573444e+00
  -5.7766681910e-01
  1.6034108400e-01
  9.2970132828e-02
  -3.2416772842e+00
  -4.1280534863e-01
  -4.8142263293e-01
  -1.8411002159e+00
  1.4544044435e-01
  4.3327785097e-03
  -1.1265269667e-01
  6.0147725046e-02
  1.3038179278e-01
  -3.7746015936e-02
  5.6782227010e-02
  2.6072740555e-01
  1.1965508759e-01
  -1.0895076208e-02
  1.1754337698e-01
  1.0302287526e-02
  1.2256566435e-01
  1.3690118492e-01
  6.7752636969e-02
  -2.0760409534e-02
  -7.1281050332e-03
  -1.2254035473e-01
  7.0746757090e-02
  1.5491318703e-01
  -1.3426656835e-02
  -5.5802810937e-02
  1.0415752232e-01
  1.5375092626e-01
  7.3880217969e-02
  4.2208999395e-02
  6.4711309969e-02
  9.5452647656e-03
  1.7916378379e-01
  -4.9802679569e-02
  1.1670365185e-01
  -8.6731173098e-02
  -6.5320350230e-02
  1.8451143801e-01
  -8.8961310685e-03
  -7.1656830609e-02
  4.5718168840e-03
  7.1527838707e-02
  2.4947855622e-02
  9.5986180007e-02
  4.0466748178e-03
  9.5225900412e-02
  -1.1070589721e-01
  -4.7704290599e-02
  5.5750906467e-02
  -1.9179137424e-02
  -5.3051316738e-01
  -2.2428783774e-01
  -6.5518796444e-02
  -7.3887810111e-02
  2.8792977333e-01
  9.4930604100e-02
  -4.4571511447e-02
  -1.9429668784e-02
  -2.0422339439e-02
  -9.9166087806e-02
  -1.6455729306e-01
  3.8279995322e-02
  -5.8792438358e-02
  1.3262066059e-02
  -6.6544964910e-02
  -7.2408668697e-02
  5.3596027195e-02
  -3.7474807352e-02
  2.6759211905e-03
  -1.4179590158e-02
  -1.3915156946e-02
  9.7503378987e-02
  8.0041132867e-02
  4.2490987107e-03
  2.0814168453e-01
  -5.8385871351e-02
  -6.0621075332e-02
  2.7354782447e-02
  -1.1251425743e-01
  -2.2434969433e-03
  -3.6503113806e-02
  9.6426717937e-02
  3.5062067211e-02
  5.5522583425e-02
  -6.4151450992e-02
  -1.8223166466e-02
  1.9477283349e-03
  1.1550112069e-01
  5.5995792150e-02
  -2.9258033261e-02
  -9.3271777034e-02
  3.5224176943e-02
  9.5216557384e-02
  1.2133769691e-01
  2.7357310057e-02
  5.2134137601e-02
  1.4795050025e-01
  1.0863669217e-01
  -6.6810399294e-02
  -8.8425211608e-02
  -1.4234356582e-02
  1.1725221761e-02
  8.5033103824e-02
  7.7797666192e-02
  -9.8189920187e-02
  1.9208684564e-01
  6.7420646548e-02
  1.3337454200e-01
  -1.0577806830e-01
  6.5810903907e-03
  -8.5122086108e-02
  -4.0632616729e-02
  -9.6843026578e-02
  4.0228348225e-02
  9.8821751773e-02
  7.0345818996e-02
  -5.7769197971e-02
  2.8095152974e-01
  4.5142307878e-02
  -7.5255697593e-03
  2.2564633191e-01
  4.5517396927e-01
  1.7832900584e-01
  3.2653838396e-01
  -1.8319912255e-01
  8.1675752997e-02
  -1.4938510954e-01
  -5.8043029159e-02
  2.8390007094e-02
  -2.6011151075e-01
  2.8298800811e-02
  4.3236397207e-02
  -8.9779704809e-02
  -1.3229042292e-01
  2.2558143828e-03
  -8.1925027072e-02
  3.8718987256e-02
  1.1915109307e-01
  -5.6613637134e-03
  3.2582506537e-02
  8.5651889443e-02
  5.1720887423e-02
  1.2093181908e-01
  5.6530844420e-02
  5.1774755120e-02
  3.7646407727e-03
  5.3828768432e-02
  -1.1096546054e-01
  -8.6855571717e-03
  2.6078668237e-01
  -6.4495958388e-02
  4.0404856205e-02
  1.1743337661e-01
  7.0296645164e-02
  1.3380001485e-01
  -8.5380032659e-02
  -1.3409423828e-01
  2.4265083484e-03
  1.7626971006e-01
  1.8289943039e-01
  -1.0405984707e-02
  -3.8422014564e-02
  -3.4475319088e-02
  1.5992343426e-01
  -6.1632979661e-02
  -8.2264877856e-02
  -6.5532304347e-02
  3.2779138535e-02
  -6.3469342887e-02
  1.3447712362e-01
  8.1399768591e-02
  2.0021647215e-02
  -4.6780448407e-02
  9.0521752834e-02
  1.9064550102e-01
  2.7360357344e-03
  -5.9906822443e-01
  -2.3316846788e-01
  -8.5112714441e-04
  5.0633460283e-02
  2.1483807266e-01
  8.8616974652e-02
  -1.3709449768e-01
  2.0732341334e-02
  -2.6254186407e-02
  -1.1414570361e-01
  -1.6724380851e-01
  3.6722633988e-02
  -4.7109566629e-02
  9.6095412970e-02
  -8.0415882170e-02
  -1.2295684218e-01
  -3.0499186367e-02
  -6.6239185631e-02
  1.8450487405e-02
  4.4273668528e-01
  8.6735762656e-02
  6.4633920789e-02
  7.3478899896e-02
  7.9015664756e-02
  -6.0823295265e-02
  7.8171908855e-02
  1.8503167666e-03
  -1.0112298280e-01
  -1.2775531411e-01
  -1.6990323365e-01
  -1.0300011933e-01
  -1.6645358503e-01
  2.9652195051e-02
  3.0137997121e-02
  -5.0751127303e-02
  -1.5751299262e-01
  -3.6415767670e-01
  -1.3554769754e-01
  -8.7241306901e-02
  6.7021418363e-03
  5.7756159455e-02
  -5.0455775112e-02
  -1.0566371679e-01
  1.0038995184e-02
  -8.2721307874e-02
  -3.0442427844e-02
  -7.5121782720e-02
  -1.6000640392e-01
  -7.8090280294e-02
  1.2784689665e-01
  -1.5758235753e-01
  5.0308190286e-02
  1.0756778717e-01
  -1.1545943469e-01
  -6.6049449146e-02
  2.9855471104e-02
  -7.1372417733e-03
  -5.0086375326e-02
  -2.0685382187e-01
  6.3195310533e-02
  -1.4948628843e-01
  2.2672729101e-03
  2.6421291754e-02
  2.4534852803e-01
  2.0254440606e-01
  1.0969625413e-01
  -4.7311857343e-02
  -1.9890718162e-01
  -1.1279939860e-01
  1.5177106857e-01
  -1.7391501367e-01
  1.3278296683e-03
  1.2162952870e-01
  2.0725566149e-01
  1.1043132097e-01
  -1.9445871934e-02
  -5.3391318768e-02
  5.1020555198e-02
  7.5141929090e-02
  5.6735865772e-02
  2.0663127303e-02
  -8.4444932640e-02
  1.8906198442e-01
  1.3948349655e-01
  -2.4455420673e-02
  2.8141234070e-02
  -5.4447364062e-02
  -1.9233238697e-01
  9.9373795092e-02
  -6.6528901458e-02
  -3.3904034644e-02
  -1.2000446022e-01
  5.5723175406e-02
  -2.7843551710e-02
  -2.5527261198e-02
  8.5106164217e-02
  6.4512835816e-03
  3.9448872209e-02
  -6.7196665332e-03
  -1.6600883007e-01
  -1.5391224623e-01
  -1.0932807624e-01
  -1.3362343423e-02
  4.5409362763e-02
  -1.3474822044e-01
  -4.9162376672e-02
  -4.1312039830e-03
  1.0588912293e-02
  -1.4109820127e-01
  -2.6691073179e-01
  -3.5960342735e-02
  -1.7717141658e-02
  -3.2702125609e-02
  -1.2843948603e-01
  5.8498349041e-02
  -5.4817847908e-02
  -1.3483105600e-01
  -8.1689521670e-02
  -1.1714307964e-01
  -6.4622558653e-02
  -5.7110108435e-02
  -4.7831721604e-02
  2.7760213241e-02
  -4.1966192424e-02
  -6.8796545267e-02
  6.8018943071e-02
  4.4542777538e-01
  1.7415064573e-01
  7.6076529920e-02
  -6.6849261522e-02
  -2.7249360085e-01
  -2.0624521375e-01
  2.4629986286e-01
  -1.6999080777e-01
  -1.8597637117e-01
  1.1551763862e-01
  2.5760438293e-02
  -6.7170821130e-02
  -4.3116960675e-02
  -2.3970718682e-01
  4.0928728878e-02
  -1.1957326205e-03
  2.1998964250e-01
  -1.2605649233e-01
  1.1122417450e-01
  4.0533330292e-02
  4.2161453515e-02
  -8.0029211938e-02
  -1.2860351801e-01
  3.7276558578e-02
  -4.8539578915e-02
  -1.5581187326e-03
  -1.2899105437e-02
  7.7410186641e-03
  5.2754007280e-02
  -1.0790750384e-03
  -4.7411452979e-03
  -4.2299110442e-02
  -7.7770631760e-03
  4.4429533184e-02
  -2.6964815333e-02
  -3.4788392484e-02
  2.6482073590e-02
  -1.2197479606e-02
  3.6022614688e-02
  6.0936082155e-02
  -6.8371765316e-02
  2.7485096827e-02
  -6.8896077573e-02
  -8.7681926787e-02
  -2.8719719499e-02
  6.0169193894e-03
  -1.6296107788e-03
  -8.9216567576e-02
  -7.5096689165e-02
  5.1282200962e-02
  1.8693724647e-02
  1.5771709383e-02
  -2.1650611889e-03
  5.9404283762e-02
  1.6109533608e-03
  -8.9601380751e-03
  4.5437910594e-03
  1.7006117851e-02
  4.7565065324e-02
  -1.6372559592e-02
  -1.5768097714e-02
  -2.8395952657e-02
  7.0150010288e-02
  2.5898177177e-02
  -5.1091704518e-02
  -9.9348872900e-03
  1.2015027553e-01
  -1.3915891945e-01
  4.8063639551e-03
  -2.2653415799e-01
  -1.5027207136e-01
  -1.0732971877e-01
  1.1684137583e-01
  -2.0574718714e-01
  4.5737035573e-02
  -1.7134930193e-01
  5.2465744317e-02
  1.5496691689e-02
  -1.2265967578e-01
  1.8491369486e-01
  1.1392749846e-02
  2.9746076092e-02
  -2.5442740321e-01
  1.1117708683e-01
  -4.0803145384e-04
  2.8346266598e-02
  -2.6452409104e-02
  1.2347467989e-01
  2.2759240121e-02
  2.2260405123e-02
  3.8920138031e-02
  1.8440563232e-02
  2.5379322469e-03
  3.8498073816e-02
  -1.4868567698e-02
  -3.8878198247e-03
  4.9846172333e-02
  -9.2596665025e-02
  6.6052049398e-02
  1.8849462271e-01
  -6.9823399186e-02
  1.4078812301e-01
  -3.3321186900e-02
  -1.5740623698e-02
  9.1898486018e-02
  -5.2649043500e-02
  -1.0271356255e-01
  2.5065559894e-03
  1.8483859301e-01
  1.4167973399e-01
  2.2875717841e-03
  9.1392561793e-02
  -4.8098787665e-02
  1.6846145689e-01
  -5.6730028242e-02
  -1.6042962670e-02
  4.7224666923e-02
  2.8561627492e-02
  2.5093059987e-02
  3.3487938344e-02
  -2.4107417557e-03
  3.3002737910e-02
  -6.9611440413e-03
  -4.0613837540e-02
  1.2434906512e-01
  4.8711862415e-02
  -5.1758456230e-01
  -1.5206047893e-01
  -6.9431245327e-02
  -5.0743501633e-02
  2.2536823153e-01
  8.8744379580e-02
  -1.5248639882e-01
  7.4543774128e-02
  7.3078586720e-03
  -1.1944721639e-01
  -1.8291226029e-01
  -6.2959734350e-03
  6.7165829241e-02
  3.0974930525e-01
  -8.1522345543e-02
  -7.6514802873e-02
  -1.5474209189e-01
  7.3827795684e-02
  2.9512447119e-01
  -1.9419038296e-01
  -5.1081482321e-02
  -1.4142693579e-01
  4.3990138173e-01
  -3.0682893470e-02
  1.1638287455e-01
  2.9020473361e-01
  4.5879504085e-01
  -9.4419229031e-01
  -1.0217914581e+00
  1.4542633295e-01
  1.3600748777e-01
  -2.7034777403e-01
  1.0381880403e-01
  -1.5337854624e-01
  -9.8742358387e-03
  3.4496121109e-02
  -3.7589076906e-02
  2.7273449302e-01
  8.2074686885e-02
  2.1052637696e-01
  -2.5535356998e-01
  7.3481255770e-01
  3.4682673216e-01
  -1.8173992634e-01
  1.7855577171e-01
  9.0278036892e-02
  -6.2939204276e-02
  -8.0683697015e-03
  1.3834397495e-01
  -4.1552746296e-01
  1.0116246343e-01
  -5.9462077916e-02
  3.3318975568e-01
  8.1167155877e-03
  5.0474125147e-01
  -6.4078070223e-02
  2.3737740517e-01
  1.1471629143e-01
  -3.5641744733e-01
  1.4134529233e-01
  -1.0098933429e-01
  9.2020928860e-02
  -1.4309213497e-02
  6.1529445648e-01
  1.3017497063e+00
  -2.7041113377e-01
  1.6688276082e-02
  2.3627337813e-01
  1.7524491251e-01
  -4.0025594831e-01
  -2.9364582151e-02
  -3.6015790701e-01
  3.8694459200e-01
  -5.8138579130e-01
  2.9139375687e-01
  1.3363653421e-01
  -3.5646641254e-01
  6.2482081354e-02
  -8.0332063138e-02
  7.6249696314e-02
  -2.4124268442e-02
  -8.7283663452e-02
  3.3341053128e-01
  1.5899524093e-01
  4.1677445173e-02
  -2.0082637668e-01
  -4.0963411331e-02
  -1.0809546709e-01
  5.6145813316e-02
  -1.4746095240e-01
  -3.9204868674e-01
  -2.8477188200e-02
  -7.1338854730e-02
  2.6911079884e-01
  3.6776203662e-02
  -1.5822029114e-01
  8.2828383893e-03
  -5.7535286993e-02
  -5.5750876665e-02
  1.4659014344e-01
  1.0655481368e-01
  -2.0736781880e-02
  -1.7019782960e-01
  2.3027876019e-01
  -4.3346658349e-02
  3.0796736479e-01
  -1.0404438525e-01
  -2.9593635350e-02
  -2.7324864268e-01
  -2.1664795280e-01
  -1.1775341630e-01
  -3.7663403898e-02
  3.8745668530e-01
  -1.7772537470e-01
  1.7836521566e-01
  -9.1148920357e-02
  -6.8738348782e-02
  4.7994187474e-01
  2.1237750351e-01
  -4.9596332014e-02
  -2.8506839648e-02
  1.2384530902e-01
  -1.5974214673e-01
  8.7140783668e-02
  5.8780186810e-03
  -1.7143128812e-01
  -5.2377182245e-01
  5.3250316530e-02
  2.0523589104e-02
  9.4153545797e-03
  6.2761016190e-02
  2.8725141287e-01
  9.4713002443e-02
  2.0836794376e-01
  2.0162774622e-01
  8.4165312350e-02
  9.9185826257e-03
  -1.3141930103e-01
  2.2097440064e-01
  -1.3013763726e-01
  -1.0876927525e-01
  1.9318829477e-01
  -1.6028462350e-01
  -8.2528471947e-02
  1.1657645553e-01
  1.9084370136e-01
  1.0605534539e-02
  7.9213224351e-02
  -6.9933012128e-02
  1.6220988706e-02
  -2.0246283710e-01
  7.4705682695e-02
  -9.0187780559e-02
  2.3122597486e-02
  4.3415140361e-02
  6.9260805845e-02
  -6.3274525106e-02
  -2.3563781753e-02
  -4.8234656453e-02
  -1.1786556244e-01
  5.2154488862e-02
  -6.3440471888e-02
  -2.5825801492e-01
  -3.6086723208e-02
  -8.4989689291e-02
  1.0861308873e-01
  2.3947857320e-02
  -9.3402698636e-02
  -6.7749686539e-02
  1.8790975213e-01
  1.3115932047e-01
  -2.8228878975e-01
  -1.6867857426e-02
  -1.1183901131e-01
  2.6777660474e-02
  6.5783232450e-02
  -1.4596180618e-01
  1.0772153735e-01
  -7.1570105851e-02
  7.7496567974e-04
  -1.1252247542e-01
  -3.3175379038e-02
  -1.6144154966e-01
  -3.8437094539e-02
  -1.2068799883e-01
  3.3263251185e-02
  1.1296384037e-01
  1.9194678171e-03
  -7.7783651650e-02
  4.3840226531e-01
  1.7946022749e-01
  3.2710518688e-02
  1.2238666415e-02
  -2.3993107677e-01
  -1.4996595681e-01
  2.5163888931e-01
  -1.1431256309e-02
  -8.0378256738e-02
  1.2107667327e-01
  2.1050532162e-01
  -8.4744216874e-03
  -8.6088247597e-02
  -3.3277654648e-01
  1.1960766464e-01
  1.2087002397e-01
  4.4644609094e-02
  3.8787286729e-02
  -5.7311549783e-02
  -3.0027958751e-01
  -1.4487457275e-01
  7.3306756094e-03
  5.6593947113e-02
  -2.6081120595e-02
  1.1286556721e-01
  -4.7135062516e-02
  1.6378712654e-01
  1.4969332516e-01
  7.4299494736e-03
  1.0986226052e-01
  1.1802862585e-01
  -4.2340934277e-02
  1.0817883164e-01
  1.1790539138e-02
  -6.9445515983e-03
  -7.2931051254e-03
  1.3589608669e-01
  7.9344004393e-02
  -1.0034232400e-02
  1.9420790672e-01
  6.3314594328e-02
  1.3451991975e-01
  -1.9938008860e-02
  -4.4237844646e-02
  -1.3680195436e-02
  1.6565234959e-01
  3.0720734596e-01
  2.9267407954e-02
  5.5679537356e-02
  -2.9116410762e-02
  1.0546161234e-01
  -1.8848702312e-02
  -1.3201855123e-01
  1.4657659456e-02
  -2.0215623081e-01
  -9.3950062990e-02
  1.4383089542e-01
  5.0569262356e-02
  3.8072098047e-02
  5.7849917561e-02
  -1.0179965198e-01
  2.0499408245e-01
  7.1411475539e-02
  -1.4239938557e-01
  -1.6517993808e-01
  2.5674015284e-02
  -5.7358123362e-02
  -9.8219588399e-02
  6.1941458844e-03
  -1.2010857463e-02
  1.7931120098e-01
  -3.5341662169e-01
  -7.4972413480e-02
  -2.1909673512e-01
  1.7889381945e-01
  -7.0659145713e-02
  1.6410255432e-01
  -9.2552945018e-02
  -1.3691426814e-01
  -1.1268694699e-01
  -1.5187045932e-01
  -4.0331013501e-02
  -3.1723305583e-01
  -4.5288823545e-02
  -2.6665884256e-01
  1.0333193541e+00
  2.0004470646e-01
  1.0202776641e-01
  4.5226618648e-01
  2.0648106933e-01
  1.3513559103e-01
  2.8540423512e-01
  -1.3989438117e-01
  8.4081280231e-01
  3.5207343102e-01
  -1.6273038089e-01
  1.3673713803e-01
  -1.5103350580e-01
  1.2929114699e-01
  -6.9551539421e-01
  7.6987528801e-01
  -1.3147282600e-01
  8.7729626894e-01
  -2.1657524630e-02
  -3.0501905084e-01
  -8.9546400309e-01
  3.5989955068e-01
  9.6969738603e-02
  -2.7500061318e-02
  7.4311333895e-01
  -1.9088086486e-01
  9.3791961670e-01
  -1.1010794342e-01
  -1.7420843244e-01
  -7.4913042784e-01
  -1.3073433936e-01
  3.2537245750e-01
  -2.3818638921e-01
  1.6019049287e-01
  -2.1977910399e-01
  7.0336067677e-01
  -1.5175245702e-01
  7.1442268789e-02
  -5.9316265583e-01
  -3.5265427828e-01
  -9.7360193729e-02
  -3.8631492853e-01
  -9.8154060543e-03
  -3.8598910905e-03
  -5.9845876694e-01
  3.7004363537e-01
  -9.1645799577e-02
  -6.8138277531e-01
  4.2152640224e-01
  -3.1645858288e-01
  -6.0093700886e-01
  -8.9173829556e-01
  -1.1337771267e-01
  -5.3963470459e-01
  -1.4713841490e-02
  -1.1136958748e-01
  4.4263687730e-01
  -6.3667172194e-01
  1.1320696026e-01
  -5.1385954022e-02
  -2.2595688701e-01
  -5.0271082669e-02
  8.9422978461e-02
  3.0958584975e-03
  -3.2378774136e-02
  2.1514485776e-01
  -1.2584899366e-01
  -1.2361092493e-02
  -8.0005973577e-03
  -1.3199293055e-02
  -9.1970376670e-02
  8.7113976479e-02
  -9.7943104804e-02
  1.9518737495e-01
  -6.2281865627e-02
  -2.2403888404e-02
  1.8856538832e-01
  1.1810370535e-01
  4.5577507466e-02
  1.7769575119e-01
  2.5781441480e-02
  5.0118021667e-02
  3.8782693446e-02
  -1.5454286337e-01
  1.3152709603e-01
  7.0675551891e-02
  3.0884088483e-03
  1.6510182619e-01
  1.7459061742e-01
  6.8793922663e-02
  -1.5255795419e-01
  1.0106217861e-01
  4.1104266420e-03
  -5.8284584433e-02
  2.1229790151e-01
  -1.3846388459e-01
  -1.6093404591e-01
  5.3182780743e-02
  2.9389876872e-02
  -3.0380120501e-02
  1.0344301164e-01
  2.2326686978e-01
  1.4579942822e-01
  2.8526851907e-02
  -1.1168541014e-01
  4.3615135364e-03
  -1.3815453649e-01
  1.0021778196e-01
  2.7250036597e-01
  3.9137620479e-02
  -6.0901537538e-02
  1.3061626814e-02
  -8.2193491980e-03
  -3.6020036787e-02
  -1.2125521898e-01
  4.7825399786e-02
  2.1121134982e-02
  2.1571443975e-01
  -6.6734045744e-02
  2.1416591108e-01
  5.5505380034e-02
  -2.4048220366e-02
  -8.9796334505e-02
  2.8236243129e-01
  -1.7846282572e-02
  -4.7083180398e-02
  -4.3951790780e-02
  1.0551855713e-01
  -2.3932482302e-01
  -2.0332542062e-01
  -9.9743977189e-02
  2.9148435220e-02
  -2.0702106878e-02
  -2.9813246801e-02
  -2.0338815451e-01
  -2.4111050367e-01
  -6.9448381662e-02
  -1.9070642069e-02
  -7.9229921103e-03
  -9.2242648825e-03
  1.2343490124e-01
  -1.6810764372e-01
  -2.0574894734e-03
  3.5966616124e-02
  -2.6519246399e-02
  -2.8106135130e-01
  -1.6352252662e-01
  -3.6659721285e-02
  -5.4274761351e-04
  1.1463863403e-01
  -2.1801920235e-01
  -3.8084352855e-03
  5.5201459676e-02
  8.1797316670e-02
  -3.9579350501e-02
  4.2630333453e-02
  -1.5733061731e-01
  -8.0643810332e-02
  1.6756741703e-01
  1.1401477270e-02
  -1.3254863024e-01
  -6.6038943827e-02
  -2.0974498242e-02
  -1.9501052797e-01
  3.9494387805e-02
  -4.3407684565e-01
  -1.4335983992e-01
  -5.7023093104e-02
  1.2892243266e-01
  4.2014643550e-03
  -2.5428440422e-02
  1.1288233101e-01
  -3.5883862525e-02
  1.1829509586e-01
  4.1513316333e-02
  2.8297206759e-01
  5.8663986623e-02
  3.3659714460e-01
  -1.2874397635e-01
  1.9126857817e-01
  -2.3192447424e-01
  -1.9783848897e-02
  -6.3410736620e-02
  2.3329666257e-01
  -3.7073977292e-03
  1.5729425848e-01
  -1.8672990799e-01
  -8.3516798913e-02
  1.2876512110e-01
  -1.2226073444e-01
  -1.7824914306e-02
  1.8624639511e-01
  -2.4014014751e-02
  -8.6724646389e-02
  8.8077366352e-02
  -5.8373931795e-02
  9.3847505748e-02
  1.6391094029e-01
  5.7011593133e-02
  9.1741845012e-02
  1.0316188447e-02
  8.5127905011e-02
  -1.0648536682e-01
  -1.2595573068e-01
  4.9749325961e-02
  -5.0307046622e-02
  -2.9844902456e-02
  -5.4209548980e-02
  2.3236985505e-01
  -1.4702011831e-02
  -9.9726185203e-02
  1.2943536043e-01
  -9.0634517372e-02
  7.6655887067e-02
  1.5320354700e-01
  -9.3676876277e-03
  -1.6216006130e-02
  4.4277761132e-02
  1.6127575934e-01
  1.1997354031e-01
  -8.7039113045e-02
  -3.9329193532e-02
  -1.4996877313e-01
  5.3508553654e-02
  2.6324037462e-02
  3.0126320198e-02
  1.2232559919e-01
  -1.9837170839e-02
  2.5854694843e-01
  1.0039056093e-01
  1.7624890804e-01
  -1.6456802189e-01
  1.3070881832e-03
  -1.4382570982e-02
  -1.0932544619e-01
  -2.4618942291e-02
  -1.5951238573e-01
  1.6876842082e-01
  -3.1793501973e-01
  -8.3292558789e-02
  -1.1921065301e-01
  1.9061562419e-01
  9.6381213516e-03
  1.9336976111e-01
  1.8022151664e-02
  3.1552258879e-02
  -7.2209261358e-02
  8.2529541105e-03
  3.6587845534e-02
  -1.4675731957e-01
  -1.8424642086e-01
  6.1514405534e-03
  -2.1937942505e-01
  7.1195691824e-02
  -1.5665540472e-02
  6.0607079417e-02
  -2.7825934812e-02
  3.3443588763e-02
  1.4518713579e-02
  1.1881133169e-01
  6.0648318380e-02
  -1.3656169176e-01
  7.4840888381e-02
  -4.1369631886e-02
  -6.6173486412e-02
  7.7086694539e-02
  -1.2292221934e-01
  1.0344401747e-01
  -5.1961690187e-03
  8.1335403025e-02
  -7.1762941778e-02
  6.4353302121e-02
  -2.1284336224e-02
  3.1314622611e-02
  -2.2770458832e-02
  1.1300211400e-01
  1.4575864375e-01
  -5.0970774144e-02
  3.1393717974e-02
  1.1107855476e-02
  -9.3126930296e-02
  6.7930899560e-02
  -2.7168646920e-03
  6.1551164836e-02
  1.7028167844e-01
  1.5100219846e-01
  -5.9560421854e-02
  -1.7728343606e-01
  -8.5477188230e-02
  -1.5575480647e-02
  -9.0309023857e-02
  -1.0794441402e-01
  2.0879957825e-02
  2.0159678161e-01
  -3.4523569047e-03
  -1.3211811893e-04
  2.0524846390e-02
  2.9162434861e-02
  1.2964983284e-01
  4.5487768948e-02
  3.1159111857e-01
  2.3039582372e-01
  -7.3704123497e-02
  5.5237535387e-02
  -9.5118470490e-02
  5.5998101830e-02
  1.4440402389e-01
  -2.2976737469e-02
  -4.1714254767e-02
  -1.9180460274e-01
  -2.4746101350e-02
  6.5536893904e-02
  1.4020469785e-01
  6.2907628715e-02
  -7.5765326619e-02
  -6.3917048275e-02
  -1.0201451182e-01
  -1.5028233826e-01
  1.9034646451e-02
  -2.5136291981e-02
  -1.5074990690e-01
  -2.2136729211e-02
  -3.1872972846e-02
  -3.3152841032e-02
  -8.7786251679e-03
  4.3253898621e-02
  -1.1760838330e-01
  1.4264380932e-01
  -1.9861999899e-02
  -2.4122783542e-01
  -1.2961512804e-01
  -6.2906973064e-02
  1.1628359556e-02
  1.2847572565e-01
  -1.0141643137e-01
  8.2483910024e-02
  3.1399264932e-02
  8.1752143800e-02
  -2.3837311566e-01
  -3.6882206798e-02
  1.0946123861e-02
  7.9120382667e-02
  -2.9872586951e-02
  -1.1909740418e-01
  4.4526988640e-03
  -4.4261615723e-02
  6.9463662803e-02
  -3.0972134322e-02
  3.8975444622e-03
  -3.2861210406e-02
  1.0345532559e-02
  -1.1786165088e-01
  -4.2949799448e-02
  1.2436901033e-01
  -1.7767252028e-01
  6.7951239645e-02
  2.9794076085e-01
  2.8001657128e-01
  4.2595375329e-02
  1.0451501608e-01
  -8.2258187234e-02
  -1.4097896218e-01
  1.3777205348e-01
  -1.0765216500e-01
  -5.3045894951e-02
  7.9266496003e-02
  1.6339468956e-01
  -4.1879326105e-02
  -1.5522430837e-01
  -3.1137534976e-01
  7.8260965645e-02
  1.4606949687e-01
  1.1657572538e-01
  5.3130248562e-03
  2.1420764923e-01
  -2.7015322447e-01
  -1.0687948018e-01
  1.6228359193e-02
  -8.1679143012e-02
  5.7837441564e-02
  2.7948543429e-01
  4.7660350800e-02
  7.3241636157e-02
  4.2209099978e-02
  -1.3474389911e-01
  2.2932074964e-02
  2.1709589660e-01
  1.9160181284e-01
  1.8299488723e-01
  2.7870187536e-02
  -6.2009036541e-02
  -4.0405943990e-02
  1.3941547275e-01
  1.8162724376e-01
  2.3092493415e-01
  8.5529468954e-02
  -1.7595306039e-01
  2.1514490247e-01
  -6.0656663030e-02
  -1.2633927166e-01
  6.8001784384e-02
  -4.4545163400e-03
  1.7199532688e-01
  6.7070379853e-02
  7.0823594928e-02
  -5.3229480982e-02
  4.6033006161e-02
  1.2283892930e-01
  1.4587607980e-01
  6.1282366514e-02
  4.3776687235e-02
  -4.6430900693e-02
  4.3250828981e-02
  -1.8273284659e-02
  2.7260227129e-02
  1.1959394068e-01
  -2.4274632335e-02
  4.2191974819e-02
  1.9421604229e-03
  -3.2804390788e-01
  -1.4276236296e-01
  -8.2183845341e-02
  1.4113299549e-01
  8.4858290851e-02
  8.0166436732e-02
  -7.6387502253e-02
  3.0479544401e-01
  -2.0184062421e-01
  -9.4642169774e-02
  -2.5877070427e-01
  8.6169742048e-02
  -5.5919706821e-02
  2.8379508853e-01
  -5.4563663900e-02
  -1.7875839770e-01
  -4.1636276990e-02
  -1.8624885380e-01
  -1.4280930627e-03
  1.8367604911e-01
  -3.3444024622e-02
  3.8306533825e-03
  2.9131090268e-02
  -4.3965108693e-02
  -3.2231992483e-01
  5.0386957824e-02
  -3.3362608403e-02
  -8.9683935046e-02
  2.1741699427e-02
  -4.5960452408e-02
  -1.7188872397e-01
  -1.7334730923e-01
  -5.9437032789e-02
  3.3079583198e-02
  -9.6644207835e-02
  -7.1951046586e-02
  -2.7292731404e-01
  -4.1869461536e-02
  -7.4674881995e-02
  1.2622319162e-02
  1.3785265386e-01
  -1.3575690985e-01
  1.2833949924e-01
  2.7193762362e-02
  -3.9834402502e-02
  -4.7363154590e-02
  -7.6010510325e-02
  -9.0694680810e-02
  -1.2812325358e-01
  6.8619195372e-03
  -1.0478240252e-01
  1.7912251875e-02
  6.5758556128e-02
  -1.8847091123e-02
  1.4126375318e-01
  -9.3154706061e-02
  -4.7500871122e-02
  -1.0925739259e-01
  -1.9882362336e-02
  6.0216463171e-03
  -7.3417671025e-02
  -9.2309981585e-02
  -1.0895857960e-01
  4.2299947143e-01
  2.2464221716e-01
  9.6874102950e-02
  -1.6269056499e-01
  4.1749522090e-02
  -8.5486538708e-02
  -7.2550967336e-02
  -1.6563837230e-01
  -2.5906814262e-02
  2.6241025329e-01
  2.1925213933e-01
  -1.3754862547e-01
  1.4484824240e-01
  -1.7431956530e-01
  5.6722681969e-02
  -1.3461447088e-04
  1.2120563537e-01
  -4.0228512138e-02
  1.0876569152e-01
  5.9971708804e-02
  7.2317704558e-02
  2.2229099646e-02
  5.1008276641e-02
  -8.1761844456e-02
  -1.4735169709e-01
  3.5846579820e-02
  7.8234961256e-03
  -6.7023597658e-02
  2.3613028228e-02
  1.2400223874e-02
  8.7109347805e-03
  -6.9783642888e-02
  6.4439782873e-03
  -6.5734665841e-03
  -5.6509491056e-02
  -3.4813743085e-02
  -1.0190667957e-01
  5.9316005558e-02
  -1.0231949389e-02
  -5.1130980253e-02
  -6.9065988064e-02
  5.8725266717e-03
  3.5786580294e-02
  -7.3313936591e-03
  -2.0301280543e-02
  5.2102915943e-02
  -1.2223228812e-01
  -4.2517478578e-03
  1.6311168671e-02
  1.4965931885e-02
  2.9100291431e-02
  1.5383627266e-02
  -7.4341043830e-02
  3.9339896291e-02
  -2.0100358874e-02
  -2.3278905079e-02
  7.6283663511e-02
  -4.0044751018e-02
  9.9918231368e-02
  3.0627250671e-02
  6.5170057118e-02
  -1.3153756037e-02
  2.2063504159e-01
  -3.3508462366e-03
  1.3888831437e-01
  2.0321924239e-02
  9.4821877778e-02
  5.9296912514e-03
  4.4386326335e-03
  1.0052543133e-01
  -2.4340501055e-02
  -1.9284854829e-01
  1.5455302596e-01
  -3.0878268182e-02
  -3.1095782295e-02
  2.0402045920e-02
  -8.2504563034e-02
  -1.6338853166e-02
  -6.4351119101e-02
  1.3371680677e-01
  2.9508192092e-02
  -4.6832509339e-02
  -4.1815754771e-01
  -1.2699976563e-01
  9.1670542955e-02
  9.6313506365e-03
  -1.5883525833e-02
  2.3938240111e-01
  -4.1222400963e-02
  9.1077741235e-03
  -1.5268265270e-02
  4.3555580080e-02
  -9.9086882547e-03
  1.4811703004e-02
  1.3388930261e-01
  1.0582536459e-01
  1.0555248708e-01
  -8.8680423796e-02
  1.5643072128e-01
  2.1286632121e-01
  2.7579182386e-01
  1.6432729363e-01
  9.2610530555e-02
  4.0247436613e-02
  8.8849961758e-02
  -7.7626757324e-02
  -3.1808838248e-03
  6.1013173312e-02
  1.2287959456e-02
  2.6366019249e-01
  -3.6331690848e-02
  4.7815263271e-02
  -8.9934498072e-02
  1.3281790912e-01
  -1.4376784861e-01
  1.0542026162e-01
  1.8301466107e-01
  3.5698946565e-02
  -3.2182864845e-02
  3.0111217871e-02
  6.7993827164e-02
  1.0374338180e-01
  -1.2648746371e-02
  -1.8169270828e-02
  -1.1129347980e-01
  -1.1803467572e-01
  -4.5260748267e-01
  -2.8071272373e-01
  -8.8563598692e-02
  -4.2761772871e-02
  1.7809253931e-01
  1.7938660085e-01
  2.6440197602e-02
  1.1708727479e-01
  8.8330261409e-02
  3.7823487073e-02
  6.1793630011e-03
  5.9629961848e-02
  6.2823891640e-02
  1.3077232242e-01
  -1.1597596109e-01
  -1.7618215084e-01
  -1.5164810419e-01
  1.8056392437e-03
  6.3196726143e-02
  7.6352663338e-02
  2.3360766470e-02
  1.2005156279e-01
  5.4898273200e-02
  3.1975671649e-02
  8.0392308533e-02
  -4.2206052691e-02
  -3.3383879811e-02
  3.3626016229e-02
  -6.5700896084e-02
  3.5036668181e-02
  1.5790035948e-02
  1.7808225006e-02
  6.0351919383e-03
  -5.9733752161e-02
  2.3995835334e-02
  -6.0199093074e-02
  -6.8862564862e-02
  1.2206850201e-01
  1.8381342292e-02
  -5.4453674704e-02
  -1.1924254894e-01
  -1.4385000803e-02
  3.8411580026e-02
  3.8982138038e-02
  1.0823551565e-01
  4.7667905688e-02
  -8.7535254657e-02
  5.2172169089e-03
  1.2630839832e-02
  3.1807333231e-02
  -6.1208210886e-02
  -7.0721800439e-03
  1.3752268255e-01
  -1.3706277125e-02
  -1.5294205397e-02
  5.5603295565e-02
  -1.2667693198e-01
  3.5074908286e-02
  -3.0408754945e-02
  7.0989709347e-03
  2.9820965603e-02
  -1.8863389269e-02
  1.2224739417e-02
  -1.1454661936e-01
  1.1443432420e-01
  6.2791217351e-04
  -4.4383820146e-02
  -9.8977468908e-02
  -3.1401023269e-02
  -8.1622011960e-02
  9.7017914057e-02
  1.4569973946e-01
  -6.1545692384e-02
  6.9587536156e-02
  -1.0717786849e-02
  1.8248574436e-01
  2.2785790265e-02
  4.7476040199e-03
  7.0937521756e-02
  6.1897020787e-02
  -5.8489087969e-02
  -1.1207602173e-01
  2.1052598953e-01
  1.8814921379e-01
  -6.9044895470e-02
  1.0744506121e-01
  -7.9985350370e-02
  -2.1427597106e-01
  5.9030905366e-02
  -5.8207422495e-02
  -4.1380498558e-02
  -1.1233091354e-01
  3.5588268191e-02
  -2.3760490119e-02
  -1.5653489530e-01
  -1.0561507195e-01
  -1.4746990800e-01
  5.3743226454e-03
  -6.9063633680e-02
  -3.0365484953e-01
  -3.8002923131e-02
  -8.7057203054e-02
  -3.8318660110e-02
  -1.0715810955e-01
  -1.2665747106e-01
  1.2862086296e-02
  3.4305505455e-02
  -3.1360365450e-02
  -4.5792311430e-02
  -7.1256764233e-02
  3.5102069378e-02
  -1.2857002020e-01
  2.5932403281e-02
  -1.5222676098e-01
  9.9121078849e-02
  1.6627065837e-01
  -1.2968775630e-01
  -1.0514993221e-01
  6.2147010118e-02
  -1.1642542481e-01
  -1.0407678038e-01
  -4.4081315398e-02
  7.4367836118e-02
  8.0849915743e-02
  -2.3114319891e-02
  -3.9137806743e-03
  4.3449833989e-01
  1.1142466217e-01
  1.3022831082e-01
  1.1719427258e-01
  -8.0583199859e-02
  -1.4904116094e-01
  9.6731474623e-03
  -9.9505536258e-02
  7.1636011126e-04
  -2.2200895473e-02
  4.3927263469e-02
  -1.5689738095e-01
  1.4274412394e-01
  -7.9363189638e-02
  8.8416978717e-02
  -1.0000755079e-02
  -8.7804198265e-02
  -4.8188250512e-02
  5.8407370001e-02
  5.6034032255e-02
  -1.4377425611e-01
  4.7844033688e-02
  9.2118501663e-02
  -1.7397192121e-01
  -2.2408863902e-01
  -4.5903377235e-02
  5.3012732416e-02
  -1.7172710598e-01
  -6.2254417688e-02
  6.3739396632e-02
  9.7481273115e-03
  -4.3782871217e-02
  8.0901794136e-03
  -1.4325518906e-01
  1.8912462890e-01
  -3.3335011452e-02
  1.7953853309e-01
  -1.9996050000e-01
  5.6201256812e-03
  8.1731051207e-02
  -3.1372758746e-01
  -6.0322731733e-02
  1.3192995451e-02
  1.5406574309e-01
  1.5905290842e-02
  1.6839508712e-01
  3.0237851664e-02
  7.6392982155e-03
  -6.4658090472e-02
  -1.3897688687e-01
  -2.2465100512e-02
  3.1199300289e-01
  4.7327879816e-02
  -4.4797250303e-04
  2.4641793966e-01
  8.6851328611e-02
  9.0540215373e-02
  -1.0014370829e-01
  -1.2784286402e-02
  -2.1153314039e-02
  -9.8239034414e-02
  -3.0260461569e-01
  -2.6641240716e-01
  -1.3610680401e-01
  -1.8098157644e-01
  -4.6233057976e-02
  8.6267165840e-02
  -4.1082572937e-01
  -6.2019400299e-02
  1.7635397613e-02
  1.5845377743e-01
  -2.0676842332e-01
  -2.1992060542e-01
  3.1430628896e-01
  -7.5912162662e-02
  2.1168734133e-01
  7.0301048458e-02
  2.7722798288e-02
  4.9585351348e-01
  1.2967993319e-01
  1.1169211566e-01
  -1.3079985976e-01
  1.7851959169e-01
  6.5432023257e-03
  6.9739319384e-02
  1.8663676083e-01
  -1.3507188857e-01
  -1.9336466491e-01
  -3.0716557056e-02
  7.0048615336e-02
  -1.1724630743e-01
  -5.2217643708e-02
  3.0062938109e-02
  -9.6291847527e-02
  -4.7526126727e-03
  -2.2175810300e-03
  1.6651771963e-02
  5.9135559946e-02
  -6.2579326332e-02
  -4.3876671791e-01
  8.8001871482e-03
  -7.9460039735e-02
  4.9547988921e-02
  9.8514966667e-03
  -5.9932071716e-02
  3.9789147675e-02
  1.5095023811e-01
  -5.8505505323e-02
  -2.0924414694e-01
  -1.3712287880e-02
  2.4293622002e-02
  8.9810259640e-02
  1.0622551665e-02
  -1.3361164927e-01
  2.2536860779e-03
  1.2927671894e-02
  -9.0280160308e-02
  4.6399358660e-02
  -4.6533335000e-02
  -1.2927542627e-01
  -2.7404525876e-01
  -8.9395470917e-02
  -1.8204320222e-02
  3.9801165462e-02
  -1.8844628707e-02
  9.5821820199e-02
  1.8467351794e-01
  1.5372544527e-01
  1.7420658842e-02
  1.8733938038e-01
  -2.2483091056e-01
  -1.3044650853e-01
  1.2937790155e-01
  -1.2651413679e-01
  -1.0702270269e-01
  2.3092579842e-01
  2.5112783909e-01
  3.8131108158e-04
  1.3614080846e-01
  -2.2970078886e-01
  1.0061813146e-01
  1.5689525753e-02
  7.1277372539e-02
  6.7163318396e-02
  1.7010089755e-01
  -3.6668306589e-01
  -5.5649746209e-02
  2.4543114007e-01
  1.4689609408e-01
  -1.9405497238e-02
  2.1324281394e-01
  2.0059607923e-02
  1.2517146766e-01
  -4.2190525681e-02
  -1.8717981875e-01
  4.5636527240e-02
  8.8491447270e-02
  2.0564220846e-01
  1.6928872466e-01
  1.9341276586e-01
  -1.2789162993e-01
  1.5694424510e-02
  2.8526237607e-01
  3.8805700839e-02
  1.6135299206e-01
  2.5959340855e-02
  -4.1655749083e-02
  2.6682043076e-01
  -6.7367903888e-02
  7.5787790120e-02
  2.0132242143e-01
  -3.4466452897e-02
  9.5575079322e-02
  -1.6020953655e-02
  5.7228777558e-02
  -2.5654982775e-02
  6.0618534684e-02
  -2.5098204613e-01
  1.4520803094e-01
  2.6107046008e-01
  -8.4185734391e-02
  1.2997558713e-01
  2.0242613554e-01
  1.0772994906e-01
  1.5629617497e-02
  -2.5900065899e-02
  -4.4140599668e-02
  1.9909423590e-01
  -4.4916320592e-02
  -4.5826447010e-01
  5.2522239275e-03
  -1.0578531027e-01
  -7.4598215520e-02
  1.5539392829e-01
  1.4022767544e-01
  -1.8624334037e-01
  -9.9956057966e-02
  -2.6382312179e-01
  -8.8750459254e-03
  -1.7607644200e-01
  6.3926614821e-02
  -1.2335160375e-01
  3.9625748992e-01
  -5.0816539675e-02
  -7.3434323072e-02
  8.6216934025e-02
  6.3442073762e-02
  -3.0501395464e-02
  7.2814173996e-02
  3.1663808972e-02
  -6.6404123791e-03
  2.5863492489e-01
  -9.2528976500e-02
  7.8134804964e-02
  -4.4008288532e-02
  -5.5685162544e-02
  -5.8237545192e-02
  3.7448346615e-02
  6.6412568092e-02
  -7.0218771696e-02
  1.2158777565e-01
  1.7665186897e-02
  3.0213411897e-02
  -1.1752736568e-01
  -1.2278540991e-02
  -9.9643729627e-02
  1.6437302530e-01
  -1.1659828573e-01
  -6.0469722375e-03
  -2.1837002039e-01
  3.9618249983e-02
  4.0124971420e-02
  4.9030170776e-03
  2.0599057898e-02
  -1.8372875452e-01
  1.2947487831e-01
  3.7058826536e-02
  3.0882541090e-02
  2.9527524486e-02
  9.1225199401e-02
  1.2419749983e-03
  -1.1895857751e-01
  3.4440364689e-02
  -1.3654607534e-01
  1.1498776823e-01
  8.8295571506e-02
  9.5255160704e-03
  5.9785537422e-02
  7.1810625494e-02
  1.9194269553e-02
  -1.3675747812e-01
  2.1663838997e-02
  4.5389410108e-02
  1.5593898483e-02
  1.7312352359e-01
  5.9220075607e-02
  -5.9927970171e-02
  -1.8251899630e-02
  3.4840606153e-02
  9.4797708094e-02
  2.2867114842e-01
  2.1000958979e-01
  5.3741682321e-02
  -6.5655611455e-02
  2.4833954871e-02
  -2.7639657259e-01
  -1.6820365563e-02
  2.9143046588e-02
  -1.8159313500e-01
  6.8508632481e-02
  -2.1546150744e-01
  2.0211838186e-01
  1.4250966907e-01
  -6.1872489750e-02
  1.6042096913e-01
  1.4756229706e-02
  -2.8359571099e-01
  1.3641296327e-01
  -4.8707984388e-02
  -2.0678810775e-02
  -1.3455528021e-01
  -1.5311881900e-01
  -1.2457666546e-01
  3.0696248636e-02
  -1.3637681305e-01
  -4.0748871863e-02
  -1.4075228572e-01
  -6.1919935048e-02
  -2.4449786171e-02
  -1.4115603268e-01
  -9.3070186675e-02
  -2.0250236616e-02
  3.6266581155e-03
  -1.4278347790e-01
  -1.1118345708e-01
  3.9973679930e-02
  -2.1081935614e-02
  -3.7602081895e-02
  3.0656537041e-02
  -7.4512369931e-02
  -8.6584657431e-02
  -3.6630734801e-02
  -9.1027066112e-02
  -1.8079176545e-02
  1.0107453912e-01
  -1.2537077069e-01
  -7.6043687761e-02
  3.6934837699e-02
  -2.1506721154e-02
  -8.8670611382e-02
  3.7630226463e-02
  2.4189574644e-02
  -3.0348837376e-02
  -3.4042872488e-02
  -8.6108990014e-02
  -9.7530540079e-03
  1.6191153228e-01
  1.4402888715e-01
  1.2623500824e-01
  2.3188320920e-02
  -4.9376957119e-02
  8.7222367525e-02
  -1.2468376756e-01
  3.5379773378e-01
  -1.9434679300e-02
  1.2603400648e-01
  -1.0390894115e-01
  1.2099651247e-01
  -2.8488588333e-01
  -3.7332455395e-04
  4.6145800501e-02
  4.0169041604e-02
  -5.4131776094e-01
  7.1964609623e-01
  -7.3809102178e-02
  -1.4466880560e+00
  -2.8420937061e-01
  1.2811375856e+00
  8.5731965303e-01
  2.3937959969e-01
  2.3532752991e+00
  1.2426710129e+00
  2.3148138821e-01
  4.0780380368e-01
  -3.0459138751e-01
  -1.4654572010e+00
  9.6490818262e-01
  -1.4030838013e-01
  9.9199455976e-01
  -3.9594483376e-01
  9.9639832973e-01
  -2.8507065773e+00
  2.2055487633e+00
  2.7533099055e-01
  -1.2286555767e+00
  -2.5811091065e-01
  3.1210184097e-01
  8.1208747625e-01
  4.6919125319e-01
  9.4446200132e-01
  6.8347132206e-01
  1.4042302370e+00
  7.3830699921e-01
  -1.2610093355e+00
  4.6556937695e-01
  -1.8159291148e-01
  1.2023013830e+00
  -1.9252371788e-01
  1.5984895229e+00
  -1.3604034483e-01
  -1.0415902138e+00
  -1.6446168721e-01
  -2.1827894449e-01
  -1.9820041955e-01
  2.1496318281e-01
  -1.4368645847e-01
  9.9205322564e-02
  -5.1299309731e-01
  2.6678209305e+00
  -2.4885106087e+00
  9.9874514341e-01
  1.1772059202e+00
  5.2332931757e-01
  5.2709424496e-01
  1.7860866785e+00
  -4.1297039390e-01
  -4.1142816544e+00
  -1.2379621267e+00
  5.1206117868e-01
  1.5907408670e-02
  6.5425282717e-01
  -2.4905596673e-01
  -4.0283435583e-01
  7.1109557152e-01
  -9.5554471016e-01
  -6.7570768297e-02
  2.6138012763e-03
  -3.3609828353e-01
  -2.4322932959e-01
  -4.4927842915e-02
  1.1642128229e-01
  1.3053832948e-01
  1.4651988447e-01
  1.5690460801e-01
  2.7647486329e-01
  1.2247457355e-01
  -1.9365850836e-02
  8.7508387864e-02
  6.0866918415e-02
  1.7119750381e-01
  4.0179401636e-02
  -7.1672489867e-03
  6.6016405821e-02
  9.0214259923e-02
  -3.0723795295e-01
  1.2795118988e-01
  -6.9978512824e-02
  2.5739380717e-01
  2.3848976940e-02
  2.2549070418e-01
  -3.6549277604e-02
  5.4680362344e-02
  -2.2819396108e-02
  2.9718086123e-01
  3.1734141707e-01
  4.6143129468e-02
  1.6860729456e-01
  -1.0477875173e-01
  1.4879629016e-01
  3.9526294917e-02
  4.6910494566e-03
  2.7051854134e-01
  -2.8807094693e-01
  -7.9528629780e-02
  1.3290287554e-01
  -9.4665206969e-02
  1.2280418724e-01
  1.3963313401e-01
  -1.9116066396e-01
  -2.2207472473e-02
  2.1512456238e-01
  4.3774640560e-01
  1.9679732621e-01
  -9.8696812987e-02
  -5.7667661458e-02
  -1.4624074101e-01
  3.3688113093e-02
  7.8944757581e-02
  -5.3832989186e-02
  -9.2811509967e-02
  -3.6959353834e-02
  -3.3129352331e-01
  -5.7930457406e-03
  -1.3372468948e-01
  5.1246660948e-01
  -2.8791215271e-02
  -1.1768706143e-02
  -1.0038651526e-01
  -4.9700466916e-03
  -7.0364370942e-02
  -1.7885883152e-01
  7.2600021958e-02
  -2.2564157844e-02
  -2.4156983942e-02
  -6.8693697453e-02
  1.7884416878e-01
  -1.2317808345e-02
  3.8099709898e-02
  7.6900862157e-02
  4.7939650714e-02
  4.8256162554e-02
  2.4502124637e-02
  1.1131665856e-01
  -9.3585036695e-02
  4.9394395202e-02
  -3.2768353820e-02
  -5.0116945058e-02
  3.2427880168e-01
  -8.6501516402e-02
  1.2765730917e-01
  2.3075567558e-02
  -1.1285953969e-01
  4.5920338482e-02
  -4.8272147775e-02
  -4.0573339909e-02
  -3.7523128092e-02
  2.2070869803e-01
  -2.8676399961e-03
  4.7278635204e-02
  -7.3349364102e-02
  -4.6628188342e-02
  1.6941264272e-01
  -2.3662997410e-02
  -1.1472802609e-01
  3.8176104426e-02
  -1.7294069752e-02
  -1.2722449005e-01
  1.0545910150e-01
  8.6595788598e-02
  5.8997198939e-03
  -1.2703879736e-02
  -2.1477317438e-02
  1.2481522560e-01
  -1.2243020348e-02
  -4.2320373654e-01
  -2.9064947367e-01
  -8.9527592063e-02
  6.8088568747e-02
  7.1669973433e-02
  4.9250990152e-02
  -1.3511900604e-01
  1.0129906237e-01
  5.4070379585e-02
  -9.9189653993e-02
  -2.0507982373e-01
  -4.2661331594e-02
  9.9758639932e-02
  1.8379805982e-01
  -5.7162798941e-02
  3.1733632088e-02
  -1.4867228270e-01
  9.2885205522e-03
  1.4886961877e-01
  -9.5226250589e-02
  -2.6297936216e-02
  9.4469428062e-02
  -4.7960821539e-02
  -5.6231681257e-02
  2.3156954348e-01
  -4.5822314918e-02
  3.5145293921e-02
  6.9332569838e-02
  1.0957171023e-01
  9.2140898108e-02
  3.2158128917e-02
  2.7257096022e-02
  -1.5457801521e-02
  6.2509931624e-02
  -1.2261835486e-01
  1.9703014195e-01
  2.0731987059e-01
  2.6129141450e-02
  7.3267971165e-03
  -6.1995010823e-02
  -5.0420697778e-02
  1.1051411182e-01
  9.8201697692e-03
  -9.9068284035e-02
  -4.9822453409e-02
  2.8779226542e-01
  -6.4509615302e-02
  3.5273771733e-02
  -4.6342179179e-02
  9.2794112861e-02
  1.6176474094e-01
  2.3491068184e-01
  -6.6642343998e-02
  -3.7543833256e-02
  9.2009149492e-02
  -5.2537447773e-03
  7.6042070985e-02
  4.7017171979e-02
  1.3421334326e-02
  -2.1693585441e-02
  -9.2477791011e-02
  3.2046660781e-02
  -7.3254709132e-03
  -4.3805101514e-01
  -2.6395970583e-01
  -1.2280581146e-01
  9.0245557949e-03
  -3.1689208001e-02
  1.1902175844e-01
  -9.0690769255e-02
  2.1091581881e-01
  -1.1282777786e-01
  3.0043764040e-02
  -1.2133698165e-01
  8.6178079247e-02
  1.2810134888e-01
  2.1544322371e-01
  -7.7347502112e-02
  -3.1990595162e-02
  6.0857735574e-02
  1.2676814198e-01
  -1.3791732490e-01
  3.7444320321e-01
  1.6741664708e-01
  3.1825490296e-02
  1.7123748362e-01
  -3.4659244120e-02
  -3.3379441500e-01
  -1.1111498624e-01
  -1.2202870846e-01
  -1.5697762370e-01
  -9.2130713165e-04
  -5.5035084486e-02
  -1.3644272089e-01
  -1.6476704180e-01
  -2.0301567018e-01
  -1.4225539565e-01
  -8.1838279963e-02
  1.3161066175e-01
  -2.5997501612e-01
  -3.4618860483e-01
  -6.1543937773e-02
  -1.4229170978e-01
  1.1338625103e-01
  -1.2046220154e-01
  -3.8897294551e-02
  -8.2986205816e-02
  -9.4850528985e-03
  3.7450201344e-03
  -1.2441343069e-01
  -1.2987516820e-01
  4.9360822886e-03
  9.9098116159e-02
  -1.0456199199e-01
  6.9552585483e-02
  2.6642542332e-02
  -2.6938235760e-01
  -2.5714429095e-02
  -7.1657679975e-02
  -1.9472515583e-01
  -1.7829192802e-02
  -1.5504960716e-01
  3.1308677047e-02
  3.4782208502e-02
  -1.4082983136e-01
  1.6850617528e-01
  5.0045899116e-03
  5.9490680695e-02
  5.8539710939e-02
  1.3221719861e-01
  -6.6472768784e-02
  -1.9921648502e-01
  7.8707486391e-02
  -8.1519603729e-02
  2.2342194617e-01
  -6.3398495317e-02
  1.7904160917e-01
  -1.0462899506e-01
  2.2664935887e-01
  -2.7995383367e-02
  1.0087683797e-01
  1.6945068538e-01
  -2.1566504613e-02
  1.3989368081e-01
  7.0033674128e-03
  -1.5372019261e-02
  -8.9630872011e-02
  -6.6932499409e-02
  2.8825739026e-01
  3.8038372993e-01
  -3.8157439232e-01
  -7.9904824495e-01
  -4.6077647805e-01
  -6.2115397304e-02
  1.3065142930e-01
  -3.8288027048e-01
  4.8813164234e-01
  -3.0873277783e-01
  -4.0790338069e-02
  3.8258254528e-01
  -6.3245457411e-01
  1.2937457860e-01
  -4.2783135176e-01
  8.1049306318e-03
  7.8945827484e-01
  2.5733307004e-01
  -2.0865328610e-01
  1.1868318170e-01
  -1.3272565603e+00
  1.4297491312e-01
  5.2147313952e-02
  -3.0253323913e-01
  -1.4309795201e-01
  8.0449974537e-01
  4.9617052078e-01
  -1.2708382681e-02
  2.5018996000e-01
  -1.1584041119e+00
  -5.5558215827e-03
  -8.9088690281e-01
  7.3447093368e-02
  -1.3973915577e-01
  3.6671081185e-01
  4.0764901042e-01
  -6.5985715389e-01
  2.5832387805e-01
  -3.1816664338e-01
  -1.1923162639e-01
  -1.4243773222e+00
  -1.6820093393e+00
  -5.1933693886e-01
  3.2259088755e-01
  -4.0294224024e-01
  -5.2273964882e-01
  -2.6610424742e-02
  -2.4892820418e-01
  -9.9029587582e-03
  3.9361602068e-01
  1.8943060935e-01
  6.7871218920e-01
  9.4911471009e-02
  -4.1201674938e-01
  3.5474601388e-01
  2.7798697352e-01
  -1.5292629600e-01
  6.2833708525e-01
  6.8801276386e-02
  -6.5255530179e-02
  -6.6723302007e-02
  1.1649694352e-04
  2.8066771105e-02
  -4.5625779778e-02
  -1.7233574390e-01
  -8.4284082055e-02
  1.0224673897e-01
  3.2029591966e-03
  -9.5616266131e-02
  1.5309865586e-02
  -8.5721694632e-04
  8.3449790254e-03
  -9.2098005116e-02
  1.5377071686e-02
  2.6895052288e-03
  -1.2682146393e-02
  -1.6270960914e-03
  5.0258629024e-02
  -8.1923179328e-02
  -4.9301311374e-02
  -1.7664635554e-02
  4.3082565069e-02
  -5.2602024516e-04
  1.1975037865e-02
  -6.3657872379e-02
  -6.1277370900e-02
  -4.6406430192e-03
  -3.8826499134e-02
  -3.4088923130e-03
  -2.1959796548e-02
  2.0810682327e-02
  -4.2649949901e-03
  8.4552422166e-02
  -8.8972285390e-02
  4.2666178197e-02
  6.7028887570e-02
  -2.5613382459e-02
  7.0550092496e-03
  3.4566123039e-02
  -3.2405573875e-02
  2.2658102214e-02
  -8.1194259226e-02
  -1.4538030326e-01
  -3.1445093453e-02
  -7.1330644190e-02
  2.9649360105e-02
  2.2492215037e-02
  1.1017846875e-02
  9.4394013286e-02
  4.6850787476e-03
  -5.7882025838e-02
  -1.8338391185e-01
  -1.3987328112e-01
  1.8977096677e-01
  1.0288393497e-01
  1.3959551230e-02
  -1.0032268614e-01
  1.5582241118e-01
  1.0117927566e-02
  2.3505019024e-02
  7.9637624323e-02
  1.2045420706e-02
  5.6464811787e-03
  9.4593644142e-02
  1.0332892090e-01
  -2.4702684954e-02
  -1.6797563061e-02
  6.5066456795e-02
  -5.6829370558e-02
  4.1966896504e-02
  3.8419414312e-02
  -4.8437558115e-02
  -1.3762904704e-01
  2.5904105976e-02
  -1.2750477530e-02
  5.9734554961e-03
  3.4332901239e-02
  2.1740023047e-02
  5.2671823651e-02
  2.1452179179e-02
  -1.0550867021e-01
  -3.3164951950e-02
  -3.7493549287e-02
  -6.0933284461e-02
  1.2560962932e-03
  -6.2544971704e-02
  -4.3346751481e-02
  -5.0051253289e-02
  -2.3324413225e-02
  -5.9078820050e-02
  -6.2410824001e-02
  -4.3318860233e-02
  -9.9886246026e-02
  6.8228088319e-02
  -1.5919199586e-01
  1.9529446959e-01
  -4.3413631618e-02
  1.8752863631e-02
  -5.3021393716e-02
  -6.3311405480e-02
  -1.2837169692e-02
  3.7284273654e-02
  -1.9008781528e-03
  2.9657911509e-03
  -4.1383292526e-02
  1.0889618099e-01
  -3.0708696693e-02
  2.0546284318e-01
  1.1632663012e-01
  5.9010617435e-02
  2.2343369201e-02
  1.0343701579e-03
  -1.0002388060e-01
  8.8471800089e-02
  -8.3674810827e-02
  -2.0954969525e-01
  -4.4915333390e-02
  2.2233773768e-01
  -1.0288056731e-01
  -7.1936242282e-02
  -1.1704483628e-01
  4.7533705831e-02
  -1.1322888732e-01
  2.7982801199e-01
  -2.2052976489e-01
  4.1578128934e-01
  -3.5707023740e-01
  -5.2453404665e-01
  -8.7830156088e-02
  1.0975735635e-01
  -7.0658665895e-01
  4.9162313342e-01
  1.0633260757e-01
  1.1920736730e-01
  5.4718959332e-01
  1.8473185599e-01
  4.9573382735e-01
  -1.5187257528e-01
  3.8787767291e-02
  3.9179885387e-01
  -9.7261440754e-01
  3.7834116817e-01
  3.3524361253e-01
  -2.9640194774e-01
  -1.4826127887e-01
  -9.5044150949e-02
  -4.1889864206e-01
  3.6933347583e-01
  7.0280724764e-01
  -6.8147814274e-01
  -3.9411477745e-02
  4.5413202047e-01
  -4.4921198860e-03
  -6.4374285936e-01
  3.3402165771e-01
  -1.3456982374e-01
  2.4923309684e-01
  4.7038286924e-01
  -1.2890909910e+00
  -1.9491669536e-01
  7.5841295719e-01
  3.3398076892e-01
  -4.9350813031e-01
  3.3192321658e-02
  -1.0701455921e-01
  1.6594815254e-01
  2.6198095083e-01
  -1.4329476357e+00
  -6.5467037261e-02
  -2.5613781810e-01
  2.1427035332e-01
  3.3478879929e-01
  -4.3579635024e-01
  -2.6132646203e-01
  -1.3364779949e-01
  7.5193643570e-01
  -7.5506776571e-01
  4.3628871441e-01
  1.5255532265e+00
  -1.3286914825e+00
  -1.9708527625e-01
  -6.5784484148e-01
  1.1127216816e+00
  -5.4645442963e-01
  1.2317366153e-01
  2.7985891700e-01
  -8.1898176670e-01
  -3.0214819312e-01
  -1.0380408168e-01
  -9.3489885330e-02
  -2.0378775895e-01
  3.4434965253e-01
  1.0627301782e-01
  -6.7863628268e-02
  8.8845506310e-02
  -1.7094042897e-01
  -2.0928917825e-01
  1.0228791833e-01
  2.9044377804e-01
  -1.0510309786e-01
  3.0703017116e-01
  -1.0492601991e-01
  1.2443114817e-01
  -6.8217799067e-02
  -1.1318234354e-01
  4.7074984759e-02
  1.1948758364e-01
  1.7985405028e-01
  1.6877275705e-01
  2.7400952604e-05
  -1.0838967562e-01
  1.1549167335e-01
  -3.2017976046e-01
  6.8476289511e-02
  2.6182159781e-01
  -1.3087192178e-01
  -1.0711049289e-01
  1.5951198339e-01
  -2.9998111725e-01
  -3.8073308766e-02
  -1.6859273612e-01
  -2.2732882202e-01
  -2.2988307476e-01
  -2.3479983211e-02
  1.2475415319e-01
  -2.0179514587e-01
  3.1563678384e-01
  -6.7353263497e-02
  -5.3509944677e-01
  3.1248891354e-01
  9.1543227434e-02
  5.7896759361e-02
  9.0880498290e-02
  -1.6503043473e-01
  -1.5980710089e-01
  -3.1592391897e-03
  1.2342380732e-01
  4.8367080092e-01
  -3.7906232476e-01
  -1.0977785289e-01
  1.7447561026e-01
  -1.0067861080e+00
  1.9473381341e-01
  -2.4317644536e-01
  2.5646305084e-01
  1.4713780582e-01
  -9.3100406229e-02
  2.6683980227e-01
  -1.2917630374e-01
  -7.2136908770e-02
  1.9954234362e-01
  1.0069950484e-02
  -1.3320945203e-01
  -6.3330531120e-02
  -1.2518486381e-01
  3.2407501340e-01
  -7.8769870102e-02
  -1.9605392218e-01
  4.1609919071e-01
  2.7958792448e-01
  9.5486566424e-02
  1.2463299930e-01
  -3.1665188074e-01
  1.3171654940e+00
  -1.0416139849e-02
  -5.4964426905e-02
  -8.7228292227e-01
  8.9848309755e-02
  1.7264733091e-02
  5.2024731413e-03
  6.4013697207e-02
  -1.3278241456e-01
  -1.4741785824e-02
  -2.7907607146e-03
  1.2046589516e-02
  1.2758847326e-02
  1.6303000972e-02
  -7.2552524507e-02
  -6.0101930052e-02
  -1.4547754079e-02
  -8.7860807776e-02
  2.3907752708e-02
  -1.5406986699e-02
  9.5489555970e-03
  3.9548069239e-02
  2.2759282589e-01
  -1.3508700067e-03
  -5.2568532526e-02
  -1.5991440415e-01
  -1.4343781397e-02
  3.2571621239e-02
  -9.8550841212e-02
  4.2381484061e-02
  9.8636671901e-03
  -7.3394373059e-02
  1.2396843173e-02
  1.6246862710e-02
  -1.9208746031e-02
  1.0156700015e-01
  -1.1082351208e-02
  2.8100483119e-02
  1.1046648026e-02
  6.7192196846e-02
  1.4995563542e-03
  -3.7882097065e-02
  2.1967450157e-02
  -6.6040389240e-02
  -8.7773883715e-03
  3.4578183293e-01
  -2.3713722825e-01
  -2.4002028629e-02
  -4.8099011183e-03
  -2.5466322899e-02
  3.6884743720e-02
  1.0246705264e-02
  -1.6457722522e-03
  -2.0946267992e-02
  -2.7768203616e-01
  1.6504427791e-01
  2.1156128496e-02
  -5.2345886827e-02
  4.1892802715e-01
  -3.7479836494e-02
  8.9252755046e-02
  -6.7263588309e-02
  1.8933191895e-02
  1.9626289606e-02
  -4.2987108231e-02
  4.3522868305e-02
  -7.4082049541e-03
  -1.2061440386e-02
  2.5822964963e-03
  3.8221959025e-02
  -7.2611258365e-03
  1.0982253589e-02
  -5.0468314439e-02
  -1.4035663567e-02
  5.3481511772e-02
  -1.8956752121e-01
  -6.0525316745e-02
  -3.2421357930e-02
  -2.9359880835e-02
  4.7273185104e-02
  -3.5266673565e-01
  1.8081497401e-03
  8.2183033228e-03
  -3.2535296679e-01
  2.1908981800e+00
  1.4059820771e-01
  2.3172992468e-01
  3.0066385865e-01
  -1.8992992118e-02
  1.8881377578e-01
  4.7537925839e-01
  5.3321093321e-02
  9.3891263008e-02
  6.8834684789e-02
  -1.1845047772e-01
  3.3274599910e-01
  1.6174370050e-01
  7.1408316493e-02
  1.7959634960e-01
  1.0804978758e-01
  -2.1861219406e-01
  3.3604991436e-01
  5.1463478804e-01
  3.3199000359e-01
  4.3746720999e-02
  -1.9852356613e-01
  -9.4565339386e-02
  9.2883855104e-02
  1.0509981774e-02
  3.0915498734e-01
  5.1996380091e-01
  2.0088656247e-01
  -2.9810783267e-01
  -4.8287976533e-03
  -6.5878346562e-02
  -1.4040313661e-01
  5.0217453390e-02
  -1.1900075711e-02
  2.6255884767e-01
  -1.0793488473e-02
  -2.1548876539e-02
  1.2196320295e-01
  1.8767885864e-01
  3.4662228823e-01
  1.1802052706e-01
  2.2127774358e-01
  3.0206695199e-01
  4.1144859791e-01
  -3.4356194083e-03
  -2.9747849330e-02
  -1.7166070640e-01
  -1.7631369829e-01
  -1.3626445830e-01
  -2.0715540648e-01
  -1.3124926388e-01
  -3.4076637030e-01
  -9.0121351182e-02
  -2.4591900408e-01
  1.4244831167e-02
  1.3650523126e-01
  1.1230318993e-01
  -2.8571397066e-01
  -3.7040472031e-01
  1.7369672656e-01
  -1.1016645283e-01
  -1.0290260613e-01
  -1.1882765591e-01
  1.1049301177e-01
  4.4334009290e-01
  7.4666969478e-02
  -9.6577830613e-02
  1.5287458897e-01
  -2.3672102392e-01
  -3.5079732537e-01
  -3.2736599445e-01
  3.0554370955e-02
  -1.3940937817e-01
  1.9704072177e-01
  5.9863336384e-02
  3.1524157524e-01
  2.9906830192e-01
  -1.8202276528e-01
  -1.6264139116e-01
  1.1103081703e-01
  6.4574338496e-02
  -2.8529304266e-01
  -2.5491384789e-02
  -1.6801026464e-01
  -2.3607531190e-01
  4.4875741005e-02
  1.1801610142e-01
  -2.4930547178e-01
  -4.8559540510e-01
  -4.2303663492e-01
  -4.0898907185e-01
  7.3216664791e-01
  3.8249412179e-01
  -1.2892946601e-01
  -4.9988027662e-02
  -1.4008201659e-01
  -4.6149332076e-02
  1.7714047432e-01
  3.7410396338e-01
  -5.3971958160e-01
  -4.2905241251e-01
  3.6234363914e-02
  1.1642831564e-01
  -1.8752498925e-01
  -1.9782133400e-01
  1.3785295188e-01
  -2.4413671345e-02
  -1.0070551932e-01
  -1.5968172252e-01
  -6.2669016421e-02
  9.3759723008e-02
  -8.4928289056e-02
  3.6254307628e-01
  1.8542778492e-01
  -3.5343593359e-01
  -3.8901782036e-01
  -4.7263586521e-01
  -4.7029502690e-02
  -2.0436619222e-01
  -4.9654260278e-02
  8.8488809764e-02
  2.8043988347e-01
  3.2663550973e-01
  -3.1833652407e-02
  1.1169198155e-01
  -1.0103116184e-01
  -5.1623952389e-01
  -1.8554164469e-01
  -3.4825414419e-01
  1.0672084987e-01
  -2.2921194136e-01
  -3.1624260545e-01
  -1.8665212393e-01
  9.8129905760e-02
  -2.3545878008e-02
  1.6073666513e-01
  3.7257283926e-01
  -2.6740470529e-01
  -3.9925032854e-01
  1.9537442923e-01
  1.4826264977e-01
  1.5482880175e-01
  2.8172826767e-01
  -7.0397603512e-01
  -6.6769379377e-01
  -4.9686949700e-02
  9.0379789472e-02
  8.6377821863e-02
  -1.0377366096e-01
  -4.7364912927e-02
  -5.3474038839e-01
  4.2124238610e-01
  3.6694371700e-01
  -1.1201054603e-01
  1.7540645599e-01
  7.3338800669e-01
  3.1140530109e-01
  -2.4281018972e-01
  4.4023808837e-01
  5.0560016185e-02
  -3.6881290376e-02
  -1.4091494679e-01
  2.3277540505e-01
  -1.5558177233e-01
  2.3612114787e-01
  2.2872868180e-01
  -5.4976862669e-01
  -2.5341600180e-01
  -4.0270772576e-01
  -8.6827062070e-02
  4.4412344694e-01
  2.2783327103e-01
  1.5714670718e-01
  -7.4368596077e-02
  2.3701989651e-01
  8.6216606200e-02
  1.7122711241e-01
  1.7132237554e-01
  -5.5933248997e-01
  -2.4785032868e-01
  -4.9270042777e-01
  2.3529963195e-01
  5.8786690235e-01
  -1.2669542432e-01
  -3.6938983202e-01
  -1.7012917995e-01
  5.1106087863e-02
  2.2493784782e-03
  2.6941004395e-01
  2.3973360658e-01
  2.3826441169e-01
  3.3448585868e-01
  1.8666815758e-01
  2.5778689981e-01
  -1.3480097055e-01
  -5.4452049732e-01
  -4.1088789701e-01
  -7.5569137931e-02
  3.5100671649e-01
  1.9533902407e-02
  -2.1636739373e-01
  -6.2393348664e-02
  2.5628855452e-02
  5.7608389854e-01
  6.7970347404e-01
  -1.4094555378e-01
  -7.6581418514e-01
  4.0722134709e-01
  4.7392269969e-01
  -1.2615126371e-01
  -1.0174712539e-01
  1.3527848758e-02
  6.1984886415e-03
  2.5294907391e-02
  -2.8688368201e-01
  7.4020743370e-02
  1.3607293367e-01
  1.4594957232e-01
  -1.1107058823e-01
  -1.3904553838e-02
  -1.6738595441e-02
  6.0105867684e-02
  3.1779509038e-02
  -3.2292302698e-02
  -1.0604334064e-02
  -3.3696278930e-01
  -3.5022506118e-01
  2.3753614724e-01
  1.7992503941e-01
  5.9877812862e-02
  1.6298326850e-01
  -3.3651751280e-01
  -7.9574607313e-02
  -1.8580999970e-01
  -1.4190354943e-01
  2.0329245925e-01
  -7.8103117645e-02
  8.0265700817e-02
  -4.4843301177e-02
  -1.5952037275e-01
  9.6868775785e-02
  1.0121652484e-01
  1.6906242073e-01
  5.1084548235e-01
  -4.2477149516e-02
  -3.9700242877e-01
  -4.5847454667e-01
  -2.3184812069e-01
  8.8850714266e-02
  -5.4895531386e-02
  -1.2723490596e-01
  -2.7362427115e-01
  -5.2571832202e-04
  3.4494206309e-01
  3.7350922823e-01
  2.6224565506e-01
  1.2626852095e-01
  2.0984302461e-01
  6.1252778769e-01
  5.9285706282e-01
  5.0402838737e-02
  -3.1527940184e-02
  -2.3388925195e-01
  -2.8169514611e-02
  -2.3507867008e-02
  -6.4426071942e-02
  -1.7891322076e-01
  -3.1397411227e-01
  -4.5562741160e-01
  1.2046607584e-01
  -4.0029618144e-01
  1.0164736956e-01
  6.8196199834e-02
  6.3434511423e-02
  -2.0498964190e-01
  1.8179738522e-01
  -2.0910704136e-01
  -6.6367155313e-01
  -4.2185878754e-01
  -8.7708055973e-01
  -4.2719060183e-01
  2.7326908708e-01
  8.2436334342e-03
  7.9666453600e-01
  5.5793190002e-01
  -2.3096626997e-01
  -4.2891088128e-01
  -1.9189824164e-01
  2.0710857585e-02
  -2.9685440660e-01
  -3.0486559868e-01
  -1.5655231476e-01
  7.1893051267e-02
  3.3554604650e-01
  -6.6571846604e-02
  -4.4628927112e-01
  8.5029177368e-02
  -5.2370983362e-01
  -4.3660709262e-01
  1.8401215971e-01
  -8.3523683250e-02
  -3.3801842481e-02
  -2.9744380713e-01
  1.3563968241e-01
  -2.5622513145e-02
  3.2414001226e-01
  4.0983849764e-01
  -5.3077560663e-01
  -3.1682130694e-01
  5.3178584576e-01
  3.3249077201e-01
  -5.6230080128e-01
  2.6336068287e-02
  9.7691424191e-02
  1.3104695082e-01
  2.8612464666e-02
  6.1381671578e-02
  1.0761294514e-01
  2.8298100829e-01
  1.9581170380e-01
  1.2899869680e-01
  5.2323743701e-02
  -7.4939869344e-02
  -2.1978071332e-01
  -1.3074143231e-01
  3.1450453401e-01
  8.7689943612e-02
  2.0048843324e-01
  9.0926617384e-02
  3.5834106803e-01
  2.7121183276e-01
  -2.9059335589e-01
  2.6333993301e-02
  -1.0642933846e-01
  -3.1728189439e-02
  -2.1695907414e-01
  1.3679940253e-02
  3.8481104374e-01
  2.5570008159e-01
  2.8769779205e-01
  -2.2755275667e-01
  -1.6838885844e-01
  -9.4878077507e-02
  1.0909546167e-01
  2.9976227880e-01
  1.1875813454e-01
  1.7229327559e-01
  -2.4490880966e-01
  -1.5681130812e-02
  2.5002336502e-01
  2.4174639583e-01
  -9.6568055451e-02
  -4.9557358027e-01
  8.8858269155e-02
  1.6416519880e-01
  2.0453041792e-01
  3.5496822000e-01
  -1.4286829531e-01
  -3.8314422965e-01
  8.6859077215e-02
  1.1438639835e-02
  1.1844557524e-01
  -3.0953490734e-01
  -4.8747408390e-01
  1.4931926131e-01
  -1.5724353492e-02
  3.5525798798e-02
  2.3660686612e-01
  9.5710247755e-02
  -1.3441814482e-01
  -6.8558953702e-02
  3.7010456435e-03
  -3.5632267594e-01
  -2.1148401499e-01
  2.4893060327e-01
  1.9278486073e-01
  5.7729375362e-01
  4.7824624926e-02
  -2.3495767266e-02
  4.2471140623e-03
  -6.3951812685e-02
  -5.7665083557e-02
  -1.1083602905e-02
  -1.8555041403e-02
  -6.0594715178e-02
  8.9961707592e-02
  -2.0673322678e-01
  4.2677897215e-01
  2.3023392260e-01
  -3.2236921787e-01
  4.8749070615e-02
  2.5004981086e-02
  3.2326710224e-01
  -1.8942765892e-02
  9.4153828919e-02
  -1.4141258597e-01
  -3.5645198822e-01
  3.6670115590e-01
  2.2429722548e-01
  -1.1262403429e-01
  -2.2715698183e-01
  -7.9289430380e-01
  -2.2906430066e-01
  7.7780658007e-01
  5.7925796509e-01
  -2.8043039143e-02
  1.9875630736e-01
  6.9941751659e-02
  1.0307104886e-01
  8.3841457963e-02
  2.0302937925e-01
  -5.0572109222e-01
  -5.2580904961e-01
  4.8257941008e-01
  8.0092608929e-02
  -3.5698601604e-01
  -4.2551863194e-01
  5.3588632494e-02
  -4.2324806564e-03
  -1.9298298657e-01
  -9.5393173397e-02
  -3.9427927136e-01
  -4.3940079212e-01
  -4.2791905999e-01
  -2.9475441575e-01
  3.5845497251e-01
  4.9446681142e-01
  -4.6940159053e-02
  8.1004224718e-02
  5.5862661451e-02
  5.3621664643e-02
  9.6406362951e-02
  2.6564192027e-02
  -1.0316363573e+00
  -6.7445087433e-01
  -1.1983038187e+00
  -1.4754760265e-01
  6.5055590868e-01
  6.1299550533e-01
  1.4497518539e+00
  2.6488476992e-01
  3.1889325380e-01
  1.7209757864e-01
  -7.1621590853e-01
  -8.6650565267e-02
  -3.5394772887e-01
  -4.4667750597e-01
  1.6338758171e-01
  2.7988085151e-01
  -1.0566807985e+00
  -7.4718052149e-01
  -6.2137687206e-01
  -5.8189010620e-01
  8.4177196026e-01
  1.3222752810e+00
  -7.9568944871e-02
  -1.0467933118e-01
  -5.1238757372e-01
  -4.4319114089e-01
  -2.4453984573e-02
  4.6563488245e-01
  -1.1231189966e+00
  -1.0867633820e+00
  6.8882293999e-04
  -2.7617639303e-01
  -1.8000777066e-01
  -4.9761694670e-01
  -2.8575494885e-02
  -2.2294355929e-01
  1.8872083724e-01
  3.9256691933e-02
  2.3704642430e-02
  -3.2576315105e-02
  1.3656750321e-01
  -4.4605513103e-03
  3.3552914858e-02
  -2.4131280184e-01
  -1.8997734878e-03
  7.2497613728e-02
  -1.2613123655e-01
  1.8103885651e-01
  2.1951401606e-02
  -3.1142668799e-02
  2.2804538906e-01
  -1.0711704195e-01
  -5.8341298252e-02
  3.2129964232e-01
  -2.1173329651e-01
  5.5532890558e-01
  -1.2775328942e-02
  -1.3078445196e-01
  1.9396597147e-01
  8.5956685245e-02
  2.8866630048e-02
  1.0922402889e-01
  -3.6040866375e-01
  1.4759844542e-01
  7.0248454809e-02
  -8.5856243968e-02
  4.8381802440e-01
  9.2229887843e-02
  4.8633933067e-02
  1.4267736673e-01
  -1.6014994681e-01
  1.5933226049e-01
  -2.6253247261e-01
  -8.1566645531e-04
  6.3915164210e-03
  4.4977102429e-02
  -2.0958326757e-01
  7.2788409889e-02
  -5.7468014956e-01
  -1.3212381303e-01
  4.7223478556e-01
  1.8693399429e-01
  5.5492275953e-01
  -1.2325084955e-01
  1.5793327987e-01
  -2.5194400921e-02
  -8.0049023032e-02
  -1.3420538604e-01
  -1.9948700070e-01
  -3.4548416734e-02
  8.9471474290e-02
  1.0978188366e-01
  -3.3217081428e-01
  -2.7215504646e-01
  1.8462577462e-01
  -2.4731697142e-01
  5.5381500721e-01
  1.7207634449e-01
  1.5731476247e-01
  3.9365640283e-01
  -2.5581169128e-01
  -3.1078851223e-01
  8.2015514374e-02
  7.4811868370e-02
  -1.9331398606e-01
  -8.2625046372e-02
  -1.5626776218e-01
  -1.8899817765e-01
  2.7745971084e-01
  8.0854967237e-02
  1.2127432227e-01
  2.0955075324e-01
  -1.2539386749e-01
  -1.8102984130e-01
  -3.6301410198e-01
  -2.6765584946e-01
  5.5547249503e-03
  -9.5296002924e-02
  3.9211571217e-01
  3.3616757393e-01
  -2.9060570523e-02
  2.1052987874e-01
  1.2353587896e-01
  3.1836617738e-02
  9.8170656711e-03
  -9.7786642611e-02
  1.6533145308e-01
  3.5375753045e-01
  4.4160157442e-02
  -1.2012300082e-02
  -5.5952137336e-03
  -1.1375764757e-01
  -3.3851962537e-02
  8.6897164583e-02
  1.4882414043e-01
  5.2778545767e-02
  -1.2787356973e-01
  2.7810928226e-01
  -2.4663278833e-02
  -1.3741517067e-01
  1.5947666764e-01
  -1.2691688538e-01
  -5.2629467100e-03
  1.2143111229e-01
  3.6661422253e-01
  -3.7553608418e-01
  4.3063768744e-01
  1.4854788780e-01
  -5.3289353848e-01
  3.6627706885e-01
  -2.1987214684e-01
  -3.8847157359e-01
  1.6346375644e-01
  -9.0115845203e-02
  2.0963954926e-01
  2.5226512551e-01
  2.3224204779e-01
  -4.4446706772e-01
  -6.5946650505e-01
  -8.1729900837e-01
  -1.0890445113e-01
  2.8973701596e-01
  1.6284918785e-01
  2.4883657694e-01
  2.4559935927e-01
  -1.0889205337e-01
  1.5078797005e-02
  -7.2585605085e-03
  1.4577303827e-01
  -3.8024801016e-01
  -6.4199380577e-02
  1.3007234782e-02
  -2.6785662770e-01
  1.6331008077e-01
  6.8508861586e-03
  -3.0240748078e-02
  1.4885784686e-01
  -6.4819604158e-02
  1.3723394275e-01
  1.1985255033e-01
  3.7981128693e-01
  -2.3550051451e-01
  1.1036270112e-01
  -2.9354270548e-02
  -1.2054873258e-01
  -1.1202665418e-01
  5.4714094847e-02
  -1.2376478873e-02
  -4.4192111492e-01
  1.8426640332e-01
  4.4971875846e-02
  -2.1427761763e-02
  -1.1156599224e-01
  2.3627765477e-01
  -7.7367231250e-02
  6.6285826266e-02
  -3.1137013435e-01
  -2.5126028061e-01
  -3.5154646635e-01
  1.3493694365e-01
  1.9805113971e-01
  4.6399688721e-01
  5.5884200335e-01
  -7.4048107862e-01
  -1.3833954930e-01
  -2.0215173066e-01
  -9.7912505269e-02
  4.4977054000e-02
  -1.2047942728e-02
  -3.7170356512e-01
  -3.8267025352e-01
  3.3755722642e-01
  1.7799070477e-01
  2.2277641296e-01
  4.6834394336e-01
  -2.9517868161e-01
  -1.9246372581e-01
  -5.7149808854e-02
  -5.6343555450e-02
  -1.7042739689e-01
  -2.3958110809e-01
  4.6708125621e-02
  -3.6350628734e-01
  3.8770368695e-01
  1.9872038066e-01
  -2.1538874507e-01
  -1.1936997622e-01
  2.6105207205e-01
  -2.9036179185e-01
  1.9184091687e-01
  2.1707333624e-01
  -2.2956669331e-01
  -2.6432946324e-01
  -3.7789750844e-02
  -5.9425409883e-02
  -4.8324394971e-02
  7.0759147406e-02
  -2.8001213074e-01
  -3.7681344151e-01
  2.6806566119e-01
  3.5672056675e-01
  -6.9812172651e-01
  -4.1007485986e-01
  2.2103816271e-01
  -1.3551385701e-01
  -1.4124734700e-01
  2.8506739065e-02
  -3.1351387501e-02
  -2.5918009877e-01
  4.0222445130e-01
  8.1190839410e-02
  2.7005299926e-01
  6.3045758009e-01
  -7.1062570810e-01
  4.0811885148e-02
  -6.9289243221e-01
  -1.8803201616e-01
  1.3699842989e-01
  1.8902679905e-02
  3.3743220568e-01
  -3.3843591809e-02
  -1.3181246817e-01
  -3.0868577957e-01
  -7.6751047373e-01
  1.4606140554e-01
  -7.0456981659e-02
  9.8703958094e-02
  1.1067427695e-01
  1.1579794437e-01
  -3.4447631240e-01
  1.8655212224e-01
  -8.6332142353e-02
  -6.4236897230e-01
  1.1631911993e+00
  5.7282011956e-02
  6.5756261349e-01
  2.8421720862e-01
  -1.2262603641e-01
  -1.2606783211e-01
  -2.3408354819e-01
  2.8579577804e-01
  -4.9106234312e-01
  -3.7091284990e-01
  2.5028614327e-02
  -3.1857989728e-02
  -1.1725556850e-01
  -1.8287973106e-01
  -1.0539311171e-01
  -4.0630051494e-01
  9.0333878994e-01
  1.3106402755e-01
  6.3951855898e-01
  9.4276934862e-02
  -1.4363615215e-01
  1.4393217862e-02
  -2.9942825437e-01
  -1.9017982483e-01
  -2.4097344279e-01
  -1.9170774147e-02
  -1.0424175300e-02
  -3.4041592479e-01
  2.2128373384e-01
  3.3726364374e-01
  5.3633701801e-01
  1.9449020922e-01
  -2.7642619610e-01
  -5.4006022215e-01
  -5.8485376835e-01
  -2.3128202558e-01
  -4.0518727154e-02
  3.8478630781e-01
  4.1974014044e-01
  4.6936661005e-01
  3.6030963063e-01
  -1.8308976293e-01
  -4.5017859340e-01
  -2.7089229226e-01
  -2.8689786792e-01
  -2.0045965910e-01
  -1.4696586132e-01
  6.1909075826e-02
  2.1749812365e-01
  3.0058369040e-01
  1.0906350613e-01
  -4.7555363178e-01
  -2.0960660279e-01
  -1.4748689532e-01
  1.8277572468e-02
  2.3942680657e-01
  -1.2220029533e-01
  1.4341638982e-01
  -1.2538860738e-01
  -3.1871744990e-01
  -2.5328695774e-01
  2.9081022367e-03
  -2.3060324788e-01
  -7.5398765504e-02
  1.9665351510e-01
  -1.2454558164e-02
  -4.8320781440e-02
  -2.7404570580e-01
  -2.1785674617e-02
  -2.3683099449e-01
  3.7108622491e-03
  1.3542568684e-01
  1.0889157653e-01
  1.8534546718e-02
  6.5084829926e-02
  1.2668295205e-01
  -3.6931157112e-02
  1.7801295966e-02
  2.7690416574e-01
  -6.5712976456e-01
  -5.2731579542e-01
  4.1439336538e-01
  4.0788191557e-01
  6.7317485809e-01
  5.9814542532e-01
  -4.5750832558e-01
  -6.5525835752e-01
  -3.6344599724e-01
  -3.6670362949e-01
  1.7288774252e-01
  2.2937987745e-01
  8.6067211628e-01
  1.4000735283e+00
  1.3221348822e-01
  1.8430818617e-01
  -1.0863821022e-02
  -6.2375757843e-02
  -8.4981080145e-03
  -1.6045163572e-01
  1.3723556697e-01
  -2.1941391751e-02
  2.2879201174e-01
  4.5234236866e-02
  -3.3884289861e-01
  9.5870606601e-02
  2.1715202928e-01
  2.1467188001e-01
  1.9933192432e-01
  1.4771406353e-01
  -2.5881543756e-02
  5.5670134723e-02
  3.2125309110e-01
  9.4734923914e-03
  1.0057275742e-01
  1.7115351558e-01
  2.5960262865e-02
  -1.1900023371e-01
  2.3655524850e-01
  1.8571858108e-01
  -4.8597773910e-01
  -1.2897899747e-01
  1.2865205109e-01
  8.7673678994e-02
  -2.4391885847e-02
  -7.8977271914e-02
  4.1979376227e-02
  -1.6242515296e-02
  1.8140479922e-02
  -1.5305964649e-01
  -5.2000358701e-02
  -6.4222109504e-03
  1.5193593502e-01
  -3.2120805979e-01
  6.5589778125e-02
  -3.4635460377e-01
  3.0235597491e-01
  6.9219112396e-01
  -3.5143405199e-02
  4.0358442068e-01
  3.3627554774e-02
  -3.5827791691e-01
  1.7422719300e-01
  -2.5154882669e-01
  3.4745261073e-01
  -1.6125269234e-01
  2.0108214021e-01
  5.8939516544e-01
  4.4362295419e-02
  3.6176985502e-01
  -4.8767058179e-03
  -1.0366173834e-01
  1.7430575192e-01
  -5.6356757879e-02
  -1.7105051875e-01
  -9.1634862125e-02
  3.3966290951e-01
  1.2926520407e-01
  1.9718894735e-02
  -4.0067887306e-01
  -1.9938211143e-01
  7.9201601446e-02
  -1.4480258524e-01
  1.5204679966e-01
  7.4608586729e-02
  1.8725042045e-01
  -6.5050765872e-02
  -9.7227878869e-02
  1.6881467402e-01
  -1.4748021960e-01
  1.9589794800e-02
  -4.7120664269e-02
  -4.3769493699e-02
  3.1442504376e-02
  9.2902176082e-02
  -1.7886070907e-01
  -1.9318442047e-01
  1.7941559199e-03
  2.0022299886e-01
  5.3789442778e-01
  -1.1858392507e-01
  -1.2980695069e-01
  -1.7576862872e-01
  -1.6147512943e-02
  -6.3123905659e-01
  -5.2035737038e-01
  4.0619620681e-01
  2.5281864405e-01
  5.3570389748e-01
  4.6686425805e-01
  -2.8927540779e-01
  -3.1757172942e-01
  -2.7493166924e-01
  -3.3004000783e-01
  3.0341461301e-01
  -1.2478304561e-03
  1.4861011505e-01
  6.6517926753e-02
  4.0041095018e-01
  4.0738555789e-01
  1.7973933369e-02
  1.2840634584e-01
  -5.0734400749e-01
  -3.0282577872e-01
  -1.9211715460e-01
  -2.0342271030e-01
  1.2002284639e-02
  2.2550159693e-01
  -2.4732744694e-01
  -2.3008008301e-01
  1.0623294115e-01
  2.9540270567e-02
  -2.1954125259e-03
  -1.2066733092e-01
  1.6594419256e-02
  -3.4285385162e-02
  -1.0812950879e-01
  -1.3827256858e-01
  -2.4209150672e-01
  1.6611221433e-01
  -2.7447602153e-01
  -1.9308817387e-01
  -2.5833396241e-02
  -5.3747985512e-03
  -8.8947854936e-02
  -2.4314378388e-03
  2.1629184484e-01
  -5.3455311805e-02
  -9.2639297247e-02
  2.9232032597e-02
  1.7441307008e-01
  -1.7171864212e-01
  6.4166255295e-02
  7.9820007086e-02
  8.1900358200e-02
  7.6482318342e-02
  6.4308501780e-02
  8.2328677177e-02
  7.4483245611e-02
  5.5320337415e-02
  6.2202129513e-02
  7.7751812935e+00
  1.1446939468e+01
  8.3456239700e+00
  1.1091283798e+01
  6.9710292816e+00
  8.1229667664e+00
  7.4717273712e+00
  8.2552461624e+00
  6.7779974937e+00
  5.3796315193e+00
  5.2262368202e+00
  3.3821904659e+00
  7.7352910042e+00
  5.7837486267e+00
  5.1303586960e+00
  5.2799530029e+00
  5.1979041100e+00
  3.6898221970e+00
  4.3902621269e+00
  3.4009230137e+00
  2.5543310642e+00
  4.9465332031e+00
  3.3623814583e+00
  5.5593595505e+00
  4.2561597824e+00
  2.6287333965e+00
  2.5840027332e+00
  1.2663444281e+00
  2.5053110123e+00
  1.9237363338e+00
  2.3663794994e+00
  1.6090928316e+00
  2.4565596581e+00
  2.0645520687e+00
  1.6344468594e+00
  1.5059318542e+00
  2.9936567307e+01
  3.9430694580e+01
  2.5827827454e+01
  4.9862026215e+01
  3.1482534409e+01
  4.7032558441e+01
  3.2214363098e+01
  3.7123695374e+01
  1.9094987869e+01
  1.2954307556e+02
  2.8078381348e+02
  1.4924879456e+02
  2.6360693359e+02
  1.0413266754e+02
  1.4139125061e+02
  1.1962865448e+02
  1.4603375244e+02
  9.8445526123e+01
