nep4_zbl 2 Cu Zn 
zbl 1 2
cutoff 6 5 97 61
n_max 4 4
basis_size 8 8
l_max 4 2 1
ANN 80 0
 -3.9030188e-01
 -5.4398632e-01
  8.1189670e-02
  7.4551754e-02
  1.0023561e-01
 -5.3815518e-02
 -5.7137785e-03
  5.1581621e-02
  4.5057870e-02
 -1.0611427e-02
 -1.8746221e-01
 -5.4817470e-03
 -6.3583595e-03
 -2.5451601e-02
 -1.8438559e-02
 -5.0031740e-02
 -1.4504907e-02
 -5.7192631e-02
 -6.5337166e-02
  1.3377192e-02
 -6.1904717e-02
  1.1197843e-01
 -8.7362133e-02
  8.4752882e-01
 -4.3779965e-02
 -2.4279861e-02
  5.0576825e-02
  4.1529030e-02
 -4.0162601e-02
  2.7545212e-02
  2.1849861e-02
 -2.1388361e-03
 -5.5505633e-02
 -6.1394706e-02
  1.7467605e-02
 -1.0906872e+00
 -1.9313675e+00
  8.6518610e-01
 -2.5199249e+00
 -1.9545802e+00
 -9.2845917e-02
 -2.7087310e-01
 -4.5161858e-01
 -5.6922692e-01
 -4.2228898e-01
 -3.8235815e+00
 -1.5794794e-01
 -1.5952075e-01
 -3.4326902e-01
 -1.3184996e-01
 -3.8793254e-01
 -1.3950835e-01
 -3.8500312e-01
 -7.2361422e-01
 -2.7139941e-01
 -4.8459756e-01
  7.3546775e-02
 -2.2787122e-01
 -4.1189441e-01
 -6.1205232e-01
  2.8584346e-02
  1.4927626e-01
  1.9407311e-01
 -2.4644007e-01
 -3.6737849e-03
  1.9994225e-02
  3.7090231e-02
  4.9946442e-02
 -1.2486410e-01
  2.0934438e-02
 -2.1078873e-01
  9.7921491e-02
 -1.6224788e-01
  2.3920050e-01
 -4.7091627e+00
 -1.2641242e-01
 -4.5157984e-02
  1.6632693e-02
  6.7291528e-02
 -1.4079924e-01
 -1.1680430e-01
 -4.0510476e-02
  9.2431279e-03
  4.3657660e-02
 -1.0023782e-01
 -1.3858479e-02
 -6.4779378e-02
 -3.2393586e-02
 -2.0008033e-02
  2.4687497e-02
 -5.4600775e-02
  8.1232816e-02
  4.4358131e-02
  1.1240500e-02
 -5.9792355e-02
 -1.8355686e-02
  1.1456902e-02
 -1.8567936e-02
  7.2133872e-03
  5.2028246e-02
  3.7733916e-02
 -2.3411554e-03
  6.1099282e-03
  5.3945296e-02
 -8.8117467e-03
  4.2312646e+00
  2.1957729e+00
 -2.9051263e+00
 -1.0173562e+00
 -5.7252364e+00
 -7.3000628e-01
 -1.3948960e+00
 -3.2664275e-01
  2.1466805e-01
 -2.3384211e+00
  5.6530946e-01
 -4.4643065e-01
 -1.4151100e-02
  6.0883707e-01
 -3.0011072e+00
  7.9254317e-01
 -5.8772922e-01
 -1.6853264e-01
 -1.2517782e-01
 -9.7585285e-01
  6.1565804e-01
 -7.7551758e-01
 -7.0008433e-01
 -1.1533602e-01
 -1.3956095e+00
  9.3156308e-02
 -1.9117165e+00
 -5.3822714e-01
 -3.4625214e-01
 -1.4423001e-01
 -2.7541904e-02
 -3.3591154e-01
 -6.5487861e-03
  2.0996514e-01
 -3.1689640e-02
 -4.3379042e-01
  2.4564165e-01
  3.1257057e-01
  1.7925580e+00
  2.9266344e-02
 -2.5881191e-03
 -5.0097056e-02
 -6.9602719e-03
 -3.0286519e-03
 -8.7570846e-02
 -6.6076979e-02
 -9.1140397e-02
 -5.8081761e-02
 -4.5646550e-04
 -1.1834077e-01
 -9.5530815e-02
 -5.8664441e-02
 -9.3661249e-02
  7.5500019e-02
 -1.0790135e-01
 -5.0561943e+00
  1.2864751e-01
 -1.4360208e-02
  6.8046696e-02
 -1.7805928e-01
 -6.0699347e-02
  5.5789042e-02
 -6.3344850e-03
 -5.0746735e-02
  5.1137175e-02
  5.0999802e-02
  1.8808667e-03
 -1.5330506e-03
 -4.3851722e-02
 -3.2545329e-04
 -7.4618584e-01
 -1.4151841e-01
  4.0339425e-01
  4.0122813e-01
  4.2305586e-01
 -4.1061483e-02
  1.0386201e-01
  8.2666926e-02
  5.4578800e-02
 -1.2285105e-02
 -3.3989304e-01
 -2.5821200e-02
 -2.9414427e-02
 -3.6067310e-01
 -5.0296515e-02
 -1.4508328e-02
  1.5281614e-02
 -6.9093317e-02
  8.6377427e-02
 -1.6725065e+00
 -9.2921436e-02
  2.0180149e-01
  1.4746278e-02
  5.4581154e-02
 -1.0560094e-01
 -1.0098547e-01
  9.3012966e-02
 -1.4597740e-02
 -3.3588983e-02
 -4.7615790e-03
 -1.1271759e-02
  1.3371652e-03
  3.2508604e-02
 -8.5508421e-02
  2.2178806e-02
  1.2411977e-01
 -2.3859888e-01
  7.1225405e-02
  2.1872982e-01
  3.2332461e-02
  1.8714248e-01
  1.1422677e-01
  1.4324058e-02
  3.8092397e-02
  9.8961480e-02
  1.1883751e-02
  6.6209763e-01
  3.7904346e-01
  4.6430204e-02
  1.4926594e-01
  5.4824408e-02
  2.4312463e-02
  8.0026217e-02
  3.3150309e-01
  2.9302562e-02
  4.7350992e-02
 -9.7481079e-02
  9.7705528e-02
 -2.4373142e-02
  1.1429054e-01
  5.8488596e-02
 -2.9154286e-02
 -2.1002892e-02
 -1.5338184e+00
  6.1038762e-01
 -1.4907103e-02
  1.5779974e-02
 -5.1068336e-02
  2.7554464e-02
 -2.2034658e-02
  2.5389725e-01
 -1.1662432e+00
 -2.7038494e-01
  3.0241878e+00
  1.8528956e+00
 -1.3865103e-01
 -1.2952024e-01
 -1.0205360e-01
 -5.4120123e-01
 -1.8396858e+00
 -6.1336935e-01
 -4.9848747e-01
 -2.9950815e-01
 -4.2624035e-01
 -1.6962416e+00
 -2.8856793e-01
 -1.2179912e-01
 -2.6071528e-01
 -2.2832140e-01
 -2.5929415e-01
 -3.6168000e-01
  3.9211598e-01
 -4.8796657e-01
  1.6720798e-02
 -6.4805710e-01
 -8.5427925e-02
  1.7910105e-01
  2.5273351e-02
 -3.2738143e-01
  1.1182982e-01
 -6.6889572e-01
  4.6717915e-01
 -3.7082512e-02
 -3.3479968e-01
  1.7194642e-02
 -1.4272173e-02
  3.3201441e-02
  2.6086103e-03
  3.8153355e-03
  8.1153149e-03
  2.5938466e-02
 -9.6449340e-03
  5.0020885e-02
 -1.1535074e-02
  2.2352805e-02
  3.1385154e-02
  4.3351140e-02
 -2.5544114e-02
 -1.0038134e-02
  6.9718189e-03
  8.0980703e-02
  4.5556985e-02
  1.0002389e-01
  1.5985152e-02
  5.1658610e-03
  4.3062744e-01
  3.0879715e-02
 -7.7345610e-02
 -1.0096020e-01
 -4.2634539e-02
 -8.2054804e-04
 -3.3497091e-02
  2.6380647e-02
 -1.3387784e-02
  1.2639618e-02
 -2.8079728e-02
  2.6378465e-01
 -2.2675104e-02
  2.4953071e-04
  3.4779791e-02
  4.0844977e-02
  3.1492729e-02
 -6.5666896e-01
 -2.2197893e-02
  4.4511873e-02
 -1.6207214e-03
 -1.6056040e-02
  3.5933461e-02
 -1.6689647e-02
  3.2512594e-02
  4.1911658e-02
 -1.0399219e-02
  3.5519309e-02
 -1.1725437e-02
 -2.9325748e-02
 -5.3262394e-02
 -9.8162645e-04
  2.1943847e-02
  8.9421924e-03
  7.4948138e-03
  1.0417276e-02
 -3.3912476e-02
  1.0457348e+00
  9.4474707e-04
 -1.3411063e-02
  1.2540520e-02
 -2.4096349e-02
 -7.6549365e-03
  7.1849096e-01
 -8.9487292e-02
 -1.3743089e-02
  1.9237470e-02
 -3.8872564e-01
 -1.6248731e-03
  5.8480773e-02
 -2.9007334e-02
  1.2548319e-01
  6.4437171e-03
 -1.4360950e+00
  2.3270351e-01
 -1.1583195e-02
  2.4517067e-02
  6.6284150e-02
 -8.7936282e-02
  1.5169625e+00
 -3.4663316e-02
  6.6073723e-02
 -6.3335508e-02
 -1.2211462e-01
  6.8281251e-01
 -8.6644227e-03
  2.2088999e-02
 -1.4559162e-02
 -5.9777908e-02
 -1.5158318e-02
 -4.5095594e-03
 -9.8423054e-03
 -9.4460808e-02
 -1.5517572e-02
 -4.2567011e-02
 -2.8140318e-02
  7.4633877e-03
  1.6634554e-02
 -3.9992329e-02
  1.7334305e-02
  3.1112399e-02
  2.9111648e-02
  4.0757791e-03
 -3.1213952e-02
 -1.5393744e-02
 -8.9707538e-02
 -4.9184065e-02
  4.9255248e-02
 -2.2477610e-02
 -2.0406287e-02
 -2.3816008e-02
 -4.0357061e-02
  1.1681089e-03
 -6.3644692e-02
 -4.6466343e-02
  1.8197915e-01
 -2.0004329e-01
 -2.2955908e-02
 -4.9067698e-02
 -2.7918963e-02
 -2.4974588e-02
 -7.5314991e-02
 -3.4565892e-02
 -6.5583922e-02
 -1.5568809e-02
  1.3968077e-02
  1.0707064e-01
 -5.9432026e-02
  2.2738208e-01
 -3.9077658e-02
 -4.3377656e-02
  1.3482535e-02
  1.0291976e-01
 -1.0765009e-02
 -6.6666994e-03
  2.9918229e-02
 -5.2593388e-03
 -1.3656522e-02
 -8.6200334e-02
 -1.0963206e+00
  3.0357510e-01
  1.2604021e-01
 -1.7530590e-01
  1.5082249e-02
 -6.6081166e-02
  2.8281644e-01
  2.6799457e-03
  1.6484628e-02
 -2.0648984e-03
  1.3848078e-01
  8.1034735e-02
 -9.3088234e-03
  2.9159747e-02
  2.9821068e-02
  6.4595036e-02
  6.2009126e-02
  1.1513305e-02
  9.6680410e-02
  1.3427095e-02
  6.2718883e-02
  4.4354346e-02
 -7.3636852e-02
  3.5194855e-02
 -5.6749158e-02
  3.1368632e-02
  2.3427654e-02
 -3.4279600e-02
 -1.1188396e-02
  1.8501226e-02
 -1.1480744e-02
 -1.2673745e-02
  3.3527944e-02
 -3.7938304e-02
  6.7955650e-02
 -5.5133548e-02
  4.2403825e-02
 -4.8432924e-02
  5.0751764e-01
 -2.9346511e-02
 -2.3859289e-02
  3.0257447e-02
  2.7213182e-04
  2.0724775e-03
  4.7282632e-02
  3.7793634e-03
 -3.1387076e-02
  4.5525245e-02
 -1.6034395e-02
 -1.1819492e-02
  4.0625811e-02
  2.6333002e-02
 -3.4579542e-02
 -8.0395965e-03
  1.5219933e-02
  3.5112847e-03
 -1.1842068e-02
 -8.9546487e-02
 -2.1355877e-02
  1.5679743e-03
  1.3251477e-02
  1.6584940e-02
 -2.2114228e-02
 -4.4232174e-03
  7.1662422e-03
 -1.4929656e+00
  2.1585507e-02
  1.4933944e-01
 -2.7416764e-02
  6.9827884e-02
  3.2906488e-02
  1.0624421e+00
  1.3328271e+00
  1.2079660e+00
 -1.1954645e+00
 -2.4699622e-01
 -7.0976831e-02
 -1.7944807e-01
  2.6639767e-02
 -8.5567579e-02
 -2.8356305e-01
 -1.4247252e-01
 -1.6207203e-01
 -7.8658238e-02
  9.3775215e-03
 -2.5700259e-01
  7.4085243e-02
 -9.5320819e-04
 -2.8074183e-02
  2.7357973e-02
 -1.7961222e-01
 -2.8421155e-01
  1.4378799e-01
 -7.1937679e-03
 -3.5883617e-02
 -2.9031420e-01
  1.5853947e-02
  5.9822738e-02
 -7.2219871e-02
 -7.1732104e-02
  2.7819442e-02
  2.8389737e-02
  2.2693789e-02
 -6.5736575e-03
 -1.4276847e-01
  3.5550337e-02
 -2.7950695e-01
  2.4122851e+00
 -7.3413134e-01
  1.5508109e-01
  2.8824816e+00
 -5.7813025e-01
  2.0990303e-01
  2.1689582e-01
  1.0154127e+00
  1.5899673e-01
 -4.7004738e-01
  1.3286443e-01
  3.7487194e-01
  4.0706995e-01
  1.7500579e-02
  1.3373153e-01
  1.0922512e-01
  1.7315623e-01
  2.0222579e-01
  1.8199824e-01
  3.2128060e-01
  2.5555709e-01
  3.6251044e-01
 -5.7138521e-02
  4.9929821e-01
 -1.7800866e-02
 -2.8829681e-02
  5.5833939e-03
  2.2122298e-01
 -6.6525050e-02
 -6.3649877e-03
  2.5350421e-03
 -2.6594434e-02
  1.2218747e-01
  3.6115302e-03
  1.7665835e-01
 -9.4641924e-02
 -1.0423317e-01
 -3.2808337e-02
  4.3208554e-02
  5.3064328e-02
  1.6450463e-02
 -3.0139552e-02
  3.4737524e-02
  6.4034206e-01
  4.8150416e-03
  1.4961494e-02
  2.0064948e-02
  2.7614178e-02
  6.9509909e-02
  7.4330708e-03
  2.6344983e-02
  9.5344685e-02
  1.8704847e-02
 -4.2616412e-02
  4.6468474e-02
 -5.6350723e-02
 -5.1254207e-01
 -2.5230030e-02
  1.3581717e-01
  7.3694229e-02
 -4.5759212e-02
  1.3984676e-02
  1.0502759e-01
 -4.2353061e-01
 -1.8898940e-02
  2.9269675e-02
 -2.2690904e-03
  1.8812828e-01
 -3.6391037e-04
 -1.2421294e-01
  3.5796840e-02
  6.7820974e-02
 -2.2788523e-01
  1.3629106e-01
 -9.9371700e-03
  2.9434759e-02
 -3.9066967e-02
 -6.7852095e-02
 -3.1731084e-02
 -1.0123556e-01
  4.9495767e-03
 -2.5847813e-02
 -1.1417386e-01
 -8.2632221e-02
  1.2751208e-02
 -1.4709645e-02
 -7.7891752e-02
 -5.1134150e-02
  1.9753549e-02
 -4.9793761e-02
  4.8420615e-02
 -5.6665284e-03
  3.1045082e-01
 -6.9400430e-02
 -8.7337159e-03
  6.7565754e-02
 -1.0430216e-02
 -6.2305652e-02
  1.6505433e-02
  4.2971888e+00
  5.7095896e-02
  1.6856892e-02
 -1.0254010e-01
 -6.6436222e-03
 -1.5082034e-02
  9.2065998e-04
 -4.2985920e-02
 -6.2326039e-03
 -2.3660036e-02
  4.1932274e-02
  1.9510666e-02
  1.6099080e-02
  4.9045824e-02
  3.1010948e-02
  9.1233654e-03
  4.4184677e-02
  8.2799084e-03
  7.2060712e-02
 -5.8463856e-04
 -3.1313135e-03
 -1.3417511e+00
  5.4972279e-03
 -1.1305204e-03
  1.5142920e-03
  1.6060404e-02
 -6.2952943e-02
 -2.4131324e-02
  2.5988787e-02
 -4.2511705e-01
  3.1736586e-02
  7.7494606e-03
 -3.1382244e-02
  2.2368163e-01
 -3.0672064e-02
  6.8822689e-02
 -4.6309620e-02
 -8.7660849e-03
 -3.7158962e-02
 -3.1629163e-03
 -2.9881856e-01
 -4.1327381e-01
 -4.5083754e-02
 -2.5201295e-02
  1.2094135e+00
  9.9673979e-02
  5.8788750e-03
 -4.4887181e-02
 -5.2156471e-02
  8.8226706e-02
 -3.6089052e-02
 -2.5688542e-02
  1.3379365e-02
 -4.3688719e-03
  5.9089866e-02
 -8.1638254e-02
 -1.0079755e-02
 -4.1203428e-02
  4.7326293e-02
  1.5241605e-02
 -9.7871028e-02
  2.0972022e-01
 -4.5848962e-02
 -6.7368341e-03
  3.3579832e-01
 -2.3217889e-02
 -1.7303906e-02
 -1.2679802e-02
 -3.7986387e-02
  8.7937620e-03
 -3.8373690e-02
  1.4883299e-02
  4.8010475e-03
 -8.8161612e-03
  1.2931963e-02
 -1.5865873e-01
  2.4367671e-01
  1.6632195e-01
  2.2938952e-02
  6.4221457e-02
 -2.3873240e-02
  6.3777494e-01
 -6.9037610e-01
  6.3584201e-02
 -5.6651194e-02
 -2.7771820e-03
 -9.9771553e-01
 -2.4136592e-02
 -1.7947437e-02
 -9.9998556e-02
 -8.1513889e-02
 -1.5399504e-03
 -7.6594546e-02
 -4.3778170e-02
 -1.9690301e-03
 -4.0668275e-02
  6.3160665e-02
 -5.2166078e-02
  1.1767566e-02
 -9.6868709e-02
 -2.8370831e-02
  4.1765533e-02
 -1.2526316e-02
 -1.4592632e-02
 -6.9097016e-04
  3.5886381e-02
  7.5516035e-04
  1.4746274e-02
 -3.4997776e-02
  1.0268600e-02
  1.2866143e+00
  3.3541939e+00
 -2.9904861e+00
  5.1633155e-01
  4.6699166e-02
 -3.7057710e-01
  6.5338951e-01
  7.8425497e-01
  6.6183513e-01
  6.5560025e-01
 -2.5060270e+00
  4.4219771e-01
  1.4996955e-01
 -5.9031153e-01
  1.1995351e-01
  1.5577586e-01
  2.9832968e-01
  5.2582043e-01
  8.3879568e-02
  3.4018523e-01
  2.5115269e-01
  3.5503548e-01
 -4.1960967e-01
  2.9407695e-01
  5.1541138e-01
 -1.0458723e-01
  1.3634552e-01
 -6.8434894e-02
 -7.1466006e-02
  1.6203592e-02
 -4.0801141e-02
  5.2987620e-02
 -2.5493229e-02
 -1.0932253e-01
  4.0778521e-02
  9.9280941e-01
  1.5299793e+00
 -4.0959859e+00
 -7.9112917e-02
  8.8297498e-01
  6.3920629e-01
  8.7703489e-02
  1.9003941e-01
  3.1577224e-01
  3.7966698e-01
  1.7637135e-01
  2.0193328e-01
  2.5374684e-01
  2.8199244e-01
  2.2281200e-01
  3.6728567e-01
  7.5484484e-02
  6.5422916e-01
  4.6643147e-01
  2.0014933e-01
  3.1688699e-01
 -3.5488692e-01
  3.2079092e-01
  4.5113629e-01
  4.8703265e-01
  4.8842568e-02
 -1.3262966e-01
 -1.3859982e-02
  2.5200742e-01
 -6.5517354e-01
  1.0060227e-02
 -2.0020781e-02
  2.3969807e-02
  1.3026102e-01
 -5.0788306e-02
  8.2448840e-02
 -1.2033751e-01
  3.2399107e-02
  1.3098636e-02
 -2.5877740e-02
  4.2074841e-02
  6.9558015e-03
 -1.0153506e-02
 -9.3477182e-03
 -4.2402467e-01
  1.0915550e-01
 -3.2552594e-04
  2.9769221e-02
  2.8454872e-02
  2.2639100e-02
  4.0120594e-02
  1.0818125e-02
  1.4238556e-02
  4.9027255e-01
  1.7051881e-02
 -5.0581802e-02
  1.5618827e-03
  1.7139537e-02
 -3.0568110e-02
  8.6513780e-02
  2.2214128e-02
 -6.3830898e-03
 -1.7984139e-02
 -2.5644215e-02
  2.6767727e-02
  7.7173144e-02
  5.9604431e-03
  3.1917315e-02
  1.0188066e-02
 -1.4519333e-02
  2.9124081e-01
 -4.7802497e-02
 -7.9475544e-02
  6.4197257e-02
 -4.9357593e-02
 -1.0384738e-02
 -5.0498869e-02
  1.3893585e-02
  4.6513677e+00
 -3.7021726e-02
  5.1058590e-01
 -4.1069143e-02
  1.1004142e-02
 -2.3524340e-02
  1.8791791e-02
  6.1662093e-02
 -3.7425287e-02
  2.2692898e-02
 -2.5927873e-02
 -7.0274286e-02
  2.7037580e-02
 -1.7620549e-02
 -2.3229025e-02
 -8.8800438e-02
 -2.5026122e-02
 -1.1053497e-02
  2.0857789e-02
  3.3303625e-03
 -2.4656609e-02
 -2.3112807e-02
 -2.8623573e-02
 -4.7981776e-02
  5.6376774e-02
  2.0878915e-02
  3.2916078e-03
  1.2045362e-01
 -3.7951667e-02
 -7.5346991e-02
  1.2011191e-01
  1.5627980e-01
  2.2200547e-01
  2.9588699e-02
  9.7606105e-01
 -1.2988091e-02
  7.3679507e-02
  4.4275898e-02
 -3.0262720e-02
 -8.1409197e-03
 -1.6831134e-02
  7.1717814e-02
  3.8691171e-02
  4.7975201e-02
  5.9015632e-02
  4.1450717e-02
  1.8995808e-02
 -4.9778204e-03
 -9.2576705e-02
  2.0605248e-01
 -1.0272210e-02
  1.1279414e-01
 -2.2630652e-02
 -5.1486298e-02
  1.1251600e-02
  7.9412684e-03
 -2.6616603e-03
  2.5402140e-02
 -4.0834225e-03
 -2.4360667e-03
 -7.9625631e-03
 -1.8189307e-02
  7.6040941e-01
 -6.0508561e-01
 -6.1177158e-01
  3.1898162e+00
 -1.3486864e-01
  1.1708427e-02
 -7.3335841e-02
  1.3339795e-02
  2.2093877e-01
  2.3545882e-02
 -1.8592604e-01
 -4.8797775e-02
  5.2394610e-02
  1.7593795e-01
  1.2309501e-02
  5.9345212e-02
 -2.0891434e-02
  2.4846382e-02
  8.2333051e-02
  1.5316891e-02
  8.5454822e-02
 -2.2590069e-02
  1.4297163e-01
  5.8916812e-03
 -2.6156329e-02
 -1.5291265e-02
  2.9560098e-02
  1.1849284e-02
  1.9967085e-02
 -2.6892373e-02
 -2.0977281e-02
 -4.6259344e-02
  3.7162025e-02
  5.3404085e-02
  9.9601196e-03
  3.1563179e+00
  1.9110267e+00
 -3.4823277e+00
  9.9376070e-01
  3.5732772e+00
 -5.5390805e-01
  3.9736131e-01
  9.0275533e-02
 -1.6116823e+00
  5.1031774e-01
 -2.5096030e+00
  4.6237215e-01
  3.5001750e+00
 -5.8949250e-01
  2.7934283e-01
 -1.2434352e-01
  3.3757162e-01
  4.3375662e-01
 -3.4024653e-01
  2.9736909e-01
 -5.7017706e-02
 -1.0929761e+00
 -4.7238525e-02
 -1.3847520e+00
  1.4375385e+00
  9.4314083e-02
 -5.9553418e-02
 -1.6731439e+00
  1.7611673e-01
 -3.7826538e-02
 -2.9376747e-02
 -1.7981788e-02
  5.1820643e-02
  3.0313000e-01
 -8.5360864e-03
 -4.2551517e-01
  3.6389634e-01
 -1.9555588e+00
 -9.3840927e-02
  3.5393216e-02
 -8.4045045e-02
  5.9612550e-02
 -7.0345439e-03
  3.8780425e-02
 -4.4319611e-02
 -1.4573498e-01
 -3.4791652e-02
 -1.6404943e+00
 -1.7467281e-02
 -1.0477386e-01
 -3.3697382e-02
 -1.4681736e-02
 -8.2430147e-02
 -2.7467690e-02
 -6.1753668e-02
 -2.4289496e-02
  6.2239837e-02
 -1.2478939e-01
 -1.7755455e-03
 -7.1690656e-02
 -2.6904657e-02
  3.4797203e-02
  3.1841859e-02
 -1.0278022e-01
  2.8387235e-02
  3.3601973e-02
 -7.1616123e-05
  1.0814375e+00
 -2.5122618e-02
  2.0251854e-03
  5.4673359e-02
  4.1750450e-02
 -1.2993024e-02
  4.0198747e-02
  1.5417754e-02
  4.0094413e-02
 -2.9841249e-03
  6.8636020e-03
  4.9753830e-02
  7.5021186e-03
 -1.1276739e-02
  3.2611560e-02
 -2.1756247e-02
  2.5437048e-02
 -1.2206339e-02
  4.2409737e-02
  1.0456158e-02
  2.6147874e-02
 -9.6471300e-03
 -1.2126782e-02
  1.7170561e-02
  2.3844590e-02
  1.9280149e-02
  3.7136421e-02
  2.7466616e-02
 -5.6425920e-03
  1.8147232e-02
 -2.3939503e-02
  1.9703086e-02
  4.3143075e-02
  2.3945808e-02
 -4.7867209e-02
  2.8425030e-02
  4.1571248e-02
 -1.8229878e-03
 -1.5370318e-01
 -3.1452443e-02
  4.5590360e-02
 -1.3968963e-02
 -1.2148478e-02
 -3.9583117e-02
 -5.5396330e-02
 -3.5377478e-03
 -1.3322981e-02
 -1.5044314e-03
 -7.4146427e-02
 -6.5845773e-02
  1.4777837e+00
 -1.0277142e-01
 -6.6656675e-03
 -9.7249538e-02
 -2.7301900e-02
  8.4244763e-04
 -1.5795063e-02
  3.8859893e-03
 -8.1492469e-02
  4.3320708e-02
 -3.6550950e-02
 -2.7874054e-02
 -8.5496135e-02
  9.8274145e-03
 -2.2973357e-01
  1.6234718e-02
 -7.4658990e-02
  1.4342220e+00
  3.1264074e-02
  1.0785854e-02
  3.1420475e-01
 -5.9127361e-02
  1.5569977e-02
  1.0453635e+00
  9.5012677e-01
 -1.9481163e+00
 -1.5336324e+00
 -1.7470652e+00
  8.9720005e-01
 -6.9466776e-01
  1.6069654e-01
 -1.4523296e+00
 -5.6812608e-01
  2.0444295e+00
  3.2864481e-01
  2.6820809e-01
 -1.7498531e+00
 -2.4710934e-01
  1.2885348e+00
 -1.7938972e-02
  4.4307441e-01
 -4.6136793e-02
 -1.7532769e-01
  1.4021956e+00
 -2.0250471e+00
 -2.4227937e-01
 -3.6038733e-01
  1.5728873e-01
  3.7601182e-01
 -8.3951980e-01
  6.9298655e-02
  8.2291973e-01
 -4.4960126e-01
 -6.6885695e-02
 -6.4566694e-02
 -1.1262477e-02
  9.3159521e-01
  4.0217474e-01
  1.3305320e+00
  1.9267887e+00
  2.6375523e-01
  5.4995525e-01
  2.6423454e+00
 -4.5035863e-01
 -1.4014499e-01
  1.1739788e-02
 -5.5806641e-03
 -3.2543689e-01
  1.0708145e+00
 -2.5026484e+00
 -1.9814159e-01
 -4.8054714e-02
 -4.4878283e-01
 -3.2796669e-01
 -2.0735773e-01
 -5.1542467e-01
 -1.9142801e-01
 -2.6787573e-01
 -2.8414476e-01
  3.1271726e-01
 -2.0976437e-02
  5.0202001e-02
 -4.9549025e-01
 -1.1456060e-01
  2.2050112e-01
 -4.9777154e-02
 -2.2504056e-01
  8.9130819e-02
  5.2351288e-02
  5.8254138e-02
  2.9409614e-03
  4.9154323e-01
  1.2397863e-01
  5.0250716e+00
  1.2247353e+00
 -1.6313143e+00
 -9.3813002e-01
 -5.3556957e+00
 -1.4416411e+00
 -1.2200919e+00
 -1.3705967e-01
  1.1119400e+00
 -2.4456551e+00
  9.4353670e-01
 -5.9108263e-01
  1.0834917e-01
  9.2926407e-01
 -1.4162824e+00
  1.0844815e+00
  1.7502768e-01
  2.1890491e-02
  4.4805106e-02
 -8.9324802e-01
  5.5058885e-01
 -6.8747693e-01
 -4.0790185e-01
 -7.3788917e-01
 -1.1849146e+00
  1.1041921e-01
 -1.9124725e-01
 -3.3918064e-02
  2.7875984e-01
 -1.3785322e-01
 -1.0737362e-02
 -4.2917836e-03
 -2.9464232e-02
  2.8220198e-01
 -4.7050502e-02
  2.3720607e-01
  1.1534491e+00
 -1.3356014e-01
 -1.0829881e-01
 -1.7669654e-02
 -3.2754406e-01
 -2.4804721e-02
 -6.1919220e-02
 -4.9095795e-02
  1.7064266e-01
  1.1398547e-01
 -5.0109692e-02
  1.9191470e-02
  3.4247763e-02
 -2.6552035e-02
 -5.1557408e-03
  2.3561925e-02
  1.6216902e-02
 -1.0370429e+00
  1.2945857e-02
  4.7407490e-01
 -5.7071958e-02
  7.6399274e-02
  2.4791667e-02
  2.8956842e-03
  3.3186339e-02
 -2.1177540e-02
 -4.1668527e-02
  4.1042540e-02
  3.1726774e-02
 -8.0696763e-03
  3.2411692e-05
  3.5505686e-02
  3.9504711e-02
  2.9325502e-02
 -3.2852584e-01
 -3.8970802e-02
  2.7803740e-01
 -1.9346587e-01
 -9.8171875e-02
 -9.6759088e-02
  1.3899863e-02
  2.4773642e-02
 -3.9066870e-02
 -6.3938916e-02
 -6.2669046e-02
 -4.1118756e-02
 -2.1478017e-01
 -9.9662049e-03
 -6.2092174e-02
 -4.2339712e-02
 -6.5504320e-02
 -8.2613774e-02
 -4.9877625e-02
 -2.4897452e-02
 -4.8512243e-02
  1.2067994e-01
 -5.0866269e-02
  1.3595476e-02
 -8.2318850e-02
 -4.3255702e-02
 -7.3852710e-02
 -3.7384726e-02
 -2.4381213e-02
  3.4922317e-02
 -6.5782694e-03
 -2.8721327e-02
 -8.0363072e-02
 -8.9997508e-02
 -4.5789663e-02
 -2.8318778e-01
  2.4373534e+00
 -3.3099751e+00
 -3.3680861e+00
  2.9613345e+00
 -7.7195692e-01
  3.3422077e-01
  3.1152388e-01
  1.9542425e+00
  2.5584355e-01
 -5.5483162e-01
  1.8871659e-01
  5.7385355e-01
  1.3679857e+00
 -1.2567966e+00
  5.1508927e-01
  5.7387177e-02
  4.3768960e-01
  5.0130361e-01
  3.1740892e-01
  4.1000381e-01
  1.2278406e-01
  1.0649294e+00
  2.3677695e-01
  8.9410329e-01
 -4.0801134e-02
 -8.9945413e-02
  6.3552111e-02
  3.3065367e-01
 -1.6770650e-02
 -2.0936003e-02
 -1.0419142e-02
  3.0775559e-03
  1.2239614e-01
 -1.9482980e-02
  3.8228464e+00
  2.2646577e+00
  1.3224002e+00
 -3.3219802e+00
 -2.5454557e+00
  1.7393006e-03
 -3.5491681e-01
 -7.9204112e-02
 -4.8853534e-01
 -5.8788091e-01
 -1.9673410e-01
  3.0992122e-02
  9.5999604e-01
  9.4960935e-02
 -4.2183933e-01
  6.5744817e-01
  1.5403947e-02
  4.1932869e-01
  2.6932946e-01
 -2.1566720e-01
  1.6413847e-01
 -3.4353763e-01
 -1.7203644e-01
 -1.9034964e-01
  1.0728844e-01
  1.2877278e-01
 -5.5750869e-02
 -2.9059500e-02
  1.0290672e-01
 -9.4645932e-02
 -2.9353699e-01
  1.0527264e-01
 -1.7387364e-02
  1.1946972e-01
  9.2692384e-03
  6.2889405e-02
 -2.3616714e-02
 -5.0381750e-02
 -1.8022534e-02
  4.7791982e-01
  5.6954332e-02
 -3.0728754e-02
  3.2573413e-02
 -3.3941370e-02
 -2.4341907e-02
  1.5797740e-02
  2.8570587e-02
  2.5801251e-02
 -4.5483999e-02
  4.0545657e-02
 -2.4755854e-02
  2.3415281e-02
 -1.5243415e-02
  3.3468840e-01
  2.2586223e-02
 -4.7993161e-02
 -7.6774365e-01
  7.9659401e-03
 -3.3953357e-02
  2.9068420e-02
  3.8523388e-03
  3.6329024e-02
 -1.9431619e-03
 -6.5328232e-03
  6.1145321e-02
  5.2730013e-03
  2.5370380e-02
  3.3208565e-03
  5.7399338e-03
 -4.2366674e-03
  1.4038320e+00
 -5.5900788e-01
 -1.0349327e+00
 -1.6278895e+00
 -7.5050503e-01
  6.2909847e-01
 -3.3391819e-03
  8.2697868e-01
 -1.0852046e+00
  6.6107237e-01
  7.6941735e-01
 -1.6538126e+00
  2.8458729e-01
 -5.9126478e-01
  4.9622604e-01
  6.0423517e-01
 -6.4297229e-01
 -1.3124007e+00
 -9.8794496e-01
  3.6614090e-01
  3.4429574e-01
 -1.1517026e+00
  1.6782776e-01
  8.8587791e-01
  1.0379511e+00
  2.1947140e-01
 -6.2828511e-01
  3.2047864e-02
  6.7318666e-01
 -2.5845930e-01
 -7.2133705e-02
 -1.5097779e-01
 -1.1459571e-02
  6.6112590e-01
 -1.4337505e-01
  3.6853442e-01
  3.9575738e-01
 -1.2838843e-01
 -1.5201306e-02
 -3.5701927e-02
  1.0797093e-01
  4.1234322e-02
 -4.2748079e-02
 -3.4849919e-02
 -1.5038968e-02
  1.5350311e-01
  3.1914860e-02
  3.0688515e-02
  1.0777134e-02
  5.1298246e-02
  7.8128777e-02
  8.3330169e-02
  3.0922747e-01
  5.1266253e-02
  8.7849544e-03
  3.5278648e-02
 -8.3302222e-02
  4.5200061e-02
  5.6143451e-02
  2.7578596e-02
  4.8327878e-02
 -1.0982376e-01
  2.4519641e-02
  8.6382860e-03
 -1.3222802e-02
 -1.3252440e-02
  9.2776942e-01
 -1.9303311e-02
 -7.5318730e-01
 -6.2310570e-03
 -4.0015501e-01
 -2.5598776e-01
  4.3071768e-01
 -6.2760107e-02
  6.7975357e-02
 -6.4095855e-02
  1.0206930e-01
  8.0985740e-02
 -9.1574155e-03
  4.5916968e-04
 -1.4435275e-01
  2.8101545e-02
 -3.2528915e-02
  4.2598795e-02
 -6.7827992e-02
  3.2906860e-02
  1.7570893e+00
 -9.0359878e-03
 -1.8368756e-02
  7.4855246e-02
 -3.9863270e-02
  1.1033800e-01
 -5.6884471e-02
  5.7680685e-02
  2.3265855e+00
 -2.4467213e-02
  2.8669368e-02
 -2.5561098e-03
  8.3298814e-03
  1.5530322e-02
  8.3938707e-03
  1.9904066e-02
  2.2729503e-02
 -2.8583115e-02
 -7.2977617e-03
 -6.9009967e-02
 -2.8415499e-02
  7.0214476e-03
 -7.7952198e-03
  3.2392059e-02
  3.8221713e-02
  9.3453042e-03
 -5.6137331e-02
 -6.6923695e-03
 -3.6022473e-02
 -3.5369504e-02
 -4.8649475e-02
  2.2614365e-02
 -6.7277439e-02
 -4.7944654e-02
  1.2965416e-02
  1.6322369e-02
 -2.1739658e-02
 -2.2742728e-02
  2.9172570e-02
 -1.7178196e-02
  3.0559007e-02
 -5.6114714e-03
  1.6447039e-02
 -1.8181225e-02
  9.8344842e-03
 -3.0925028e-02
  2.5699806e-04
 -1.9568941e-02
  2.0591719e-02
 -3.4209464e-02
  5.3152844e-02
  2.3245154e-02
 -4.4394970e-02
  3.0535765e-03
  2.5574800e-01
  4.7748271e-02
 -1.3670391e-01
 -4.3116219e-02
  1.5784580e-02
  7.8316189e-02
 -3.0321479e-02
 -4.7219366e-02
 -9.3515180e-02
  4.3627951e-02
  6.6258967e-02
  1.3344878e-03
  7.3335938e-02
  2.8491521e-02
  7.6427750e-02
  4.1803408e-02
 -8.0785200e-02
  5.2666940e-02
 -3.7591934e-02
  5.5723775e-02
 -3.8738918e-01
 -6.3506365e+00
  6.2438287e-02
  5.5380296e-02
  7.7513315e-02
 -5.7434466e-02
 -5.9986703e-02
 -2.3763652e-03
 -1.3156933e+00
 -1.9294563e-03
 -3.4113381e-02
 -6.3414104e-02
  1.7713334e-02
  8.9012131e-02
  6.2105386e-03
 -5.1529503e-01
 -5.1800501e-02
  1.6692239e-01
  7.1276569e-01
 -4.4128352e-01
 -2.0263091e-01
 -8.3012804e-03
 -1.8473753e-01
  7.5126812e-02
 -1.3537429e-01
 -1.2691639e-01
 -1.6426903e-01
 -3.2985061e-02
  1.6957739e-03
 -7.1946681e-02
 -1.0905559e-01
 -7.6412193e-02
 -1.2439641e-01
 -2.8514357e-02
  5.9765470e-03
  6.0112715e-01
  1.0708395e-01
 -6.8523549e-02
  6.0444105e-02
 -1.2039342e-01
 -1.1465491e-02
  4.4643989e-01
 -7.5141801e-03
 -7.8010969e-02
  6.9202930e-02
  4.6359353e-02
  3.0970400e-02
 -1.6772922e-02
 -6.7410909e-02
 -8.2142539e-02
  1.2799801e+00
  3.9109293e-01
 -1.0507290e+00
 -2.3344758e-01
 -2.6274836e+00
 -1.4902353e-01
 -3.4407017e-01
 -6.5940559e-02
  4.3897513e-01
 -4.9605933e-01
 -1.3449779e+00
 -8.9809105e-02
 -1.2600820e-01
  3.7303230e-01
 -2.5954884e-01
  6.2026316e-01
 -7.1420282e-02
  2.1220857e-01
  1.7259465e-01
 -1.2772717e-01
  3.0834439e-01
 -3.5610393e-01
 -2.7933586e-01
  5.9109174e-02
 -1.2329505e-01
  4.2361062e-02
 -1.4020918e-01
  6.9606125e-02
  1.2828054e-01
 -4.5378201e-02
  8.6358979e-02
  9.6443039e-01
  1.4181147e-02
  1.2559357e-01
 -1.0886550e-02
  4.9908140e-01
  2.0987837e-01
 -1.4088869e-01
  4.6701807e-01
 -6.2905496e-01
 -1.6423076e-02
  2.5633454e-02
 -7.9640904e-03
  1.0857299e-01
  3.5338637e-03
  6.4527258e-02
 -3.8070492e-02
  2.6969962e-02
  5.4298145e-01
  3.6765262e-02
  9.8754600e-02
 -5.0325856e-02
  4.5155883e-02
  2.6699123e-01
  4.3760564e-02
  1.6369207e-01
 -6.9390930e-02
  2.2963798e-02
 -7.9736054e-02
  6.5981023e-02
  3.6674086e-02
 -7.3956259e-02
 -1.2910224e-02
  4.0511590e-01
 -1.3033554e-01
  1.1604518e-02
 -2.6445432e-02
 -2.0290252e-03
  5.1046640e-02
  2.2467475e-02
  5.5532455e-01
  1.7658007e-01
  1.4283702e-01
 -2.4336773e-01
 -1.4976336e-01
 -3.4951158e-02
 -5.8673151e-02
 -9.2893332e-01
  4.3178711e-02
 -7.1627446e-02
 -5.0799195e-02
 -5.0048463e-02
 -4.8169438e-02
  1.7939158e-03
 -9.0666309e-02
  3.0681463e-02
 -1.0705706e-01
 -1.0459084e-01
 -1.1786345e-01
 -4.7244135e-02
 -3.0981602e-02
  5.1385242e-02
 -6.7354150e-02
  1.3329522e-02
 -1.1847969e-01
  1.2231368e-02
  3.9644808e-02
  1.0827166e-02
 -3.3011723e-02
  3.5290062e-02
  2.2923410e-02
  2.2048848e-02
  1.4915470e-02
  1.9105612e-01
  3.1768192e-02
  9.5517617e-01
  8.3445072e+00
 -6.4414759e+00
  2.1827996e+00
  2.7549906e+00
  2.6002592e-01
  3.6133298e-01
  6.8459201e-01
  7.0096916e-01
  3.6290801e-01
 -1.7854278e+00
 -2.5151750e-01
 -2.0899490e-02
 -5.1402211e-01
 -1.2738940e+00
  3.5689148e-01
  1.7225162e+00
  7.3669195e-01
  2.7573600e-01
  2.0233728e-01
  4.3049210e-01
  1.3461049e-01
 -6.9320732e-01
  4.0695417e-01
  2.7002183e-01
 -4.9090158e-02
  1.8868579e-02
 -4.9890541e-03
  3.8886614e-02
  1.3170171e-02
  8.6795986e-03
  9.1136666e-03
 -7.3519307e-03
 -1.7623271e-01
 -1.7901121e-02
 -1.6478071e+00
 -7.7880615e-01
 -6.2111890e-01
  2.5555465e+00
 -2.5171330e+00
 -1.1650100e+00
 -1.4675711e-01
  6.0107227e-02
  1.1098133e+00
 -5.3778225e-01
 -6.4961892e-01
 -4.3750021e-01
  1.3459647e-01
  5.9086835e-01
 -1.8341637e-01
 -4.8176876e-01
 -3.0426753e-01
 -2.0448887e+00
 -2.7899203e-01
 -1.3068393e-01
 -1.5698826e-01
  2.5128424e-01
 -4.4251431e-02
 -1.6904186e-02
 -2.2662824e-01
 -7.1003981e-02
  1.0991371e-01
  8.1251627e-03
 -9.0531409e-02
  3.0269910e-02
 -9.7060669e-03
  4.0454257e-02
 -3.3749182e-02
 -1.4091933e-01
 -9.4599038e-04
  3.2556239e-01
 -2.5075266e+00
  1.4923390e+00
  2.1368653e-01
 -7.2800899e-01
  1.6900763e-01
 -6.1827147e-01
 -7.9485077e-01
 -3.1916621e+00
 -7.3845750e-01
 -5.7575130e-01
 -1.8896592e-01
 -7.5627160e-01
 -2.5157893e+00
  6.3385892e-01
 -8.8217407e-01
 -5.5035338e-02
 -4.8400560e-01
 -9.4654953e-01
 -4.5690486e-01
 -1.4145303e+00
 -1.7011547e-01
 -1.8479717e+00
 -1.4590579e+00
 -9.2071587e-01
  1.0565169e-01
  1.9021788e-01
  9.9154860e-03
 -4.6678427e-01
  1.1776482e-01
 -7.4932249e-03
  3.0120492e-03
 -1.9179231e-02
 -2.9306191e-01
 -1.3281399e-01
 -1.3765028e+00
  5.9918594e-01
  1.2067506e+00
 -3.1159859e+00
 -2.3845820e+00
 -7.2645992e-02
 -5.2278202e-02
 -4.2830545e-02
  5.9705681e-01
 -1.1220383e-01
  5.0194103e-01
 -1.6384110e-01
 -9.0149158e-01
  4.6420202e-01
  7.4449047e-02
 -8.4443152e-02
  3.6649876e+00
 -1.8047905e-01
 -6.4474672e-01
 -7.7732526e-02
  2.8450675e-02
  1.6901392e-01
  2.9339191e-01
  2.5624263e-01
 -2.3623654e-01
 -6.4839162e-02
  1.4814300e-02
  7.0511147e-02
 -3.4491858e-01
 -1.3487188e-02
 -1.6186465e-02
 -2.5320929e-02
  7.8927381e-03
 -1.0719988e-01
 -4.5637656e-02
 -1.3891627e+00
 -4.2779171e-01
  8.9938343e-01
  1.3525574e+00
  1.4494290e+00
 -3.4097619e-02
  2.5836771e-02
 -9.5428580e-01
  1.0808965e-01
  1.1329100e-01
 -7.7263780e-02
  1.9023244e-01
  1.7921295e-02
  4.3463461e-02
  6.2245104e-02
 -1.5276639e-01
 -5.4585651e-02
 -9.1629334e-02
  3.8746666e-02
  3.7823759e-02
 -1.1722466e-01
  2.3449743e-01
 -1.6605285e-01
  4.6243668e-02
  2.5407018e-02
 -3.7785184e-02
  6.3178219e-02
 -5.7054963e-02
 -1.0460126e-01
  2.7089253e-02
 -3.9112307e-02
 -2.0044243e-02
 -2.4038158e-02
 -9.8034672e-02
  7.7479459e-02
 -1.1881698e+00
 -7.3804045e-01
  8.8043827e-01
  2.0694244e+00
  3.2700691e-01
 -1.9308983e-01
  4.4059735e-03
  1.6344454e-02
  3.4349567e-01
  7.1955867e-02
 -1.8597180e-01
 -7.9024255e-02
 -3.2479831e-03
  1.9032432e-01
 -3.5011575e-02
 -1.7719886e-01
 -5.6770489e-02
 -1.5862437e-01
 -9.9639583e-01
  4.8297554e-02
 -5.3996533e-02
  2.1467417e-01
  1.6286270e-01
  1.4982580e-02
 -3.4752458e-02
 -1.0719482e-02
  8.6704917e-02
  2.1845767e-02
 -4.6742141e-02
  3.0429394e-03
  5.1407628e-02
  5.4774401e-03
 -1.8258203e-05
 -8.5066475e-02
  2.4839351e-02
 -3.8145126e-03
 -1.3033905e-02
 -4.8535336e-02
  1.2284965e-02
  1.7799722e-02
  1.5645063e-02
  8.9389406e-02
  3.1776114e-03
  3.2930195e-02
 -3.0438161e-02
  4.3675653e-03
 -3.1894427e-03
  4.2687949e-02
  1.7621997e-03
  4.0751979e-02
  8.0951760e-03
 -2.4600964e-02
 -3.1337697e-02
 -1.8099277e-01
 -4.8367279e-03
  1.0706831e+00
  1.1604832e-02
  2.9792938e-02
  5.1265460e-02
  1.4221985e-02
 -1.7489791e-02
  4.7461431e-02
  1.7186180e-02
 -4.0761128e-02
  1.7761087e-02
 -5.5038356e-03
  4.0670842e-02
 -2.6985500e-02
 -8.3451560e-03
  3.0403825e-02
  1.1808691e-01
 -6.9828266e-01
 -8.1288731e-01
  1.5727367e-01
 -1.2478919e-01
 -6.3497578e-03
  1.4308894e-02
  1.7151693e-02
  3.5757369e-03
 -2.2566812e-01
  6.2750286e-01
  2.3091599e-02
  2.6962811e-03
 -5.8359090e-02
  9.1838412e-02
 -7.9440713e-01
 -2.2700999e-02
  1.7491967e-03
 -6.4534329e-02
  2.7844746e-02
  3.0507911e-02
 -5.9315182e-02
  1.0924653e+00
  3.2537864e-03
  5.3624850e-02
  9.9178515e-02
 -5.7309382e-02
 -1.6333586e-02
 -4.4481922e-03
  8.3233174e-03
  1.4029288e-02
  1.5715336e+00
  1.9194152e-02
  8.2425065e-02
  2.0258723e-02
  3.8224876e-01
 -1.2653702e-01
  1.7254163e-01
  1.2835763e-01
 -1.1853571e-01
 -1.9279372e-02
  7.6769471e-02
 -3.9430492e-02
 -4.2648587e-02
  8.0137837e-01
 -2.8024005e-02
  1.3479154e-01
  2.9114474e-02
  1.6547370e+00
  7.0897609e-02
 -2.0529080e-02
  8.1168331e-02
  1.5467729e-01
  9.1095142e-02
  1.6645890e-02
 -7.1593247e-02
 -3.6425263e-02
  9.5710836e-02
 -3.5273127e-02
  1.6180807e-01
  1.8515093e-02
 -9.9084444e-02
 -2.9831788e-02
  4.0860344e-02
  1.1162657e-02
  3.5697952e-02
  8.4713593e-02
 -1.5911505e-02
  3.9044898e-02
  3.2622147e-02
  1.6760471e-01
 -1.4635211e-02
 -3.6222515e-01
  3.1042337e-02
  2.1031871e-02
  4.1676047e-03
 -8.7389294e-03
  2.0490866e-02
  1.0862780e-01
  1.6013126e-01
  2.8207555e-01
  1.5748347e-03
  6.7922449e-01
  1.5413494e-01
  1.1493731e-01
  2.7424699e-02
 -3.0500703e-02
  8.6418688e-02
  1.4429171e-01
  8.1979066e-02
  1.1734258e+00
 -9.3512304e-02
  1.9042893e-01
  7.6332390e-02
  1.4652178e-01
  4.5543358e-02
  1.9238798e-03
  1.6032174e-02
 -3.9604936e-02
 -4.7892440e-02
 -1.8153301e-02
 -3.7655875e-02
 -8.6042779e-03
  6.1070878e-02
  2.8333953e-02
 -1.1608041e-01
 -9.9575520e-03
  1.2754963e-01
 -1.1130557e-01
  3.0822366e-02
 -8.2011633e-03
 -2.0279707e-02
 -7.8541577e-01
  3.9739009e-02
 -8.7609679e-02
 -9.6225128e-02
  1.3032179e+00
 -4.7468092e-02
 -5.6763820e-02
 -2.6311291e-02
 -1.4604811e-02
 -4.6142330e-03
 -1.9106044e-02
 -2.3786481e-02
  2.0725651e-02
 -3.1710278e-02
  1.0693754e-01
 -3.9617866e-02
 -1.8724859e-03
 -1.0875775e-01
 -2.0249616e-02
  2.3047116e-02
  5.8140294e-03
  6.9466126e-03
  3.2582119e-02
  3.8017321e-02
 -1.3411391e-03
  2.9646987e-02
  9.3249548e-03
  7.3070787e-02
 -7.6878190e-01
  1.6812586e+00
  7.1344405e-01
 -4.2916468e-01
 -2.0874311e-01
 -3.2736450e-01
  2.8872130e-02
  1.6173117e-01
  3.0975026e-01
 -5.4742191e-02
 -3.4039721e-01
 -5.1175281e-02
 -2.3858126e-02
 -4.1378755e-03
 -4.2723048e-02
 -3.7938483e-02
 -1.2151941e-02
 -1.4779428e-01
 -2.0590086e-01
 -2.6529112e+00
 -6.7128964e-02
  2.2639330e-01
 -1.3111536e-01
  7.4695289e-02
 -1.1702707e-01
 -4.2019553e-02
  1.1709123e-01
  1.0560125e-02
 -9.8538190e-02
  6.4384066e-02
 -2.3740452e-02
  3.0163631e-02
 -2.1199338e-02
 -6.4639382e-02
  6.7212336e-02
  1.3272690e+00
  1.7205238e-01
 -7.8332312e-02
 -3.7432113e-01
 -5.1204425e-01
  3.5998535e-01
 -1.1878785e-01
  1.8522874e+00
  5.3613979e-01
  5.9060462e-02
 -3.8135734e+00
  1.8739332e-01
  1.6681382e-01
  5.2031726e-01
  4.3171059e-02
  4.8756313e-01
 -3.0029830e-01
  4.9111322e-01
  5.5257475e-01
  1.0465447e-01
  2.6582304e-01
 -3.9304408e-01
 -4.0245291e-02
  2.2790696e-01
  2.9543406e-01
  9.9246591e-02
 -1.4462002e-01
 -2.1711702e-02
  2.2130595e-01
 -3.2232359e-01
  1.4443358e+00
 -1.3076290e-02
  1.3449836e-02
 -1.0653874e+00
  5.8933485e-02
  1.1383514e-03
 -1.0745594e-03
 -4.0916912e-02
  6.6816218e-02
 -3.1684346e-02
 -2.9940337e-01
  9.8591382e-03
  7.8682244e-02
  6.6808231e-02
  5.2838188e-02
  5.6278419e-02
 -8.0387415e-03
  1.8623156e-02
 -1.8002596e-02
  1.4011658e-02
 -2.1620199e-02
  4.7199354e-02
  1.4511703e-02
  5.1594526e-02
  3.4809958e-02
 -2.1448312e-03
 -2.6268567e-04
 -2.2779102e-03
 -9.0174237e-03
  6.3318945e-02
 -2.8914852e-02
  7.6679327e-02
  2.5414448e-02
 -3.5496581e-02
 -6.4902072e-04
 -3.8023368e-02
 -1.2996851e-02
  9.2445957e-03
  8.9451626e-02
 -1.3353171e-02
  2.6402026e-01
 -9.4519056e-02
  8.1477994e-03
 -2.4923411e-01
  1.9276623e+00
  1.9787495e-01
  6.8156488e-02
 -1.8723315e-02
 -1.1728037e-01
  2.2839069e-01
  1.7094906e-01
  2.8498618e-02
 -4.9940068e-02
  4.2828968e-01
  1.0302999e-01
 -5.8125663e-01
  4.1728243e-02
  1.3473250e-02
 -6.0922028e-03
  1.2457777e-01
  3.4600803e-01
 -1.3107093e-01
  6.7918859e-02
 -2.1725716e-01
  9.4729580e-02
  3.3048596e-02
 -6.6806495e-02
 -1.7488360e-02
 -6.9272745e-01
  9.1032702e-03
 -9.1441022e-03
 -3.3428144e-02
  1.9132936e-02
  8.7708332e-02
  1.2053431e-02
 -1.4103709e-01
 -3.8201017e-03
  1.7301645e+00
 -1.0736991e-02
 -1.2241869e-01
 -6.9624424e-02
  4.4440359e-02
  1.5139074e-02
  1.4016416e-02
 -7.6207556e-02
 -9.1506556e-02
 -1.1300908e-02
 -1.4351356e-02
 -1.0003136e-01
 -8.7314743e-01
 -3.6074570e-01
 -4.9827620e-02
 -3.2147483e-03
 -3.6466967e-02
 -3.9721332e-02
 -1.3542426e-02
  7.9165790e-03
 -6.6606663e-02
 -6.6723555e-01
 -1.5780814e-01
  1.1896471e-02
  3.3961732e-02
  5.9223477e-02
 -2.6818952e-02
  4.3883283e-02
 -7.0620226e-03
 -2.8001994e-02
  1.1154921e-02
 -3.5814792e-02
 -5.3152990e-01
 -1.0699541e-01
 -6.4207858e-01
  1.6504052e+00
  3.3221644e-01
 -8.8621366e-01
 -4.2971352e-01
 -1.7572184e-01
 -1.3652016e-01
 -5.7002652e-01
 -2.8842592e-01
  3.6592137e-02
  4.0278804e-02
 -2.7635500e-01
 -4.0998647e-01
 -1.8550622e-01
 -2.0883974e-01
 -5.8937393e-02
 -2.8537887e-01
 -3.9342803e-01
 -1.6485785e-01
 -2.6056373e-01
  5.2673526e-02
 -4.5507747e-01
 -4.1111752e-02
 -4.8035279e-01
 -1.8657239e-02
  1.5306640e-01
 -1.3856478e-02
 -2.1298158e-01
  4.0380366e-02
 -2.3297148e-02
 -1.2359603e-02
 -5.2394904e-04
 -1.5545696e-01
  1.7331162e-02
 -2.4190407e-01
  5.6307431e-02
  2.9245019e-01
 -1.3584456e-01
  6.1085463e-02
 -2.9137898e-02
  1.9691091e-02
  8.1027649e-02
 -9.1685489e-02
  1.3505130e-02
 -1.2718425e-02
  3.4705739e-02
 -4.0160310e-02
  8.2361950e-03
 -5.1970843e-02
  3.8920596e-02
  2.3469641e+00
 -5.8406074e-02
  1.1640561e-02
 -1.1917582e-02
 -4.6576984e-02
  9.3765430e-02
  7.4035488e-04
 -2.4586389e-02
 -8.8351414e-02
  4.3816860e-03
  1.2915774e-01
  2.1250639e-02
 -6.8577014e-02
  2.5817286e-03
  7.1573257e-03
  2.9889883e-02
 -1.5148468e-02
 -8.0944222e-01
 -2.3317770e-03
  1.7896505e-01
 -1.3159792e-01
 -1.8605863e-01
  7.8955822e-02
  7.7308014e-02
 -2.9716043e-02
  3.3240158e-02
  9.5515065e-03
  4.1440848e-02
  1.0501424e-01
  1.0006259e-01
 -9.7683193e-03
  4.7032535e-02
  3.4913518e-02
  4.3399945e-02
  4.8797489e-03
  1.6189361e-02
  2.2692623e-02
 -9.0934926e-01
 -8.5629141e-03
 -7.3881477e-02
 -6.0469773e-02
  6.2666669e-02
  4.8664011e-02
  6.4117923e-02
  1.8524377e-02
 -1.7404817e-02
 -2.7175343e-02
  8.4067143e-02
 -3.2654859e-02
 -1.9759098e-02
 -1.5253500e-02
 -4.5879226e-02
  3.9285447e-02
  1.3891761e-02
  2.5710545e+00
 -8.1933826e-02
  1.5840192e+00
 -1.1756058e+00
  1.5059173e-01
 -6.0891479e-01
 -1.5707538e+00
  3.3555076e-01
  1.3027056e+00
  4.2345816e-01
 -2.6775677e+00
 -3.0293038e+00
  3.3876094e-01
  5.1539563e-02
 -3.1279945e-01
  1.8299161e-02
 -2.5261037e+00
  4.1758341e-01
 -3.1810656e-01
  1.8912265e-01
  5.6594080e-01
 -2.8004711e+00
  1.8261516e-01
 -5.9094620e-01
  1.2953429e+00
 -1.2695010e+00
 -8.9015949e-01
 -7.8780251e-03
  1.0746763e+00
 -2.0971261e-01
 -3.9680824e-02
 -1.8907738e-01
  2.0192461e-03
  5.4431713e-01
 -1.0876437e-01
 -1.3361099e-01
  1.1319738e-02
  4.7780007e-02
  1.4918027e-03
 -1.5567953e-02
 -4.5248647e-03
 -2.3362927e+00
  4.3294761e-02
 -6.7226519e-03
 -5.8306370e-02
 -5.9639886e-02
  3.7344307e-02
  3.5309114e-02
 -4.6676408e-02
  1.1204810e-02
  1.7122754e+00
  1.7660578e-03
  2.2632463e-02
  6.1586224e-03
  1.1104892e-02
  9.7655384e-03
 -2.9072821e-02
  3.5209235e-02
 -4.1122276e-02
 -2.9037843e-02
 -8.4650978e-02
 -1.1278755e-02
 -5.8898106e-02
  1.2447307e-02
  5.5618198e-03
 -1.4337783e+00
  5.0188538e-02
 -2.5906321e-03
 -6.6040486e-02
 -1.2921646e-02
  3.2981020e-01
  3.2895643e-02
 -2.0638171e-01
  1.3902718e-02
  4.6863277e-02
  7.6993302e-02
  9.9068563e-03
 -3.6745619e-02
  3.5533682e-02
  1.1475709e-01
  2.8765097e-01
  1.1528354e+00
  3.3330885e-03
  9.5996549e-03
 -3.8911948e-01
  4.0374633e-02
  3.3925116e-02
  6.4508647e-02
  4.2175375e-02
  6.1820686e-02
  4.8439094e-04
 -2.5584633e-02
  1.0697049e-01
 -4.7678437e-02
 -1.3356400e-01
  1.2394994e-02
 -5.9568059e-02
 -6.0048860e-02
  3.5967350e-02
  7.7644060e-03
  2.3725541e-02
 -2.6452638e-02
  1.8475934e-04
  4.2701904e-02
  5.1763743e-02
 -5.0696903e-01
 -2.1718869e+00
 -1.4116904e+00
  5.0668651e-01
  5.6013840e-01
 -3.6530966e-01
 -1.9694237e-01
  8.6425349e-02
  3.8949028e-02
 -4.9627119e-01
 -3.0119944e-01
 -1.1661043e+00
 -2.0570610e-01
 -8.7652691e-02
 -4.4805318e-01
 -3.4653905e-01
 -6.5605618e-02
 -3.9971176e-01
 -3.7764528e-01
 -2.7975747e-01
 -4.1240752e-01
  4.2072245e-01
 -4.4819823e-01
  1.2925035e-01
 -6.4361340e-01
 -3.2779217e-02
  1.5831083e-01
 -6.7280747e-02
 -3.1497952e-01
  9.3845803e-01
  1.7512005e-02
  2.8298048e-02
  4.7715869e-02
 -2.9364231e-01
  6.0647402e-02
 -3.4181822e-02
  1.0303793e-02
  1.0715865e-01
 -5.9360337e-01
  4.7455490e-02
 -1.9346590e-03
  7.7312430e-03
 -4.1405290e-02
 -2.7864994e-02
 -1.7040946e-02
 -3.8208418e-02
 -2.0689106e-02
 -4.1934308e-02
 -6.4657815e-02
 -4.8888642e-01
 -6.4223230e-02
  3.1289887e-02
  2.9244250e-02
 -4.8571497e-02
 -3.8392439e-02
 -1.7463306e-02
  4.6020812e-01
 -2.5131671e-02
  3.8256909e-04
 -8.0072202e-02
  7.3424540e-03
  1.9044096e-02
 -2.0970225e-01
 -4.8281305e-02
 -3.9227374e-02
 -2.1389361e-02
  1.2858935e-01
  2.9947778e-02
 -4.5538828e-02
 -3.7991325e-03
 -1.8187883e+00
 -4.1496116e-01
  8.3822030e-01
 -2.3786606e-01
 -1.1634808e+00
 -2.8610000e-01
 -5.8641660e-01
 -1.6916133e+00
 -1.0423865e+00
 -7.0372331e-01
 -2.0066559e-01
 -2.7018425e-01
 -5.1319438e-01
 -7.9075766e-01
 -1.8578658e+00
 -3.7650976e-01
 -1.0865688e-01
 -4.4748130e-01
 -3.4532538e-01
  2.4267390e+00
 -6.7696804e-01
  2.8966057e-01
 -4.2321451e-02
 -4.1151705e-01
 -9.4144714e-01
 -3.1983472e-02
  2.4261817e-01
  1.4176210e-02
 -3.1819835e-01
  8.4314927e-02
  6.5924774e-04
  2.8203396e-02
 -2.1905834e-02
 -2.6039392e-01
  1.1561395e+00
 -1.8168248e-01
 -6.7752290e-01
  1.9295447e-01
  7.9075813e-01
 -1.5353022e+00
 -4.0342587e-01
 -1.9075522e-02
  8.7001942e-02
  9.3917114e-01
 -2.1792117e-01
 -4.5096055e-01
 -1.2518927e-01
 -4.0347196e-02
  9.0185322e-02
 -1.7871962e-01
 -6.3724600e-02
 -1.0723146e-01
 -1.2676394e-01
 -1.2196205e-01
 -1.2131030e-01
 -5.7456791e-02
  1.8787958e-01
 -1.1364216e-01
  6.5451548e-02
 -1.9689362e-01
 -3.5898120e-03
  8.7132275e-02
 -2.1257561e-02
 -6.8544561e-01
  2.0568524e-01
 -2.9929606e-02
 -3.1203474e-03
  1.0601626e-02
 -4.9051575e-02
  1.4262560e-02
  7.2679687e-01
  1.1084785e+00
 -6.3492441e-01
  9.3053870e-02
 -5.5264217e-01
  1.9002827e-01
  2.3121161e+00
 -8.7931328e-02
 -4.2524904e-02
 -4.8014540e-02
  4.8143819e-01
  1.7466018e-01
 -2.4574235e-01
  9.2171140e-02
 -7.1994169e-03
  1.0970642e-01
  2.1580502e-02
  9.0008008e-01
  7.5188354e-02
  4.4183560e-02
  4.6343382e-02
 -1.3286836e-01
  7.3788345e-02
 -9.1286033e-02
  1.0762180e-01
  4.5565078e-01
 -8.4094085e-02
 -2.9830061e-02
  3.4000821e-02
 -2.9608054e-02
  3.4765612e-02
 -2.8945416e-02
 -5.0595853e-02
  6.7337051e-02
  2.4473560e-03
  1.3709262e-01
 -1.1833892e-02
 -5.4547600e-02
  3.6177445e-02
  9.4575686e-03
  9.8212600e-02
 -2.1188553e-02
  1.2532724e-03
  2.4488796e-02
  2.2147026e-02
  2.9962696e-02
 -3.4860981e-01
  6.3687362e-02
  1.3464672e-02
  6.6538788e-02
  6.7617148e-02
 -7.1755998e-02
  2.8923359e-03
  2.0262048e-02
  2.0032642e-02
 -2.6356485e-02
 -1.1563205e-02
  1.8211076e-02
 -1.8942278e-02
 -3.7509089e-03
  2.9807737e-01
  1.8495522e-02
 -4.6912521e-02
 -9.8728966e-03
  1.0842990e-02
 -2.2352546e-02
 -4.0495571e-02
 -2.7061392e-02
  5.1459402e-02
 -6.6082096e-03
  8.6543405e-01
 -1.7356366e+00
  5.1703420e+00
 -5.1894790e-01
  1.5196424e+00
 -1.3566688e+00
 -2.6284552e-01
 -4.1000667e-01
 -9.4150484e-01
 -7.4562037e-01
 -2.6431561e-01
  2.9899916e-01
 -4.2347956e-01
 -1.0200642e+00
 -4.5217529e-01
 -8.2877928e-01
 -1.3501585e-01
 -1.2919910e+00
 -1.2103361e+00
 -3.3150178e-01
 -8.2268071e-01
 -1.0981091e-01
 -8.7290424e-01
 -7.7133620e-01
 -6.8449539e-01
 -5.7226013e-02
  2.0936248e-01
 -2.8637152e-02
 -2.9021248e-01
  9.0398803e-02
  1.0571829e-02
  5.5129100e-02
 -3.0877473e-02
 -2.0596984e-01
  2.1374725e-02
 -4.9740288e-01
 -3.4519577e-01
  1.0855380e+00
 -4.8277336e-01
  2.6866071e+00
  1.4919065e-01
  8.4062852e-02
  6.2231682e-02
 -2.1083200e-01
  1.1463011e-01
 -9.7068936e-02
 -2.6556121e-02
 -1.1902047e-01
 -2.3012723e-01
 -8.5334742e-01
  1.3780019e+00
 -1.2236535e-04
 -5.7246026e-02
 -4.3050908e-02
  2.4786528e-02
  2.4268512e-01
  8.2173310e-02
 -8.8567510e-02
 -1.2816522e-02
 -9.3176030e-02
 -1.5819186e-02
  6.1123401e-02
 -5.7963155e-02
 -2.2039784e-01
  8.5942835e-02
 -2.2910316e-02
  2.1789052e-02
  1.6997239e-02
 -1.1992479e-01
  1.9942205e-02
  1.7921010e+00
  1.2759337e+00
 -3.6417401e-01
 -3.3020175e+00
 -1.5899302e+00
  2.4015151e-01
 -6.8106987e-02
 -1.2606250e-01
 -3.9096913e-01
 -4.6149577e-04
  1.6416711e-01
  6.1023716e-02
  8.5303865e-02
 -2.3119994e-01
 -6.3946120e-02
  3.1046915e-01
  3.1462342e-02
 -1.3479230e+00
  1.0064472e-02
 -1.5766857e-02
  1.3254653e-01
 -3.5617298e-01
  1.7728135e-01
 -7.2983898e-02
  9.8756857e-02
  3.2122888e-02
 -1.1728340e-01
 -1.4813209e-02
 -5.4537547e-01
 -1.1113536e-01
  2.6958218e-02
 -3.2120917e-02
 -3.6895175e-02
  7.4210733e-02
 -1.2198652e-02
 -1.6690931e+00
 -8.5462600e-01
  3.3838856e-01
 -2.2841475e+00
 -2.1884956e+00
  8.4960526e-01
  1.4819281e-01
 -7.8955925e-01
  1.4761490e+00
  5.8978748e-01
  1.3042930e+00
  4.4398749e-01
  4.1062441e-01
  7.9077101e-01
  5.2304488e-01
  6.8867081e-01
  1.7987560e-01
  3.6666265e-01
  4.0808958e-01
  4.0158904e-01
  1.3794066e+00
 -5.8069009e-01
  5.3424919e-01
  5.7633888e-02
  8.0718648e-01
 -3.6687189e-01
 -3.8727927e-01
  5.6297000e-02
  4.8935917e-01
 -1.3431008e-01
  9.9747814e-04
 -3.3962016e-03
 -5.8448757e-03
  4.4689137e-01
 -5.3474993e-02
  1.6622188e+00
 -1.5202373e+00
  2.2558174e-01
 -1.5353296e+00
  2.2479667e-01
  2.1471364e+00
 -1.7588278e+00
  2.2412081e-01
  3.2893069e-02
  5.2019510e+00
  1.1446379e+00
  8.9117855e-01
 -1.4695569e+00
 -5.6291971e-02
  6.1624658e-01
  2.5470717e+00
 -7.0591414e-01
  2.2255371e+00
 -3.3257203e+00
  2.1304128e+00
  1.5889521e+00
 -1.2299805e+00
  9.1996109e-01
  1.6359081e+00
 -3.3972350e-01
 -8.9641243e-01
 -1.2039783e+00
  2.3426983e+00
  1.2900528e-01
 -1.0100801e+00
  6.3613403e-01
 -4.8211235e-01
  5.7330465e-01
 -1.7796502e+00
 -1.3598391e+00
  2.1382229e+00
  1.8288665e+00
 -1.6979778e+00
  2.2963114e+00
 -6.5030712e-01
 -2.0459163e+00
  1.9711115e+00
  2.1729188e+00
 -1.2555637e+00
  1.1159467e+00
 -1.2609596e+00
 -1.8242251e+00
  2.1589377e+00
  6.1565095e-01
  9.8671293e-01
 -1.6397784e+00
 -1.7487280e+00
  9.5435512e-01
  8.5371327e-01
 -1.7492936e+00
 -1.3212069e+00
 -1.6990701e+00
  1.5103627e+00
  1.0096682e+00
 -7.7201611e-01
 -1.0154474e+00
 -3.2092545e+00
 -1.7286571e+00
 -2.1671939e-01
 -9.6463156e-01
  9.9944383e-01
 -1.6159886e+00
 -2.1941297e+00
  3.0878832e+00
 -9.0079194e-01
  5.4191027e-02
  1.9304329e+00
 -9.4835949e-01
  3.9250553e-01
 -3.0071947e-01
 -4.3278101e-01
 -9.6602118e-01
  8.5012555e-01
 -8.6029357e-01
 -3.6271501e-01
 -9.6413088e-01
 -5.1691186e-01
 -1.2716219e-01
  9.5168191e-01
 -2.2471367e-01
 -3.7302125e+00
  1.0292788e+00
 -6.4373356e-01
 -4.8685743e-04
 -4.0158957e-01
 -2.2399303e-01
 -1.7885354e-01
  6.3985151e-01
  7.8067579e-03
 -4.4513497e-01
  1.2038733e+00
  1.3548653e-01
 -1.8849841e+00
  1.0374502e+00
 -9.9530768e-01
 -6.2307501e-01
 -4.0069866e+00
  4.7563577e-01
  4.8456633e-01
  5.2001193e-02
  1.9642001e-01
  2.6447943e-01
  9.6808732e-01
 -1.3186404e-01
  3.9438277e-02
 -9.0534590e-02
  2.9097161e+00
 -5.8067769e-01
  1.1513739e+00
  3.3608967e-01
 -3.4640923e+00
  4.8275971e-01
  6.3989192e-01
 -6.0283043e-03
  1.9764807e+00
  1.9611573e+00
 -1.7700986e+00
 -4.5040089e-01
  4.4937602e-01
 -5.2872849e-01
  8.1325275e-01
  1.3048010e+00
 -2.4865427e+00
 -7.1466732e-01
 -1.0304419e+00
 -8.2229292e-01
 -5.4828614e-01
 -3.6733970e-01
 -3.8946730e-01
 -1.7293373e-02
  3.7349167e-01
  1.1023359e+00
  7.1567231e-01
 -1.8112192e-01
 -4.4773626e-01
  1.1388218e+00
  4.7026672e+00
  1.5606654e+00
 -9.9057004e-02
 -4.0716743e-01
 -2.8076020e-01
  7.9305005e-01
  1.0582577e+01
 -7.1172941e-01
  2.7435470e-01
 -6.7443764e-01
 -1.0101657e+00
 -9.8550320e-01
 -3.7045875e-01
  2.8293708e-01
  4.7502730e-02
 -7.2068006e-01
 -2.8655201e-01
  4.5693696e-01
  1.1512654e+00
 -4.8587289e-01
 -4.6901677e-02
 -3.2180184e-01
  6.8728954e-01
 -1.8000638e-02
 -9.1658480e-02
 -1.4524439e-02
  6.7461677e-02
 -7.8098863e-02
  7.2654255e-02
  9.6079372e-02
  5.5277254e-02
 -4.2548448e-02
 -9.4854064e-02
 -3.9563686e-02
 -1.6954044e-01
  2.7628912e-02
 -8.5544467e-02
  1.3987635e-01
  1.3786682e-01
 -1.9419543e-02
 -4.4578608e-02
 -3.6102347e-02
  2.2001320e-03
  3.1761006e-02
  8.4627368e-02
 -1.0816463e-01
 -2.9175470e-02
 -1.1071359e-01
  1.0088275e-02
 -2.6393216e-03
 -2.8649313e-02
  5.4475148e-03
 -2.2290996e-01
 -1.9345848e-02
  7.3492831e-01
  2.7226126e+00
 -1.5908203e-01
 -1.2912031e+00
 -6.8959303e-02
 -3.6715585e-01
 -4.8681599e-01
  9.7652776e-03
 -3.9602917e-01
 -1.7391054e-01
  6.9815361e-01
 -1.1585619e-01
 -2.6507023e-01
 -3.0700070e-01
  2.6711011e-01
  1.9578566e-01
 -2.2345263e-01
 -4.6178502e-01
  2.0541385e-01
  2.1069284e-01
 -3.2119223e-01
 -2.8338635e-01
 -3.4463906e-01
 -4.0516496e-01
  1.0425408e-01
  4.1124158e+00
 -6.4665455e-01
  1.1637288e-01
 -5.1251847e-01
  1.2234054e-01
  1.8681584e-01
 -2.7334823e-03
  3.5355240e-02
  3.4723431e-03
  5.4718617e-02
  1.4909998e+00
 -1.2047955e+00
  1.9582610e+00
 -1.5544603e+00
  5.4578495e-01
 -7.2974056e-01
  1.7763323e+00
 -9.8453546e-01
 -1.6783768e+00
 -3.9366212e+00
 -1.3985035e+00
  7.4289167e-01
 -3.0448601e-01
  1.2137150e+00
 -2.8841338e-01
 -2.6920135e+00
 -1.6395985e+00
 -3.8620017e+00
 -1.9502079e+00
 -1.3344725e+00
 -1.7601397e+00
  3.6664754e-01
 -1.6469585e+00
 -1.0013663e+00
 -1.9305565e+00
 -7.4012220e-02
 -1.8210255e+00
  5.3680730e-01
 -1.0153239e+00
  2.4602729e-01
  8.0524184e-02
  2.1018922e-02
  1.0093139e-02
 -8.4452860e-02
  1.1479157e-02
 -7.5970757e-01
  2.1779699e+00
 -4.2936201e+00
  2.3597119e+00
 -1.8475409e+00
 -3.7504247e-01
  2.1718979e+00
  9.2523523e-02
  8.0609298e-01
 -4.0519929e-01
  6.8101805e-01
  1.9025620e+00
  1.9274364e-01
  3.0408001e+00
 -6.1098433e-01
 -1.8616707e+00
  7.3621345e-01
 -1.0538675e+00
  2.8568702e+00
 -1.9001086e-01
 -3.7050512e-01
  1.3360732e+00
  2.5239015e-01
  1.0160755e+00
  8.1573296e-01
 -1.3156082e-01
 -7.5146139e-01
  3.7745386e-01
 -3.4341374e-01
  6.9281928e-02
 -7.1000868e-01
  2.3789873e+00
 -4.8166056e+00
  1.0770906e-02
  8.5123062e-02
  6.4808542e-01
 -1.5743467e+00
  4.2814124e-01
  2.0285942e-01
 -8.2433355e-01
 -1.8585150e+00
  1.5413525e+00
  2.6214862e-01
  4.5367536e-01
 -8.8214117e-01
  5.8641034e-01
 -4.1153235e+00
 -5.0685567e-01
 -1.1311042e+00
 -5.6827850e+00
  2.0766817e-01
 -3.7218061e-01
  6.1714274e-01
  2.9688542e+00
 -8.2286209e-01
 -8.6408108e-01
 -1.3608303e+00
  1.3133073e+00
 -1.6193470e+00
 -3.7425554e+00
 -3.6627918e-01
  6.9845587e-02
 -4.6686791e-02
  3.1333962e-01
 -3.1579825e-01
 -2.4157974e-01
 -4.8519145e-03
  3.2419648e-02
 -1.3204326e-02
  7.1109764e-02
 -6.2921785e-02
 -1.0799846e-02
 -2.2306678e-01
  6.8672828e-02
  1.7163755e-01
 -7.4196897e-02
 -1.0078646e-01
  2.2502209e-01
  5.9270829e-01
  4.1152786e-02
 -1.0174267e-01
  1.0668486e-01
 -1.8396603e-02
  1.8287873e-02
  9.1401018e-02
 -6.0690083e-02
 -5.4102606e-04
  1.5130049e-01
 -1.5300232e-01
 -2.3657109e-01
  4.6840448e-02
 -2.3437845e-02
  1.0881774e-01
 -9.4279833e-04
  8.6469449e-02
  4.0324782e-03
  3.6118114e+00
  5.4392576e-02
 -2.7181333e-02
 -2.4324661e-02
 -3.7336458e-02
  1.7217180e-03
 -5.4701000e-02
  2.5410709e+00
  3.3116139e-02
  1.6885120e+00
 -1.7261251e+00
  1.2869391e-01
 -7.8258544e-02
 -3.2431164e+00
  3.2566951e-03
  4.7004629e-02
 -7.2109967e-02
 -5.6872416e-02
 -9.0504829e-03
  9.1384917e-02
  8.9530936e-03
  6.2960215e-02
  1.7729044e-02
  6.4636089e-02
  4.2365476e-02
  2.6072867e-02
 -7.1683526e-02
  1.2903488e-01
  8.5015193e-02
 -6.1300900e-03
  3.9569970e-02
  2.2084665e-02
  3.6113439e-03
  3.9559327e-02
 -6.0765892e-02
  1.5263954e-02
  1.1163077e+00
 -4.4984065e-02
  7.9136722e-02
 -5.9115808e-02
  3.0302319e-01
  3.9551776e-02
 -2.0936762e-03
  2.8085448e-02
  7.2120011e-01
 -4.1439738e+00
  2.2569361e+00
  1.2919402e+00
 -8.3311772e-01
  1.5436813e-01
  6.3014710e-01
  9.4125253e-01
 -1.1916299e+00
  1.1647128e-01
 -5.1550841e-01
  5.1504153e-01
  3.7082228e-01
 -8.0039757e-01
 -1.2842990e-01
  9.1177028e-01
  6.9019884e-01
  1.5738066e-01
 -3.1918555e-01
 -6.4596969e-01
 -1.4078307e-01
 -2.5216410e-01
 -1.4256905e-01
  1.5288541e-01
 -1.3291638e-01
 -7.9272529e-03
 -1.3841735e+00
 -1.5664461e-01
  4.2382419e-01
 -7.3063582e-01
  8.3843917e-03
  8.3384770e-01
  1.6435478e+00
 -4.3756384e-02
  2.5865134e-02
  5.8915454e-01
  5.8432847e-02
  2.6854105e+00
  5.2186843e-02
  5.1613688e-01
 -1.4538416e-01
  2.5673756e-01
 -7.5174235e-02
  2.2086160e+00
 -3.0400982e-01
 -5.6677222e-02
  1.3523638e-01
  5.0791759e-02
  1.6225328e-01
  2.5058061e-01
 -6.5688893e-02
  6.8094678e-02
 -2.4859667e-01
 -8.7376036e-02
  2.3065175e-01
 -8.3851680e-02
  2.1748705e+00
 -2.4393937e-02
 -1.5071560e-01
  6.9431710e-01
  2.1518823e-02
 -2.2995505e-01
  1.1957297e-01
 -1.6603041e-01
  1.2933584e-02
  2.8523847e-02
 -1.4055305e-02
  5.2982442e-02
 -2.4721125e-02
  2.4748715e-02
 -1.6170012e+00
  1.0983568e+00
  8.1666178e-01
 -9.6412772e-01
  6.0540915e-01
 -1.4121569e+00
 -6.3754725e+00
 -6.0593224e-01
  8.8297516e-01
 -4.3600377e-02
 -8.7051231e-01
 -5.8586740e+00
 -3.9686871e-01
 -3.0005705e+00
  2.7111194e-01
  8.3300728e-01
 -4.0142117e+00
  1.8635511e+00
 -3.9535449e+00
 -5.2158993e-01
  2.3610113e+00
 -4.3854899e+00
 -7.2056168e-01
 -2.8263025e+00
 -1.4674208e+00
  2.4336979e-01
 -1.7965935e+00
  1.9176894e-01
 -1.5376273e+00
  3.8662013e-01
  7.3175371e-02
  5.4563116e-02
  1.1535312e+00
 -1.9762181e-02
  2.9203929e-02
 -6.5968740e-01
  4.6284637e-01
  2.8569310e+00
 -5.5724716e-01
 -1.0552573e+00
 -5.7051396e-01
 -2.9486241e+00
 -4.5151481e-01
  5.2746101e-03
  1.2762722e+00
  1.1788037e-01
 -3.9844246e+00
 -7.7035791e-01
 -2.4911861e+00
  1.1088821e+00
 -8.4790283e-01
 -2.9631972e+00
 -1.4606073e-01
 -7.4128026e-01
 -1.2758799e-01
  6.9158292e-01
 -3.2471400e-01
 -1.1390506e+00
 -1.6739095e+00
  9.3194240e-01
  3.5357586e-01
 -1.2924470e+00
  3.3347275e-02
 -1.0188593e+00
  2.3160464e-01
  4.5181549e-01
  6.8987958e-02
  5.3354381e-03
 -9.0987366e-03
  3.4606725e-02
  4.5020122e-02
  9.5880672e-02
  6.5071560e-02
  4.6513651e-02
 -1.9263606e-01
 -2.0540416e+00
  2.4510225e-02
  1.8725984e-03
 -1.0139249e-01
  6.3823104e-02
 -8.6800314e-02
 -1.3498168e-02
  1.3371184e-02
 -4.3008551e-02
  5.3705284e-03
 -4.0529452e-02
 -3.5596702e-02
 -1.3613980e-01
  6.4214744e-02
  9.9380851e-02
 -1.3460052e-01
  2.5546918e-02
 -7.4013740e-02
 -8.8004768e-02
 -4.0640652e-02
 -2.4208464e-02
 -4.2405721e-02
  9.4634312e-01
 -6.9410555e-02
  4.1613583e-03
 -3.0930361e-01
  1.9193593e-02
 -1.2806660e-02
  8.2452007e-02
  1.3218912e-02
  1.2861948e-02
 -1.0698504e-02
  3.2540255e-03
 -1.4422719e-02
  7.8009951e-01
 -9.9389270e-02
  6.8233781e-03
  1.1025218e-02
 -4.4762509e-04
 -5.6666553e-02
  8.8379204e-02
  5.3959742e-02
 -2.0044900e-02
  2.3820102e-02
 -5.4907803e-03
 -3.3130746e-02
  5.2689458e-03
 -2.9066319e-03
 -5.8910679e-03
 -1.4786044e-02
  5.8050092e-02
  5.4935399e-02
 -1.4015090e+00
 -9.9603562e-03
 -4.4487484e-02
  1.1488916e-01
 -1.3889494e-02
  3.0386459e-02
 -1.1269111e-02
  6.4550728e-01
 -8.3177667e-03
 -3.7019648e-02
 -7.7820480e-02
 -5.5470979e-03
  7.9324767e-03
  9.0447849e-01
 -2.3190565e+00
  3.4728649e+00
  1.1760931e+00
 -3.4151874e+00
  3.1860036e-01
 -3.1689620e-01
  4.9996138e-01
  2.7178915e+00
 -2.1014674e-01
  5.7406974e-01
 -1.1390791e+00
  1.4761817e+00
  4.4154525e+00
  8.3231574e-01
 -2.8019803e+00
 -3.0604222e-01
 -6.3448668e-02
  3.4581518e+00
  2.2778592e+00
  2.0316434e+00
  9.4709331e-01
 -4.8920086e-01
  3.8256063e+00
 -9.8162729e-01
  1.7250326e+00
  9.9104142e-01
 -4.1558394e-01
  1.8847091e+00
  1.0598157e-01
 -1.0019603e-01
 -6.6372895e-01
 -3.4641847e-02
  1.9151248e-01
  2.2039590e-02
  1.8840148e+00
 -4.2696323e+00
  1.2524048e+00
 -1.5651628e+00
 -1.8272818e+00
  5.3986180e-01
  4.4894267e-02
  1.3688318e-01
  5.0238562e-01
 -1.4495919e-03
  1.8327577e-01
  7.9960120e-01
  8.8551426e-01
  5.1363391e-01
  3.1388271e-01
 -6.9009179e-01
  4.6498877e-01
  1.9937223e-01
  1.0348688e+00
 -5.3319025e-01
  1.7260188e-01
  5.8029348e-01
  2.4692480e-01
  8.9666164e-01
 -6.0037214e-01
  6.3322194e-02
  8.8739979e-01
 -2.0035613e-01
  7.1338856e-01
 -4.6502892e-03
 -7.6606989e-02
 -6.5146118e-02
 -2.0309269e-02
  5.7915911e-02
  8.6545134e-01
 -1.6876705e+00
 -4.4491422e-01
 -4.3324218e+00
  1.0276795e-02
  4.8712401e+00
  4.2985910e-01
  1.6515632e-01
  9.3952328e-02
  6.5482610e-01
  1.9329648e-01
  8.7122822e-01
  9.4584030e-01
  1.3714275e-01
  6.1149859e-01
  1.2181977e+00
  5.1717997e-01
  6.4607781e-01
  9.8445332e-01
  1.2084587e+00
  9.1150188e-01
 -8.6943567e-01
  1.2986358e-01
 -9.0848818e-02
  1.6889866e-01
  4.4638139e-01
 -3.6270912e-03
  6.1738330e-01
 -1.2214872e-01
  3.8393921e-01
 -1.9466484e-01
 -3.0039333e-02
 -6.3282731e-03
 -2.0909918e-02
 -1.8116198e-02
  1.4612428e+00
 -2.5804665e+00
 -5.4001176e-01
 -2.7077014e+00
  2.6052844e-02
 -4.6816282e-03
  6.6582248e-02
  2.6513645e-01
  2.1093030e-01
 -1.1036456e+00
 -3.7298346e-01
 -6.7794144e-01
 -3.6674982e-01
  1.8828599e-01
 -9.5591533e-01
  5.6744188e-01
 -1.6370943e+00
 -1.5212592e+00
 -4.9132219e-01
 -1.5818708e+00
 -2.0620780e+00
 -1.9920483e-01
 -5.3612614e-01
 -4.7497809e-01
  3.2447141e-01
 -1.1195227e+00
  2.1937603e-01
  1.9655663e+00
 -4.3995833e-01
 -3.9783710e-01
  1.6244964e-01
 -4.9020886e-02
 -5.3021275e-03
 -2.6699712e-02
  5.3835314e-02
 -4.4458196e-03
 -6.1945552e-01
  3.8921320e-01
  6.7631803e-02
  1.9811554e-01
 -4.9916092e-01
 -2.3257898e-03
  2.9079416e-01
 -2.0791078e+00
 -1.0404728e-01
 -6.4370587e-02
 -9.3967639e-02
  1.6768670e-02
 -1.4131071e-02
 -6.8535395e-02
 -2.0480877e-02
  4.7740191e-02
  1.6674433e-02
 -2.3023252e+00
  1.0770898e-01
  2.4383038e-01
 -1.5157928e-01
  8.7441616e-03
 -1.0146970e-01
 -4.7184896e-02
  6.9867477e-02
  9.2629148e-03
 -1.2790617e-01
  2.9251739e-02
 -8.5288000e-01
  1.6633261e-02
 -2.0388028e-02
  5.0015980e-01
  5.8907080e-02
 -3.2889914e-02
 -3.7974782e-02
  1.0976292e-02
 -1.9789720e-03
 -1.0048600e-02
  4.1408520e-02
  2.0470065e-03
 -7.3823673e-03
 -7.3105901e-02
 -1.5075976e-01
 -1.0627266e-02
 -3.3050880e-02
  2.7791213e-02
  2.9003489e+00
 -2.2241952e-01
  2.8754678e-02
  2.2566328e-02
 -1.4325957e-02
 -4.8016362e-02
  2.0106969e-02
 -2.9972181e-02
 -5.3012155e-02
 -1.0670795e-03
  3.9461397e-02
  2.1582609e-03
  2.6813184e-03
 -1.9653279e-02
  4.4508901e-04
  6.3417919e-02
  2.9992955e-03
  3.3565771e-02
 -4.3378267e-02
  1.9522641e-02
 -1.9352797e-02
 -3.5201374e-03
 -2.4374839e-02
 -7.6275137e-03
 -4.9056846e-01
 -9.0064615e-02
  1.4189169e-01
 -7.5508349e-02
 -1.5149048e-01
  1.2838106e-01
  1.4313878e-01
  2.7344059e-02
 -1.0618264e-01
  4.0404357e-02
  6.2028185e-02
 -8.1670886e-01
 -2.3443414e-02
 -4.0929515e-02
 -4.5346983e-02
  4.0126693e-02
  4.1508265e-02
 -7.2087705e-02
  1.1125268e-01
  2.0406175e-01
  1.2593901e-02
 -1.4965249e-02
  5.7655036e-02
 -1.0125307e+00
 -1.0785288e-01
  4.6529166e-02
 -1.0117084e-01
  2.3795463e-04
 -6.8862692e-02
  6.3355967e-02
 -8.1936605e-03
  6.6093646e-02
  7.2550036e-02
 -1.0836281e-02
  4.3176576e-02
 -1.5480365e-01
 -2.8510126e-03
 -5.3650360e-03
  6.7149058e-02
 -3.1895477e-02
  4.9157612e-02
 -2.2957858e-02
 -4.4567570e-02
 -3.6782709e-01
  1.2911364e-02
  5.9571952e-02
 -9.7132921e-02
  4.4585507e-02
  8.6424410e-02
 -4.3181781e-02
  8.0491626e-01
 -2.7642868e-02
 -2.6974851e-02
  2.9878164e-02
  5.6376550e-02
  2.9589690e-02
 -8.1182128e-01
 -1.4525780e-02
 -4.5017043e-01
  6.9405168e-01
 -1.2070169e-02
 -7.1909383e-02
  1.3524516e-01
  3.1460881e-02
  5.4837652e-02
 -6.6303844e-03
  3.5091251e-02
 -3.1541996e-02
 -2.1724420e-02
  5.9452064e-02
  1.0836191e-01
 -5.2434277e-02
 -7.4325942e-02
 -5.5840887e-02
  5.8296964e-02
  5.9227514e-01
 -7.8989550e-02
  1.9499769e-02
  7.5911880e-02
 -1.9369248e-02
 -6.4557314e-02
  5.3482555e-02
 -9.1990404e-02
  2.5608454e-02
 -5.3163469e-02
  4.4416408e-03
  7.3218763e-02
  1.0405973e-01
 -6.2989064e-02
 -1.1763050e-01
  3.1012984e-03
 -1.2736272e-02
 -1.6939280e-03
 -2.3624822e-02
  5.9348788e-02
 -1.2183257e-01
  1.7620681e-01
 -1.2720507e-01
  4.1096512e-02
 -4.7000710e-02
 -8.7943740e-02
  2.6070653e-02
 -2.8979518e-02
  2.5788809e-03
  5.7140138e-02
  5.3061485e-01
  7.9118926e-03
 -1.6958083e+00
 -2.1887872e-01
  5.1906317e-01
  7.0122994e-02
 -2.4502339e-02
  9.8731965e-02
  1.7766638e-01
  9.5892288e-03
 -1.3775800e-01
 -8.0378093e-02
  1.1289353e-02
  5.7039838e-02
 -2.4093259e-02
 -1.4935942e-01
  7.0716336e-02
  1.2868424e-01
  3.9234382e-01
 -1.0640962e-01
 -3.2535044e-03
  3.1511512e-01
  8.9068204e-02
 -2.1744004e-02
 -1.5071360e-02
  1.5105863e-01
  1.3770516e-01
 -5.3729709e-02
  1.1768223e-01
 -3.5203051e-02
 -2.6845928e-02
 -4.5547660e-02
  1.1302442e-03
  4.3973897e-02
 -8.7696081e-01
 -1.1106925e+00
  2.8958747e+00
 -2.3229238e-02
 -1.1389317e-01
  1.0310489e+00
 -1.8972421e-01
 -9.6836530e-02
 -1.4307542e-01
 -4.4942772e-01
 -3.2795098e-01
  3.2562569e-01
 -5.4441214e-02
 -1.4508438e-01
  1.2113255e-02
  1.7905149e+00
  1.5216386e-01
 -2.2879308e-01
 -1.8505974e+00
 -4.0111355e-03
  4.2866030e-01
  3.3792672e-01
 -4.3008186e-02
 -3.0003924e+00
 -2.8591990e-01
 -1.9054724e-01
 -7.6424843e-03
 -3.8138324e-01
  8.5645422e-02
 -4.1513407e-01
  1.0007842e-01
  4.1347977e-02
  2.0467753e-02
  3.7970733e-02
 -3.9960805e-02
  1.4128348e-02
 -9.1351432e-01
  3.0515984e-01
  4.8661413e+00
  1.6682868e+00
  1.1385022e-01
 -2.3173146e+00
  1.3888063e+01
  1.7943734e-01
 -5.4036341e+00
 -2.3547208e+00
  4.9307880e+00
  9.1511211e+00
 -2.9353027e+00
 -2.7411501e+00
  1.8632070e+00
  6.1053114e+00
  1.0717077e+01
 -2.5393739e+00
  2.2669744e+00
 -1.0272818e+00
 -2.4829183e+00
  7.9821167e+00
 -1.4451559e+00
 -6.0913825e-01
  1.7502753e+00
 -5.2190083e-01
  2.5614157e+00
 -3.3230549e-01
  8.8581944e-01
 -1.1387228e+00
 -1.0163806e-01
 -7.9004057e-02
 -5.5157930e-02
 -2.7994735e-02
 -4.4275172e-02
  1.7851548e-01
  3.3170536e+00
 -6.9303319e-02
 -1.9320124e-01
 -2.1633393e-01
  1.4794506e-01
  1.0121524e-01
  3.1680975e-02
  1.5343401e+00
  1.0448517e-01
  1.3215846e-01
  3.8603914e-03
  4.0297195e-02
 -5.9722587e-02
 -5.1203934e-03
  5.3508114e-03
  1.4663088e-01
 -7.9336818e-03
 -1.9008333e-03
  3.4779057e-02
  1.8555056e-02
  1.4398900e-02
  2.3016786e-02
  3.0596338e-02
 -4.4121616e-02
 -5.9927427e-03
 -2.0843569e-02
 -1.2338717e-02
 -4.0762667e-02
 -2.9159011e-02
 -4.9498621e-01
 -1.9698784e-02
 -1.6506800e-02
 -1.9702638e-02
 -3.4511052e-02
  4.5823085e-01
  3.0142978e-01
 -2.1782440e-01
  2.0416798e-01
 -5.6276196e-01
  4.0312506e-02
  3.3750977e-02
 -8.8339355e-03
 -1.1015513e-01
  7.9204198e-03
  4.4362497e-02
  8.9521217e-01
  1.1669101e-02
 -1.2787762e-01
 -5.0837882e-02
 -1.4258547e-01
 -2.9110065e-01
  2.9953032e+00
 -3.1054391e-02
  9.5364213e-02
 -5.0489031e-02
  4.1830212e-02
  1.5336539e-02
 -2.4626821e-02
 -4.3810491e-02
  2.7964120e+00
 -6.0963143e-02
 -4.7962707e-01
 -9.0127513e-02
 -2.9644793e-02
  2.6932475e-03
  4.7791570e-02
 -4.0109746e-02
  2.8147981e-02
  3.3457473e-02
 -9.3072969e-01
 -5.7369512e-01
 -7.2707903e-01
  6.7007421e-03
  6.4378119e-01
 -6.7498893e-02
 -1.0922888e-01
  6.4088136e-02
  1.1399306e-01
  2.7663298e-02
  6.4729862e-03
  3.0480288e-02
 -4.7973547e-02
 -3.9091394e-03
 -3.5167944e-02
  1.1312853e-02
 -5.0990251e-03
  1.3661700e-01
  2.8654927e-01
 -4.8470084e-02
  2.2322461e-02
 -8.9904189e-02
  1.2088860e-01
  1.6452805e-03
  2.3615576e-02
 -5.7476975e-02
  9.2515312e-02
 -4.1919220e-02
  5.8529194e-02
 -4.5976549e-02
 -6.9476264e-03
  1.0741163e-03
 -3.7310885e-03
  1.5810132e-02
  5.6579307e-02
 -6.3457841e-01
 -2.7551353e-02
 -2.3307011e-01
  2.9545978e-01
  3.7970269e-01
  1.5428644e-02
 -3.0248788e-01
  1.1000204e-01
  2.8355390e-01
  4.9853869e-02
  1.1395819e-01
  5.6465071e-01
  1.4268866e-01
  2.5643274e-01
  8.6690998e-01
 -2.3192286e-01
  1.6960690e-02
  2.5032794e-01
 -1.4674020e+00
 -8.5073841e-01
  6.6038758e-02
  3.2205775e-02
  5.3730756e-02
  3.0663323e-01
  4.4599897e-01
 -3.5912603e-02
  4.1360468e-01
 -1.2234320e-01
  2.8653869e-01
 -6.1712287e-02
 -1.0580919e-01
  9.0971338e-03
 -3.7883076e-01
  9.3082804e-03
  4.1497868e-02
 -1.6180671e+00
  1.1841731e+00
 -5.8086210e-01
 -7.0472699e-01
  1.3566980e+00
 -4.5153421e-01
 -2.5484282e-01
  3.2115083e+00
  4.1742033e-01
 -9.1970247e-01
 -5.0934717e-02
  2.2141433e-01
 -2.4806111e-01
  7.0988858e-01
 -1.7894897e-01
 -6.1375212e-02
 -2.5619003e-01
  1.9796103e-01
 -5.7990122e-01
  2.8024027e+00
 -5.0000751e-01
 -9.9525109e-02
  1.0189042e-01
  7.1899824e-02
  2.6458777e-02
 -1.0962868e-01
  2.6398855e-01
  3.1585876e-02
  3.1444135e-01
 -1.5990296e-01
 -6.7632958e-02
  2.5141129e+00
 -3.2308333e-02
 -5.6156538e-02
 -3.4175594e-03
 -1.7885109e+00
 -2.4317250e+00
 -2.2861816e-02
  3.4424475e-01
 -3.4100693e-01
  4.0374584e-02
 -2.3231825e-01
  4.9561616e-02
  3.6119208e-01
  1.0036344e-01
 -1.8434328e-01
  7.0977533e-01
 -1.1763160e-01
 -7.5944215e-02
 -8.6274266e-02
  6.3717266e-04
  6.6265464e-02
  4.1999719e-01
 -2.0935974e-01
 -2.7818289e-01
  1.0513842e-01
 -1.0610033e-02
 -1.7420668e-02
  1.6454556e+00
  1.4514734e-01
 -2.5756992e-02
  2.6821098e-01
 -3.2380015e-02
 -2.5570717e+00
  2.9916201e-02
 -6.7621186e-02
  4.3477375e-02
 -9.0153575e-02
 -5.2069150e-02
 -1.2849377e-02
 -9.1660758e-03
 -9.9681001e-03
 -2.8377309e-01
  5.2832030e-03
  4.9195576e-02
  1.1409301e-02
  2.3782866e-02
  5.7115503e-02
 -1.6970006e+00
  4.6478465e-02
  2.6263697e-02
 -3.4304678e-02
 -4.3650705e-02
  2.5051520e-03
  1.0743097e-02
 -4.8491206e-02
  7.0187688e-02
 -5.3216908e-02
 -3.9517060e-02
 -5.9560269e-02
 -8.4790858e-03
  1.8678291e-03
  1.0312474e+00
  1.3032621e-02
  2.7051689e-02
  4.7366815e-03
  4.5906059e-03
  7.1615174e-02
 -1.4351976e-02
  3.5169646e-02
  2.6394758e-02
 -4.2651109e-02
 -5.7321270e-03
  7.0998035e-02
 -6.2533386e-02
  4.8320435e-02
  2.9595837e-01
 -9.2581801e-02
 -4.1092783e-03
 -5.6264937e-01
  3.8531762e-01
  3.9782614e-02
 -8.2472280e-02
 -2.5890943e-01
  4.1869421e-02
  1.9109453e-01
 -1.0514379e-01
  2.2686531e-01
 -1.7295469e-01
 -6.5270238e-02
  5.1260959e-02
 -4.5536526e-02
 -2.1102838e-01
  1.5080853e-01
  2.2963260e-01
 -1.3737034e-02
 -2.2500252e-02
 -1.2763618e+00
 -4.3577150e-02
 -9.8519505e-04
 -5.2165356e-04
 -3.1331903e-01
  1.0977693e-01
 -1.4618723e-01
  5.8801550e-02
 -7.3863819e-02
  1.4911392e-01
  3.4635872e-02
 -7.9342268e-02
 -1.4522172e-02
  6.7313170e-01
 -3.6582384e-01
 -1.5574025e+00
  3.0608935e+00
  1.0390891e-01
  1.4908717e+00
 -5.4448420e-01
  1.0804929e-01
  5.3274399e-01
  5.9400719e-02
  9.7403640e-01
 -6.4160720e-02
 -1.5201859e-01
  5.5470660e-02
 -4.7523376e-01
  4.3523806e-01
 -1.8425851e-01
  4.9950466e-01
  5.8551401e-01
 -8.7400985e-01
 -1.1468270e-01
 -4.2340794e-01
  1.1839025e-01
  1.9929513e-01
  1.9426481e-01
 -2.3788128e-02
  3.2695806e-01
 -1.4790355e-01
  2.0267500e-01
 -1.8528077e-01
 -1.1367733e-02
  1.1709617e-02
  1.3839414e-02
  6.9471037e-01
  1.4112202e-02
 -6.1893898e-01
 -1.5188557e+00
 -1.8639354e+00
  2.6266050e+00
 -2.7431459e+00
 -3.5107547e-01
  4.3680019e+00
 -1.2372876e-01
 -2.8777039e-01
 -1.3632154e+00
  3.5746852e-01
  3.8475263e+00
  5.3513402e-01
  2.0301697e+00
 -1.1671478e+00
  2.7353966e-01
  3.1811290e+00
 -3.7334427e-01
  6.4529520e-01
  6.8273163e-01
 -1.3595941e+00
  2.6694460e+00
  1.0734302e+00
  7.1732891e-01
  1.1757606e+00
 -4.5115173e-01
  1.3360474e+00
  7.1190067e-02
  7.1565676e-01
 -2.4994093e-01
 -1.7661746e-01
  1.8008130e-02
  6.9375983e-03
  8.2650827e-03
 -7.2341152e-02
  2.2583732e-01
 -2.4253634e-01
  3.9882269e-02
  3.5805982e-02
  1.8788511e-01
 -2.7910253e-01
 -3.8827767e-03
  4.3477166e-02
  2.1443929e-01
 -1.6498836e-02
 -2.0076269e-01
  1.2252293e-01
 -4.4938149e-03
  1.6918948e-01
 -1.8161595e-02
 -6.0737133e-02
  2.4695825e-02
  1.6378656e-01
 -1.8822871e-01
 -2.2668950e-01
 -8.0381513e-01
  3.0893240e-02
  1.8547635e-01
  1.5583946e-01
  1.0061318e-01
 -1.6327450e+00
  1.6993253e-01
 -1.1078035e-01
  8.1854843e-02
  1.7625697e+00
 -9.0743773e-02
 -2.0916655e-03
 -2.0813748e-02
  1.3019168e-01
 -5.7788722e-02
  1.0789723e-01
  6.0062593e-01
 -7.2032221e-02
  8.2395434e-02
  3.2614359e-01
 -6.2815025e-02
 -7.2458699e-02
 -1.7866313e-03
  1.5583766e-01
 -3.8423788e-02
 -1.5757312e-01
  6.9642067e-02
 -1.0885035e-01
 -5.4705893e-03
 -7.1784959e-04
  2.2097731e+00
  3.9269801e-02
  1.6672891e-01
 -2.1901453e-01
 -2.0925555e-01
  2.7629385e-02
  1.1609734e-02
  4.9558520e-02
 -8.8154793e-02
 -3.4325626e-02
 -1.1268419e-02
  1.3026150e-01
 -5.5508468e-02
  3.4998700e-02
 -3.6082603e-02
 -6.9424152e-02
 -3.9788480e-03
  4.0515333e-02
 -2.4067052e-02
 -1.7642049e-03
 -2.5467089e-01
  1.7668276e-01
 -3.4919985e-02
  7.0486390e-03
 -3.2450321e-01
  5.3991410e-03
  2.2734953e-02
  5.6856841e-02
 -1.0381622e-01
  2.1302338e+00
 -8.9812267e-01
  1.0875807e-02
 -2.6720256e-02
 -1.1893269e-01
  6.5652549e-02
  6.4697181e-04
  5.6391910e-02
 -5.5050198e-02
  1.5733384e-01
  2.3008607e-01
 -1.0511783e-02
 -2.9554749e-02
 -7.1357988e-02
  4.2265560e-02
  7.8737266e-02
  3.7020758e-02
 -1.5669560e-01
 -1.9065461e+00
 -9.7592667e-02
  4.2854324e-02
  1.0611331e-02
 -7.8013666e-02
 -9.3381917e-03
 -1.1766822e+00
  4.7216145e-03
  1.8039975e+00
  2.3137019e+00
  1.3629513e+00
  9.5153546e-01
 -2.3675435e+00
 -1.1258293e+00
  1.0365038e+00
  3.1515270e-01
  7.3517907e-01
  8.3471727e-01
 -3.0921996e-01
 -1.9514745e+00
 -2.2784992e-01
 -1.8499159e+00
 -4.3847432e+00
 -2.7560248e+00
 -1.5356484e-01
 -1.2313540e+00
 -3.1139643e+00
  9.3763858e-01
 -6.8997651e-01
 -4.1904055e-02
  1.5311739e+00
 -2.3868157e-01
 -3.1475475e+00
 -3.1785771e-01
  6.2819213e-02
  3.5994615e-02
  9.0891242e-02
 -2.6316994e-01
 -3.4896780e-02
 -2.2041269e-02
 -2.8657284e-02
  1.0332288e+00
 -2.6628675e-02
 -1.4374391e+00
 -5.5726610e-02
 -6.6654712e-01
  5.0178945e-01
  2.9171975e+00
 -1.7756286e-01
  2.2138461e-02
 -5.9279022e-03
  8.1229544e-01
 -1.4248301e-01
 -5.9697563e-03
  2.1836828e-01
  7.3362373e-02
  1.1403796e-01
  1.7996308e-01
  2.2681143e-02
  1.2096985e-01
  2.7111471e-01
  2.9569235e-02
 -1.0346223e-01
 -4.9010783e-02
  8.0218472e-02
  1.2833209e-01
 -4.7787419e-01
  4.4376612e-02
 -4.9370345e-02
  4.5447168e-01
 -1.4981641e-02
  2.3205490e-01
 -7.3924690e-02
  7.3502392e-02
 -1.7573144e-03
  7.8084273e-03
  3.2326709e-02
 -8.2289264e-02
 -8.4416372e-01
  2.0969236e+00
 -3.8789341e-01
 -1.4176613e+00
 -6.0159945e-01
  4.6714705e-01
  3.6652420e-02
  6.6693939e-02
  2.7124563e-01
 -9.9315017e-02
 -4.4930342e-01
  6.6549800e-02
  1.7332681e-01
  1.1999020e-02
 -1.7442634e-02
 -5.5458516e-02
  2.0146058e-01
  2.3123615e+00
 -6.4051831e-01
 -5.8665937e-01
  4.2225200e-01
  2.2486638e-01
  1.7499426e-01
  2.4658380e-01
  2.2143394e-02
  3.4992822e-02
  5.4131538e-01
 -1.1954101e-01
  2.6731881e-01
  1.4766720e-02
 -1.5217181e-03
 -2.3351896e-03
 -2.1364376e-02
 -2.8215162e-02
  1.4979327e-04
  6.1344326e-01
  9.4425958e-03
  3.9381942e-01
  1.7035435e-01
  1.1084383e+00
 -1.4183496e-01
  4.2620208e-02
 -9.3563348e-02
 -3.6369410e-01
 -4.7906432e-02
 -2.3304254e-02
  4.9660766e-01
  2.3246482e-01
  1.7337264e-01
 -3.9637562e-02
 -8.0854669e-03
  2.4928579e-02
  3.3898211e+00
  2.9219886e-02
 -3.5952848e-01
 -6.7768842e-02
  4.9148817e-02
  5.1522426e-02
  3.3914994e-02
  7.3024325e-02
 -6.4260334e-02
  6.0856573e-02
  4.0938403e-02
 -2.1185128e-03
 -3.2834850e-02
  1.8835597e-02
  7.0809588e-02
 -3.5859214e-04
 -6.1673182e-04
 -2.6209027e-01
  7.1155673e-01
 -2.6247010e-01
  7.9034068e-02
  1.2009658e-01
  1.1380588e-01
 -2.3168191e-01
  6.1300248e-03
  5.6905225e-02
 -9.1921812e-01
 -1.4041378e-01
 -6.8983465e-02
 -6.6045043e-03
  7.9417499e-03
  1.5657310e-01
  1.9196871e-01
 -1.1968423e-01
 -5.7193801e-02
  1.7853780e-02
 -4.0925285e-01
 -2.2185838e-01
 -1.8294632e+00
 -8.9250058e-02
 -1.2645338e-03
  2.8065858e-02
  5.5051398e-02
 -4.0831748e-02
  8.0151834e-02
 -1.8547209e-02
  7.9158686e-02
 -2.1961641e-02
  3.2334022e-02
  3.2150252e+00
 -2.2929208e+00
 -6.9586406e-03
  3.6067418e-03
 -2.8743014e-01
 -5.3779757e-01
 -1.5721935e-01
  1.6687350e-01
  1.8630263e-01
 -1.1553589e-01
 -1.7981446e-01
  1.5911675e-03
  1.9445041e-01
  6.5755770e-03
  2.8465548e-01
  1.3468717e-01
 -1.3204746e-01
  2.1474960e-03
  3.4436580e-02
  1.0399358e-01
 -4.4537090e-02
  4.8921805e-02
 -5.3565826e-02
 -1.1418855e-01
 -1.2654437e-02
 -1.0882022e-01
  1.0622014e-01
  2.6581209e-02
 -4.7230206e-02
 -3.2332111e-02
  2.0544668e-01
 -1.1144716e-01
  1.5898937e-01
 -2.6362611e-02
  1.3225045e+00
  8.1547322e-03
  2.3840161e-02
  3.5533939e-02
  7.7904932e-02
 -1.4057637e+00
  6.3995051e-01
 -1.1451573e+00
 -7.9407424e-01
  5.7308990e-01
  4.0169370e-01
 -2.4578008e-01
  5.5146232e-02
 -1.6753173e-02
  2.6378760e-01
  1.9839143e+00
 -5.1787847e-01
 -1.8790369e-01
 -1.0315631e-01
  8.8684499e-02
  2.7551895e-01
 -2.3939148e-02
  2.4187110e-01
 -1.8043265e-01
 -2.6845914e-01
  2.8174165e-01
 -6.2174220e-02
  4.3698624e-02
  3.4951858e-02
  1.9205519e+00
 -2.5780151e-02
  3.6367458e-01
 -1.6864444e-01
  5.3761166e-01
  9.6725123e-03
 -2.2589063e-02
  4.7697648e-03
 -2.8605971e-03
  1.6085279e-01
 -3.8651951e-02
  2.7756536e-01
 -1.4068028e-01
 -1.5576324e-01
  1.8956563e-01
  2.9562554e-01
  9.3349032e-03
 -7.4697018e-02
  3.8694739e-02
  1.0891814e-01
 -8.3143167e-02
  2.8822393e+00
 -9.6364193e-02
 -2.9696569e-02
  1.2458208e-01
 -7.1392424e-02
  3.6350254e-02
 -5.0453648e-02
  8.9131720e-02
 -5.2902658e-02
 -2.2679479e-01
  2.1950125e-03
 -5.3454723e-02
  2.0942660e-02
  7.5291810e-03
 -5.8477685e-02
 -3.0597223e-02
  7.0344105e-02
 -3.5560992e-02
  7.4097633e-02
 -8.3112111e-03
  1.4403288e-02
  4.4199925e-02
  1.8344959e-02
 -5.4540178e-03
  1.5402917e-02
  1.8845597e-01
  5.9345439e-02
 -4.2921591e-01
  2.5410789e-01
  5.3233546e-01
 -7.8345615e-01
  4.1925173e-02
  1.9883918e-02
  4.6933997e-02
  1.5558103e-01
 -8.1772488e-03
 -2.0552589e-01
  1.8277717e-03
 -2.8608704e-01
  1.6760651e+00
  2.5986120e-01
 -1.6879437e-02
  9.0278678e-02
  5.2387567e+00
  4.9179275e-02
  2.6757889e+00
  2.4867226e-01
  1.0350185e-01
 -2.1517518e-01
 -6.3647076e-02
  2.7463718e-03
  1.5063173e-01
 -1.5505758e-01
  7.8117120e-04
  6.8019489e-03
 -1.1920282e-01
 -5.0308439e-03
  1.8026024e-02
  5.9320863e-02
 -9.0169877e-02
  1.1388223e+00
  5.1581413e-01
  2.9447462e-02
  2.1137021e-02
 -9.2674118e-01
  7.7219822e-02
  1.6068460e-01
 -1.2508179e-01
 -3.4948963e-01
 -3.5122740e+00
  1.5289232e-01
 -1.3768008e-01
  3.0395411e-02
  1.9068966e-02
 -1.1302347e-01
 -7.8571942e-03
 -1.2350137e-01
 -3.5388729e-01
 -5.1400498e-03
 -1.2642518e-02
 -2.5094522e-02
 -5.1721148e-02
 -3.1860125e+00
 -7.1262099e-02
 -4.8539720e-02
  4.8086181e-02
 -2.6520586e-01
 -1.0144113e-02
 -1.5304300e-01
  3.3851985e-02
  1.2236445e-02
 -2.5258602e-03
  4.3600526e-02
 -1.0443415e-03
 -3.8109012e-02
 -1.5458750e+00
 -2.2484927e-01
 -1.1438870e-01
 -4.0004864e-02
  2.0260412e-01
  5.2316420e-02
 -1.9386323e-02
  2.3301369e-02
  7.3930174e-02
  5.3740550e-02
 -2.8043063e-02
  3.6610615e-02
 -4.9926043e-01
  3.6024333e-03
 -1.4227281e-02
 -8.9624263e-03
  2.5469298e-02
  8.8798463e-02
 -1.3506185e-02
  3.0953977e-02
  6.6269070e-02
 -4.0022533e-02
  8.0858961e-02
 -1.2982860e-01
 -9.9871475e-03
 -2.7785936e-02
 -2.6480980e-02
  4.4631671e-02
  3.8751878e-02
 -3.4842022e-02
 -1.8728053e-02
 -9.5806597e-03
 -5.5648587e-03
  6.4639263e-02
 -1.1857054e-03
 -2.5961843e-01
 -1.8914905e-01
 -1.1550663e-02
 -6.2347236e-03
  4.1864973e-01
 -2.3553830e-01
 -3.3758946e-02
 -1.2676800e-02
  1.1095874e-01
  6.7645192e-02
 -1.1660144e-01
  9.5456429e-02
  2.5803749e-02
  5.6143127e-02
  6.9849201e-02
 -7.9903072e-03
  3.3595040e-02
  6.1903156e-02
  1.5228121e-02
 -6.4268775e-02
  6.1574401e-03
 -5.5920817e-03
  5.0619088e-02
  6.2978759e-02
 -1.2490614e-02
  5.6426164e-02
  1.2257660e-01
 -6.8785071e-02
  8.8527256e-01
 -3.2519858e-02
  1.6096735e-02
  2.0951300e-04
 -2.4792485e-02
 -2.0567551e+00
  1.7563121e-01
 -9.6756059e-01
  1.1257989e+00
  1.2656406e-01
 -1.4192489e+00
 -2.7030101e+00
  6.8955421e-02
  3.5276100e-02
  3.0931856e-02
  5.5867761e-02
  1.0946707e-01
 -2.0859319e-01
  3.7807215e-02
  1.0197773e-01
 -1.5735556e-01
  8.8867001e-02
 -4.6131108e-02
  1.4997999e-01
  2.5370330e-01
 -3.7202862e-01
 -3.7102610e-01
  2.2753450e-01
  6.9814354e-01
  1.0022414e-02
 -5.9564270e-02
 -1.2277191e-01
 -1.3663380e-01
  1.4276567e+00
 -2.4080914e-02
  1.5053295e-01
 -1.1725874e+00
 -8.0800317e-02
 -6.0669896e-03
 -3.1970935e-03
  2.8906403e-02
 -5.5512901e-02
 -9.1507643e-01
 -1.3646184e+00
 -2.5814104e-01
 -2.0870254e+00
  6.4598125e-01
 -9.0921885e-01
  1.3036348e+00
  4.6156204e-01
  1.6724477e+00
  9.4137371e-01
 -1.5847659e+00
  2.2697692e+00
  3.3352969e+00
  1.3207688e+00
  1.1261283e+00
 -3.0485046e-01
  1.1930107e-01
  2.0200493e+00
 -3.5993174e-01
 -9.9605018e-01
 -1.6445813e+00
  5.1217294e-01
  6.8767989e-01
  1.0096443e+00
  7.8622675e-01
 -3.4370270e-01
  1.8431150e+00
 -2.5437313e-01
  1.4377177e+00
  3.5842472e-01
 -2.5288090e-01
  2.4646973e-02
 -3.3101242e-02
  1.9535562e-02
 -4.3635022e-02
  3.1175563e-01
 -1.5314420e-01
 -2.2372473e-02
 -3.2941520e-02
 -2.4998611e-02
 -6.4574048e-02
  2.4274171e-03
  1.0866329e-02
  7.2151572e-02
 -1.5854698e-02
 -2.9785622e-02
  6.9963820e-03
  6.2049706e-02
  6.0432632e-02
 -6.4718857e-02
 -1.4166179e-02
 -7.0339814e-02
 -1.1645485e-01
 -9.4008304e-02
 -1.6582783e-01
 -4.2325638e-02
 -3.6947191e-02
 -1.9680876e-02
  6.2216461e-02
 -1.5685664e-02
 -2.1871569e-02
  1.5546699e-01
  3.6587548e-02
  1.5809652e-01
 -1.2598605e-01
  4.6440409e-04
  6.7715631e-03
  7.0194624e-02
 -5.5603262e-02
  2.7264491e-02
  1.6386454e+00
 -1.4957825e+00
 -2.6477089e+00
 -8.7092149e-01
  1.9051698e+00
  1.1018840e+00
 -5.1069953e-02
  1.7596862e-01
  3.4669861e-01
  7.9085517e-01
 -1.0044817e+00
 -1.2590019e-01
  5.6114501e-01
  8.3795801e-02
  2.8769206e-02
 -5.4422551e-01
 -7.6798066e-02
  2.5520536e-01
 -7.1534646e-01
 -4.9531561e-01
  5.5073655e-01
  1.5300164e-01
  2.4589464e-01
  2.1031454e-01
 -3.7991488e-01
 -3.5790529e-03
  4.0721357e-01
 -7.3248833e-02
  5.5478382e-01
 -6.5952130e-02
  1.7562154e-01
 -3.4124948e-02
 -2.0933991e-02
 -3.7595868e-02
 -2.7225729e-02
  1.4468602e+00
 -3.0890994e+00
  2.1973009e+00
  3.1780086e+00
 -7.7117491e-01
  5.3416079e-01
  2.8400514e-01
 -3.5269287e-01
 -2.8526335e+00
  4.1864458e-01
 -4.5827070e-01
  3.0097795e-01
 -2.3403306e-01
 -1.6043295e+00
 -1.1331137e-01
  5.3708655e-01
  2.7457270e-01
 -8.7601519e-01
 -8.7885660e-01
  1.3629421e+00
 -5.1079953e-01
 -2.0901663e+00
 -1.1700184e+00
 -1.0260457e+00
 -3.2826757e-01
  1.7586225e-01
 -4.9602756e-01
  6.1927799e-02
 -4.8761329e-01
  4.2884260e-01
  1.5464935e-01
  3.5601538e-02
  1.0692896e-02
 -1.3838375e-01
  9.8885456e-03
 -6.4770438e-02
  1.3525569e+00
 -1.5943294e+00
  7.7558517e-01
  2.3931093e+00
  7.4742621e-01
  5.4346293e-01
 -2.1885474e-01
 -8.7078518e-01
  2.2897230e-01
 -7.9008549e-01
  2.3328338e+00
 -5.8148128e-01
 -7.8760213e-01
 -6.2291002e-01
  7.2215229e-01
  2.1639529e-01
 -6.2198788e-01
 -9.6008104e-01
 -2.9633731e-01
 -6.4981395e-01
  1.5924914e-01
 -2.6248166e-01
 -7.2540748e-01
 -4.3845081e-01
 -1.3396607e-02
 -7.3119605e-01
  1.8977366e-01
 -6.7210782e-01
  4.4474594e-02
  9.3569107e-02
  6.6584186e-03
  8.2383387e-02
 -1.7106260e-01
 -6.0450159e-02
 -3.2138339e-01
  1.2724047e-02
 -1.6707447e-03
 -7.5658774e-03
 -1.7183250e-01
  8.5229494e-02
 -1.0976589e-02
 -4.8698039e+00
 -8.4218524e-02
 -3.7182126e-02
  1.2367359e-01
  3.4824301e-02
 -1.5369961e-02
  2.4907449e-02
  3.2491822e-02
  4.3715271e-01
  4.5495596e-02
 -1.0855072e-01
  1.3092759e-01
  1.1416734e-01
  4.5896076e-02
  2.3637513e-02
  8.4794564e-03
 -8.7003186e-03
  7.2018623e-02
 -2.7942385e-03
 -7.3889859e-02
  2.6876990e-02
 -6.6040143e-02
  5.9824683e-02
  7.1039237e-02
  1.2514156e-03
  3.9238375e-02
  9.5152799e-03
  5.5217892e-02
 -6.5076208e-01
 -2.2235830e-01
 -1.7945450e-02
 -3.9636070e-01
  6.0897470e-02
 -1.4862770e+00
  3.7623569e-02
 -5.3689495e-02
 -1.7291333e-01
  1.7193601e-01
 -6.5150350e-02
 -1.1623988e-01
  4.4643735e-03
 -1.9475621e-01
  4.8433073e-02
 -5.2820470e-02
  3.3729877e-02
 -9.5649570e-02
  1.8000466e-01
  4.5890161e-01
  6.8452418e-02
  1.0740821e-01
 -3.8204893e-02
  1.5516435e-01
 -9.8634064e-02
  1.0429127e-02
 -1.3224308e-01
 -3.6468916e-02
 -1.2630254e-01
  5.4624669e-02
 -1.2224588e-03
 -3.5626169e-03
 -2.2961611e-02
 -1.2623833e-02
 -2.0704257e-01
  2.4945812e-01
 -1.9262612e-01
 -1.2376513e-01
  5.6434054e-02
  2.7083299e-01
 -2.1654865e-01
 -4.2631470e-02
  6.3535638e-02
  1.9102979e-01
 -7.5280614e-02
 -5.4251064e-02
  2.9597260e-02
  4.1396275e-02
  1.5166132e-01
  1.6519543e-02
 -8.2597807e-03
  5.2473757e-02
  2.3237491e-01
 -1.3896249e-01
 -1.9521531e-01
 -5.1678490e-02
  2.0135513e-02
  2.3783306e-02
  3.6530465e-02
 -2.3987981e-02
  1.7708156e-02
  1.8043301e-01
 -5.2107070e-02
  1.3683204e-01
 -8.1146378e-03
  1.6685572e-02
  9.9266186e-02
 -1.9518919e-02
 -6.6405283e-03
 -2.0156167e-03
 -5.9803391e-01
  8.2368523e-01
  1.6874781e+00
  4.7143984e+00
 -4.3818207e+00
 -1.3305593e+00
 -6.2467641e-01
 -4.8357803e-01
 -1.5485790e-01
 -5.7159978e-01
  2.7156803e-01
 -4.0498052e+00
 -1.1247600e+00
 -2.3589140e-01
 -1.8003587e-02
  2.9692492e-01
 -1.9791414e-01
 -1.0121659e+00
  6.8673670e-01
  3.5176542e-01
  4.9199983e-01
 -5.4590631e-02
 -3.5475037e-01
  7.0851344e-01
  7.4652278e-01
  6.3044065e-01
 -5.7323498e-01
  1.1486129e-01
 -5.2802724e-01
  2.2467405e-01
  8.5600328e-01
  2.2842042e-01
  8.0282593e-01
 -5.2936957e-03
  4.4471314e-03
  4.3472144e-01
  2.5016561e+00
  1.1801910e-01
 -8.9792407e-01
  1.5513791e-01
 -1.5955822e-01
  7.1463399e-02
 -6.6479497e-02
  5.1970620e-02
 -1.9875715e-02
 -6.0422555e-02
  1.3897692e-01
 -2.0446256e-01
 -1.2586148e-02
  8.1277918e-03
 -1.3094470e-02
  3.5182443e-02
  3.3790462e-02
  4.5673441e-02
  1.2642634e+00
  2.8858276e-02
  5.2586239e-02
  5.3339045e-02
  7.9548240e-02
  2.8906440e-02
 -8.5525699e-02
  3.7718239e-01
  1.5784883e+00
  3.0272610e-02
 -2.6567107e-02
  4.4598079e-01
  4.8821911e-02
  3.2431728e-03
 -2.6033064e-02
  3.3550378e-02
 -2.6456645e+00
  2.2131807e-01
 -3.7544203e+00
 -5.7264513e-01
  4.2672920e-01
  1.1778133e+00
 -5.0029480e-01
  4.6326783e-01
  9.5256710e-01
  1.0033576e+00
  3.9846620e-01
  2.0731613e-01
 -1.1380775e+00
 -8.9854354e-01
  2.4305327e-01
  7.5351000e-01
  4.3587610e-01
  1.3314375e+00
  1.3818595e+00
  1.5152638e+00
  1.3065327e+00
 -3.5863809e-02
  7.0441067e-01
  5.5759519e-01
  4.7758678e-01
 -1.4248179e-02
  9.2416799e-01
 -2.5131899e-01
 -3.1573498e-01
 -5.3216029e-02
 -3.8579829e-02
  4.0185574e-02
  3.5525553e-02
  6.0006082e-02
  5.7986047e-02
  2.8301197e-01
 -6.0518414e-01
  3.7301940e-01
  1.1731021e-01
 -4.9027002e-01
 -3.5779981e-03
 -1.3355787e-02
 -4.2263832e-02
 -1.2644500e-01
  8.1483608e-01
 -7.5032689e-02
 -3.9489556e-02
  2.7706784e-03
 -5.6430198e-02
 -7.7435493e-02
  3.7532065e-02
 -1.3449547e-02
 -1.7778680e-01
  6.2387194e-02
  1.4886549e-01
  1.3717847e-02
 -6.2018079e-03
 -4.9344902e-03
 -3.1082103e-02
 -1.2172445e+00
 -1.6438277e-03
 -1.2291583e-01
  3.6647722e-02
 -9.3355507e-02
 -6.9584602e-01
  3.2885346e-01
  2.0983332e-01
 -1.0541345e-03
 -3.1556070e-02
  9.0294080e-03
  6.8272907e-01
  2.6539972e-01
  8.7343059e-02
  7.7396318e-02
 -9.8882341e-01
  1.4672552e-01
  4.7553226e-02
 -3.9328352e-02
 -1.2243979e-01
 -2.6335116e-02
  3.4654799e-03
 -1.2273194e-01
 -9.6448688e-03
 -5.4668419e-02
 -9.4471365e-02
 -4.3569706e-02
 -1.0615282e-01
 -1.8801562e-01
 -3.5953159e-03
 -2.7618095e-02
 -8.1907474e-02
  1.3816180e-03
 -1.2652029e-01
 -2.3908764e-02
 -5.7821028e-02
  1.0826482e-02
 -1.7007314e-01
  2.8194716e-02
 -1.0749461e-01
 -1.8360582e-01
 -3.0222699e-02
  2.8752519e-02
  5.2635926e-01
 -3.6415972e-02
 -2.7526462e-02
 -2.0096788e+00
  6.4733925e+00
  2.0063221e+00
  3.7294426e+00
  2.3875301e-01
 -2.1454029e+00
  8.7408614e-01
 -4.8638880e-02
 -6.6592628e-01
 -5.1253313e-01
  8.3034688e-01
 -4.1527706e-01
 -2.8442032e+00
 -2.3027613e+00
 -1.5120041e+00
  2.7778966e+00
  1.4739898e-01
  1.4155407e-01
 -2.5381289e+00
  1.0153005e+00
  8.3612549e-01
 -8.1756181e-01
 -2.1727739e-01
 -1.8117123e+00
  1.3583236e+00
 -6.8528034e-02
 -1.0201082e+00
  2.4375488e-01
 -1.2973036e+00
  2.2174058e-02
 -2.3440879e-02
 -7.3708408e-04
 -2.1051824e-02
 -1.4423862e-01
 -6.8766437e-02
  1.4764291e-01
 -1.2182654e-01
 -8.1291512e-02
  1.0760886e-01
  2.1210198e-01
 -9.4890349e-02
  5.7589091e-02
 -8.3448440e-01
  2.9469242e-02
 -1.5805548e-02
 -1.0599456e-02
  5.5547226e-03
  1.0950984e-02
 -2.9895108e-03
 -3.3846248e-02
 -7.4127116e-03
  4.4007003e-02
  1.4855196e+00
  2.9704465e-02
 -5.5890772e-02
 -1.1445990e-02
 -1.5168648e-02
  4.0452212e-02
  1.7701112e-02
  2.4876621e-02
  2.2419536e-02
 -1.5595832e-01
 -1.7828461e-02
  3.6026161e-02
  5.5047050e-03
 -2.9203894e-02
  2.6458530e-02
  6.5179524e-04
 -4.9305800e-03
 -2.9856017e-02
  9.4813406e-01
  1.5634732e+00
  1.3830607e+00
 -1.0436122e+00
  2.7781561e-01
 -3.5861518e-02
  7.2246647e-01
 -5.5214860e-02
 -3.1757131e-01
  8.1002839e-02
 -4.8992372e-01
 -3.5991648e-01
  2.0408063e-01
  1.3836341e-01
  1.9524785e-02
 -3.1276235e-01
  3.4411401e-01
 -4.4166565e-01
  1.0886681e-01
  4.6483999e-01
 -1.0883750e-01
  3.6483657e-01
 -1.7160058e-01
 -1.2913379e-01
 -5.4659072e-02
  2.6361840e-02
 -4.2431939e-01
  1.1230371e-01
 -2.9477391e-01
  5.2671518e-02
  5.9561793e-02
  1.4935097e-02
 -7.4027628e-02
  4.9627870e-03
  4.3463711e-02
  4.3103796e-01
  1.0308000e+00
 -1.5187650e+00
 -8.8421345e-02
  5.6941658e-01
 -3.4766569e+00
  4.9228871e-01
  5.1829720e-01
  1.0756123e+00
  2.0303309e-01
 -4.5742660e+00
  4.9900624e-01
  7.2594267e-01
 -2.2001309e+00
 -6.3537151e-01
 -2.3586557e+00
  1.3726639e+00
  1.5403284e+00
  1.1747311e+00
  5.1334929e-01
  5.3035545e-01
  5.1035470e-01
  7.4008685e-01
 -7.0588380e-01
 -1.2716614e+00
 -3.2427168e-01
  1.4334251e+00
 -2.5176048e-01
  7.6726741e-01
  2.4838769e+00
 -2.8150728e-01
  1.4609993e-02
 -9.3474716e-02
  1.0283662e-01
 -4.0771484e-02
  1.8301425e+00
 -2.3420928e+00
  3.3025165e+00
 -4.4324074e+00
 -2.7289426e-01
 -3.8290694e-01
  7.5763226e-01
 -5.1631588e-01
  1.2847209e+00
  1.2862698e+00
 -7.4539423e-01
  3.1079876e-01
 -3.3334261e-01
 -2.5263056e-01
  5.3512603e-01
  1.3243298e-01
  2.8793231e-01
  8.5997385e-01
 -5.0272304e-01
  4.1394225e-01
  7.1878225e-01
  2.0323029e-01
  6.3861686e-01
 -1.4674439e-01
  2.8437835e-01
 -1.9904268e-01
  3.1715903e-01
  7.0369430e-02
  1.4647123e-01
 -1.4899155e-01
  1.4152137e+00
 -8.4984559e-01
 -1.6728565e-02
  5.7787348e-02
 -7.7176619e-01
  2.0234019e-01
 -1.0752525e-01
  7.9007186e-02
  5.1155891e-03
  1.6390391e-01
 -6.0643557e-02
 -1.6082713e-02
 -6.0658112e-02
  8.5357511e-03
 -1.1227059e-02
  1.1968636e-02
 -2.3724886e-02
  9.4344306e-01
  5.2982301e-02
 -1.1442015e-01
 -3.2097101e-02
 -1.3312546e+00
  1.3553879e-02
 -6.9574684e-02
 -1.1285142e-01
  2.8208826e-02
  2.0661531e-02
  6.3282624e-02
  3.9802622e-02
  5.4736994e-02
  7.2453037e-02
  1.5740028e-01
  4.2071581e-02
  1.6516233e-02
 -1.9697640e-02
  2.2746338e-02
 -8.9050043e-01
 -7.7947015e-03
  1.1300835e-01
  3.5386462e-02
 -7.7425188e-01
  2.8965137e+00
 -6.9735187e-01
  3.8569671e-01
  2.5475833e+00
 -1.5583095e-01
 -1.5387912e-01
  2.1010312e-01
  3.3605206e-01
  7.0017673e-02
  9.8696983e-01
  2.4187090e+00
  1.4619661e-02
  6.3353360e-02
 -6.8664812e-02
 -6.6429464e-04
  6.3810572e-02
 -1.9830220e+00
 -1.9509104e-01
 -2.5588882e-01
  1.0168620e-01
 -3.9345406e-02
  3.3599231e-01
 -1.1701583e+00
 -2.5901549e-02
 -2.5207331e-02
  5.3321600e-01
 -8.3109990e-02
  3.2516631e-01
 -5.9615597e-02
 -7.2302721e-02
 -1.8968908e-02
 -6.0148280e-02
 -4.3036040e-02
  9.6430276e-03
  1.5569523e-01
 -1.4805810e-01
  2.8945263e-03
  1.2725033e+00
  6.7243800e-02
 -8.8797964e-02
 -1.9809447e-02
  2.4919262e-02
  5.4682452e-02
 -2.8570672e-03
  2.2230571e-02
 -6.6349722e-02
  7.9535032e-03
 -8.3616534e-03
  7.5854316e-02
 -7.7274293e-02
 -8.9998859e-01
  3.6699746e-02
  2.9242283e-02
 -6.5487757e-02
 -4.0799854e-03
  5.1757947e-02
 -5.1230878e-02
 -2.0344628e-02
  1.1228038e-02
  4.5477469e-02
  4.0712092e-02
  2.1560468e-02
  1.4257003e-03
  1.0764654e-01
  1.2527907e-02
 -1.6242327e-02
 -8.3411783e-03
  8.4039323e-02
  2.1441976e-02
 -1.0012373e+00
  1.1419942e+00
  8.0763566e-01
 -4.0387402e+00
 -1.0557041e-02
  4.7452179e-01
 -8.9778051e-02
 -1.0831959e-02
  3.6352038e-01
 -1.0595282e+00
 -1.2180818e+00
  1.2423097e-01
  6.6833001e-01
  4.8297361e-01
  1.4178991e+00
 -5.8750010e-01
  2.0363040e-01
  2.1473856e+00
 -1.9488736e+00
 -2.1348436e+00
  5.4923773e-01
  2.3619820e-01
  1.6474324e-01
  5.0575757e-01
 -6.7453109e-02
 -1.4761356e-01
  1.0809454e+00
 -9.9246055e-02
  7.8416157e-01
 -1.5450029e-01
  3.7693691e+00
 -2.0636765e-02
 -6.4251833e-02
  2.2688018e-02
 -1.5231946e-02
 -1.7128628e-01
 -1.3242615e+00
 -1.2437919e+00
 -6.6355318e-02
  1.8523033e+00
 -4.5026627e-01
 -9.9106640e-01
  3.4562901e-02
  2.9294130e-01
 -9.5430136e-02
 -1.7098479e-01
  3.4772533e-01
  2.0319313e-01
  1.3548380e-01
  1.7066424e-01
 -3.0348435e-01
 -3.3011686e-02
  4.3396086e-01
 -1.1932795e-01
 -3.9982361e-01
 -7.4455388e-02
 -2.6343022e-02
 -4.0225177e+00
 -3.5259039e-03
  9.4032310e-02
 -2.4885729e-02
  4.2782754e-01
 -5.0982285e-02
  2.6343477e-01
 -1.0375449e-01
 -3.5379075e-02
 -1.6160889e-02
  4.1007981e-02
  1.7397756e-02
 -4.0151816e-02
 -1.9642513e-01
 -1.7723770e+00
  1.3790531e-02
 -3.2924237e-03
 -7.7448644e-02
  1.0831264e-01
  3.7078924e-02
  1.8295784e-03
 -1.3837562e+00
 -2.5683093e+00
  1.0299844e+00
  6.0879920e-02
  6.2550955e-02
 -8.5791945e-03
  1.4667643e-02
  2.3139143e-02
  2.4451736e-01
 -1.0020751e-01
  6.7826852e-02
  8.1977852e-02
 -4.2745098e-02
 -1.4730252e-01
 -2.9517576e-02
 -1.4678616e-02
  9.2128284e-02
 -6.3631281e-02
  1.7485011e-01
  9.2469938e-02
 -3.6770313e-03
  2.5003996e-02
 -3.6582652e-02
 -4.4901881e-02
  6.1593790e-02
  5.4790523e-02
 -3.3567518e-02
  7.5794554e-01
 -1.0184752e+00
  2.1473813e-01
  1.6711642e+00
 -8.2561952e-01
 -2.7434243e-02
 -6.4580545e-02
 -8.5577168e-02
 -4.3645027e-01
 -5.9668653e-02
  1.0629517e+00
 -1.5305868e-01
 -4.7484435e-02
  2.7010527e-01
  1.7659229e-01
  2.1848527e-01
 -5.2292937e-01
 -7.4402922e-01
  1.0987692e-01
 -1.7437159e-01
 -4.7635692e-01
 -2.2876623e-01
 -4.8111746e-01
 -1.2015593e-01
  1.0430852e-01
  9.8132215e-02
 -7.3083562e-01
  1.6991659e-01
 -4.8372179e-01
  8.8290885e-02
  1.4484614e-01
 -2.4864560e-02
 -4.5798621e-01
  1.2608434e-02
  1.0651646e-02
  2.4762735e-01
 -1.7662687e-02
  1.1659362e-02
  4.9899317e-02
  1.4137530e-02
 -1.6615047e-01
 -3.8100500e-02
  3.3198334e-02
  8.4082559e-02
 -6.3106984e-02
 -1.6760740e-01
  1.3827357e-01
 -1.2697382e-01
 -4.8127822e-03
 -1.4834477e+00
 -2.2721169e+00
 -6.2114049e-02
  1.0445333e-01
 -2.6625881e-01
 -6.8306273e-01
 -7.6487117e-02
 -7.3072262e-02
  1.8502595e-01
 -1.7480051e-02
  7.1284878e-01
 -8.0397530e-03
  1.7827891e-01
 -1.5361530e-03
  1.1965710e-01
 -4.1913211e-02
 -6.4416781e-02
  2.3911873e-02
  3.9669364e-03
  5.4735887e-01
  4.3274034e-02
 -2.0771747e-02
 -5.4629561e-03
  1.2679424e-02
  2.1210924e-02
 -1.6733781e-02
 -2.5746893e-02
  5.4846581e-02
  2.4353676e-02
 -4.0695552e-02
 -5.9332956e-02
  3.2903352e-03
  4.2471716e-01
  3.9602350e-03
 -2.5059798e-01
 -7.0106057e-03
  1.5935550e-02
  8.0606148e-02
  2.3361234e-02
  1.1658828e-02
  4.6276197e-02
  2.9927362e-02
 -3.6696248e-02
  2.0212604e-02
 -2.6287189e-02
 -1.9362882e-02
 -1.4972978e-03
  1.1579144e-02
  4.3072090e-02
 -1.5274093e-02
 -1.0810929e-02
 -2.0179774e-03
 -5.0122079e-02
  2.8872440e-02
 -7.0611306e-02
 -1.1842268e-02
  1.4996183e-01
 -2.8337352e-02
 -1.5947528e-01
 -8.7136896e-03
  2.3890947e-01
 -1.2173533e-01
  4.0509496e-02
  5.2769292e-02
  1.9087242e-01
  2.3933964e+00
 -3.7507951e-02
  1.2837633e-01
  3.6510855e-02
  2.5660213e-02
  3.8682945e-02
 -2.3710696e-02
 -3.9296162e-01
  1.9486891e-01
 -6.1466623e-02
 -6.9901310e-02
 -1.0218830e-01
  4.0127933e-02
  7.2710104e-02
  7.3963426e-02
  7.0145473e-02
 -6.6259153e-02
  1.9588324e-01
 -7.3310778e-02
  1.6313851e-01
 -4.8974235e-02
 -9.3690805e-02
  2.8174344e-02
 -1.0764183e-03
  1.2350378e-02
  1.8864246e-02
 -4.3463469e-01
 -4.9520817e+00
  5.2367754e+00
  1.8027189e+00
 -2.8489594e+00
 -7.2447771e-01
  3.6227977e-01
 -4.7011900e-01
 -2.2112973e+00
  2.2113435e+00
  2.1691349e+00
  2.1313285e-02
  1.0546826e-01
 -7.4082512e-01
  2.9959816e-01
  2.5859734e-01
  2.7576461e-01
 -1.3723809e+00
  5.3760864e-02
  2.0730017e-01
 -5.4443234e-01
 -1.9901752e-01
 -9.1792995e-01
 -4.4295356e-01
 -2.2636300e-03
  5.7684798e-02
 -3.5576278e-01
 -1.5825829e-02
 -5.1878840e-01
  1.7111099e-01
  9.7889781e-02
  4.5014959e-02
 -3.6531433e-03
 -6.5391220e-02
 -3.2692618e-04
  7.6908338e-01
 -7.9921561e-01
  1.8048191e+00
 -2.4916072e+00
 -5.0284600e-01
 -1.9270685e+00
 -3.4003358e-03
  2.4893138e+00
  1.5444535e+00
 -1.3560172e+00
 -7.5889295e-01
  1.3837399e+00
  3.0849559e+00
  1.6053681e+00
  2.2494915e+00
 -3.7144321e-01
 -2.2277257e+00
 -9.3411559e-01
 -4.5234852e+00
  2.1099937e+00
  2.0937161e+00
 -1.5741844e+00
  2.6400191e-01
 -8.3924580e-01
  1.2315536e+00
  1.2346972e+00
  1.6748309e+00
 -9.3135822e-01
 -1.5329936e+00
  3.6259690e-01
 -3.7844139e-01
 -5.0439153e+00
  8.5686189e-01
 -2.0103006e+00
 -1.2336926e-02
 -1.8403919e+00
  1.8285003e+00
  1.4844010e+00
 -2.2107534e+00
 -2.2801542e-01
 -1.1678689e+00
 -2.1060228e+00
 -2.4660935e+00
 -1.8760142e+00
 -2.0579367e+00
 -1.3563771e+00
 -1.8803406e+00
  5.8434278e-01
 -9.9819887e-01
 -1.9328442e+00
 -9.3447793e-01
  3.7865722e-01
 -1.6549215e+00
  1.5586882e+00
  4.2590138e-01
 -1.1711228e+00
  1.2678796e+00
  2.0037222e+00
 -1.9823359e+00
 -1.5622211e+00
 -2.9232626e+00
 -1.5473139e+00
  1.3133521e+00
  1.5439396e+00
 -2.8428862e+00
 -1.8045099e+00
  1.1794827e+00
 -8.6241668e-01
  1.4689823e+00
 -5.2810431e-01
 -5.3187692e-01
 -2.8878317e+00
 -2.9654014e-01
 -4.3268625e-02
  6.2364057e-02
  7.5295520e-01
 -1.9780630e+00
 -1.4136690e+00
 -2.7678487e+00
  5.2552992e-01
 -1.8092288e-01
 -5.4893756e-01
 -1.6144254e+00
 -6.9615936e-01
  1.2713536e+00
  1.3188612e+00
 -5.6498297e-02
  1.3521665e+00
 -2.8890130e-01
 -1.3194886e+00
 -1.1751736e+00
 -3.5561624e-01
 -6.6770530e-01
  1.5434698e+00
  6.1771381e-01
  3.7673751e-01
  2.0989792e+00
 -1.5619181e-01
  1.1843075e+00
 -1.3375378e+00
 -8.0955535e-01
  4.1072309e-01
  9.4383821e-02
 -3.0513868e-01
  1.9812226e+00
 -2.2755349e-01
 -6.2645060e-01
  1.4812216e-01
  8.5282248e-01
  4.5731884e-01
  2.1911842e-01
  4.6201358e+00
 -4.0403134e-01
  1.8333977e+00
  1.0644941e+00
  1.6489968e+00
  1.0317581e+00
 -6.2156510e-01
  3.2632780e+00
  1.9269198e-01
  2.7761838e-01
  1.6978130e+00
  4.0183535e+00
  1.5942041e+00
  1.0196538e+00
  3.9959294e-01
  1.4424956e+00
 -2.0066044e-01
  4.4443090e-02
  9.5206302e-01
  1.7158186e-01
  1.1639154e+00
  6.4973867e-01
  4.6591714e-01
 -7.0730442e-01
 -8.5033453e-01
 -3.2798520e-01
 -1.9612122e+00
  2.2033687e+00
 -4.5635203e-01
  1.4663055e+00
  5.0942814e-01
 -2.6071471e-01
 -6.5153110e-01
 -9.1785491e-01
  4.8373595e-01
 -4.9122488e-01
  1.2298337e+00
  3.7460929e-01
  5.8739711e-02
  3.2228360e-01
  1.9404572e+00
  7.3360431e-01
  3.2983738e-01
 -2.5674416e-02
 -6.2125278e-01
  1.2476788e+00
 -2.1520209e-02
  8.0071602e+00
 -5.8026624e-01
  4.4993847e+01
 -2.9282627e+00
 -2.7584810e-02
 -3.3550966e-01
  1.7399920e+00
 -9.4296432e-01
  1.3630524e+00
 -4.0396535e-01
 -9.2065465e-01
 -5.5086607e-01
  8.0012724e-02
 -2.6566875e+00
  2.9918442e+00
  2.8043921e+00
  7.5384218e-01
  1.8163850e+00
  6.4927334e-01
  2.1773095e+00
 -9.9079114e-01
  8.4363544e-01
  3.7634568e+00
 -2.0472958e+00
 -3.0671754e+00
  9.2510484e-02
 -2.6496854e+00
 -9.4212800e-02
 -2.4132628e+00
 -1.6118680e+00
  1.0262022e+00
  1.6178685e+00
  8.9647144e-02
  2.3337803e+00
  5.2094078e+00
  2.1307896e-01
 -1.1994122e+00
 -1.1568117e-01
  3.1610465e+00
 -2.9342605e-02
  4.5254901e-01
 -6.1578262e-01
 -1.6059338e+00
  1.4946342e+00
  6.6853428e-01
 -1.0046114e+00
  6.6066456e-01
 -2.0371635e+00
 -1.5389237e+00
 -2.8399177e+00
  3.4904773e+00
 -8.1057554e-01
  9.3467355e-01
  8.8091934e-01
 -1.2831050e+00
  5.0376568e+00
  2.0548873e+00
 -1.1278569e-01
 -2.5653546e+00
  4.9925857e+00
 -1.4424212e+00
  2.0926139e+00
  1.0823457e+00
 -1.0810570e+00
 -3.4735861e+00
 -2.5383992e+00
 -1.0527608e+00
  3.8162488e-01
  1.9224910e+00
 -2.6133364e-01
 -2.5972641e+00
  1.7458365e+00
  1.2863876e+00
 -4.9520402e+00
  4.2224042e-02
  9.6804762e-01
 -1.1861266e+00
  1.5395265e+00
  1.3851999e+00
 -2.3303199e+00
 -5.7110250e-02
  2.2785411e+00
 -3.3195155e+00
  1.3449187e+00
 -9.9536073e-01
  6.6081119e-01
  1.1416824e+00
 -2.2086611e+00
 -1.5251423e+00
 -1.9112338e+00
  2.0477476e+00
 -1.4365505e+00
 -2.4520309e+00
  3.4777689e+00
 -3.5256293e+00
 -2.3502729e+00
  3.6906581e+00
  3.2423414e-02
  1.7326522e+00
 -1.6699402e+00
  1.2183025e+00
 -1.1556083e+00
 -2.3356903e+00
  1.7292744e+00
 -2.3311899e+00
  1.9641325e+00
  1.0249497e+00
  2.5985146e+00
 -2.5553212e+00
  1.9379325e+00
 -2.6663635e+00
 -2.5355372e+00
 -1.3276823e+00
 -1.4641922e+00
  1.2340199e+00
 -2.3786292e+00
  5.1702170e+00
 -2.3456163e+00
 -1.4067487e-01
  1.0514230e-01
  1.7630808e+00
 -1.7713448e-01
  1.9632604e+00
  4.8373261e-01
 -5.1362234e-01
 -1.3471974e+00
 -6.5977377e-01
 -2.7324920e+00
 -5.5858386e-01
 -1.5285009e+00
 -1.1227999e+00
 -2.2344615e+00
  1.6061126e+00
  1.2094158e+00
 -1.1393640e+00
  1.8130231e+00
  2.6328268e+00
 -2.1099062e+00
  2.8369045e+00
  7.9212193e+00
  9.3156421e-01
 -2.0942591e-01
  5.9196216e-01
 -1.3844131e+00
 -1.0808096e+00
 -1.7181329e-01
 -3.0610244e+00
  1.8963879e+00
 -3.4981781e-01
  1.0028512e+00
  3.2938638e+00
 -2.0248544e+00
  5.9957857e+00
 -1.7709321e-01
  2.3707809e+00
  2.5762051e-01
  5.0046122e-01
  2.7254397e-01
 -4.0016297e-01
 -1.3026260e+00
 -1.3882493e+00
  1.0316768e+00
  2.3190997e+00
 -1.5209924e+00
  2.2995400e+00
 -4.5016036e+00
  2.6216588e+00
 -4.4342104e-01
  1.7057233e+00
  1.9287224e+00
  5.9204859e-01
  4.6299486e+00
  2.7372949e+00
  3.7229469e+00
 -4.1581173e+00
 -8.3603370e-01
 -6.4110410e-01
 -1.8808645e+00
  3.3806796e+00
  3.6923239e+00
 -3.9490676e-01
 -5.7370096e-01
 -4.8107815e+00
  9.2900169e-01
 -5.3059804e-01
  5.6332588e-01
  2.9170160e+00
 -4.2591743e+00
  8.2284003e-01
 -8.9580840e-01
 -3.8159878e+00
  3.8780007e+00
 -1.0420398e+00
 -1.2809486e+00
 -7.5640833e-01
  1.8673595e+00
 -6.6648775e-01
  8.5010833e-01
 -9.1683477e-02
  1.3229538e+00
  1.3675926e+00
 -5.9750789e-01
 -2.5136602e+00
 -7.4091187e+00
  1.2832471e+00
  4.0048029e-02
 -1.5895922e+00
 -2.6429188e+00
  1.6750308e+00
  4.5929170e-01
  1.7435402e-01
  1.8479404e+00
  1.3042769e+00
  1.7511976e+00
 -1.2684151e+00
  4.4796424e+00
 -1.6643178e+00
 -8.0823767e-01
 -1.5486598e+00
 -4.0972881e+00
  3.7393630e-01
 -4.9664140e-01
 -1.7479028e+00
 -1.9447263e+00
  1.6957340e-01
  1.5093883e+00
 -3.7314954e+00
  2.9595962e+00
  1.6665637e-01
  4.9496241e+00
  8.8482803e-01
  1.4864316e+00
 -5.9926158e-01
  4.5369041e-01
  2.1269462e+00
 -5.1513972e+00
  2.1723755e-01
 -3.0970460e-01
 -1.0810246e+00
 -1.3656929e+00
 -1.0174431e-02
  1.4021840e+00
 -2.8749084e+00
  2.9000154e+00
 -6.1783129e-01
 -3.9056912e-01
 -2.2567655e-01
  3.9915099e+00
  3.8219059e-01
 -4.4209838e+00
  2.9634035e+00
  3.4963867e-01
  8.7263244e-01
 -2.6718390e+00
  2.4590340e+00
 -2.8442094e-01
 -2.0770216e+00
  2.7588204e-01
  1.6163522e+00
 -2.5663775e-01
 -8.5550267e-01
 -4.1879290e-01
  5.7728654e-01
  1.0492418e+00
  7.7574354e-01
 -2.8569812e-01
 -1.9530407e+00
 -8.2857591e-01
 -1.2595476e-01
 -1.1474744e+00
  2.5613286e+00
 -2.5543177e+00
 -3.8543218e-01
 -5.7112640e-01
  4.7708443e-01
 -3.5986719e-01
 -1.4294388e+00
  2.3331690e+00
 -1.2959386e+00
 -7.4603415e-01
 -5.6810951e-01
  7.6463103e-01
 -1.7438792e+00
 -6.7278504e-01
 -2.8784158e-02
  9.0091848e-01
 -9.6975499e-01
 -9.5359069e-01
  1.6276454e+00
 -9.5703745e-01
 -2.0971303e+00
  1.2894937e+00
  1.4117370e+00
 -1.7037806e-01
 -1.9606695e+00
  9.4420207e-01
 -5.0390404e-01
 -1.2591212e+00
  3.5810416e+00
  1.0759920e+00
 -1.1221316e+00
 -1.1852101e+00
  1.0264797e+00
 -2.7679636e+00
 -5.8618081e-01
 -6.5083116e-01
 -1.0246731e-01
 -9.5679456e-01
 -4.9889323e-01
 -7.3447078e-01
  8.5942194e-02
  2.9647322e+00
  8.2512483e-02
  3.2853403e+00
  5.7763686e+00
  1.3862593e+00
 -2.1464391e-01
 -2.4458840e-01
  5.5293119e-01
 -3.9057992e+00
  5.2668375e-01
 -9.3072361e-01
 -4.7560472e+00
 -2.5445650e+00
  6.3943058e-02
 -1.0661025e+00
 -5.1675558e+00
  2.3307474e+00
 -9.8908611e-02
 -2.1957531e+00
 -2.1869819e+00
 -3.1967032e+00
 -1.4386078e+00
  1.2721224e+00
 -4.3316749e-01
  1.4554647e+00
  7.4916887e-01
  1.1054205e+00
  5.6323504e-01
  2.0815220e+00
 -6.6351330e-01
 -2.6479440e+00
  5.2528602e-01
 -1.9010295e-01
 -5.4023027e-01
 -1.5981369e+00
 -8.0328271e-02
 -4.2063885e+00
 -4.9916783e-01
  1.0812064e+00
  2.4954078e+00
 -2.9436004e+00
  1.1646562e+00
  2.0897541e+00
 -1.4643984e+00
 -9.8507929e-01
 -4.4972268e-01
 -9.7967929e-01
 -1.9564774e+00
  1.5420243e+00
 -3.2735297e-01
 -1.8213379e-01
 -1.1191676e+00
  4.1251560e-03
  4.1251560e-03
  4.1251560e-03
  4.1251560e-03
  4.1251560e-03
  5.2743582e-03
  5.2743582e-03
  5.2743582e-03
  5.2743582e-03
  5.2743582e-03
  4.1027446e-03
  4.1027446e-03
  4.1027446e-03
  4.1027446e-03
  4.1027446e-03
  2.3731452e-03
  2.3731452e-03
  2.3731452e-03
  2.3731452e-03
  2.3731452e-03
  1.4660439e-03
  1.4660439e-03
  1.4660439e-03
  1.4660439e-03
  1.4660439e-03
  7.1759237e-04
  7.1759237e-04
  7.1759237e-04
  7.1759237e-04
  7.1759237e-04
  5.9611837e-05
  5.9611837e-05
  5.9611837e-05
  5.9611837e-05
  5.9611837e-05
