nep4_zbl 2 Cu Zn 
zbl 1 2
cutoff 6 5 97 61
n_max 4 4
basis_size 8 8
l_max 4 2 1
ANN 80 0
  4.2349762e-01
 -6.9799028e-02
 -1.6551514e-01
 -1.4624213e+00
  2.3885873e-01
  3.7586395e-02
 -5.0930101e-03
  1.3829419e-02
  9.5895231e-03
 -6.8469916e-04
 -1.8847648e-03
  1.5058003e-01
  9.3283458e-03
 -4.4845948e-03
  7.8654988e-03
  1.4960346e-02
 -5.2292026e-03
  1.8002139e-02
 -6.7945728e-03
 -7.4662099e-04
  9.5710130e-03
  9.0768136e-04
  1.4950271e-03
  5.4956079e-03
 -7.3618430e-04
  1.2919451e-02
 -6.1485469e-03
 -2.4058784e-03
  7.4853613e-03
 -2.5038861e-02
  1.3761140e-02
  7.1507799e-03
 -3.0247453e-03
 -6.4181346e-03
 -4.0574614e-03
  4.0846911e-01
 -1.3504811e-01
 -1.6749270e-01
 -1.4219249e+00
  2.9998159e-01
  2.7316289e-02
 -3.5877249e-03
 -1.0848491e-02
  9.6058927e-04
 -7.3895734e-03
  1.0110525e-02
  3.7567788e-03
  1.0599769e-03
 -2.9796574e-03
  7.3820380e-03
 -1.2184165e-01
  9.3195755e-03
  9.8851612e-03
  1.5090547e-03
 -2.7679566e-03
  4.5812903e-03
 -5.6442055e-03
 -5.6192614e-03
  1.0421723e-02
 -1.6388888e-02
 -1.4529962e-02
  5.0033703e-03
 -7.7840961e-03
  1.1141717e-02
 -7.2162086e-04
  6.5290765e-03
  1.1526163e-03
  6.4208135e-03
 -6.0856965e-04
 -3.1162368e-03
 -1.1948327e+00
  1.2947975e+00
  3.3862641e-01
  1.2081001e-02
  2.2633288e+00
 -1.4863963e+00
  1.4963099e+00
  5.9172636e-01
  1.3810958e+00
  9.7684786e-02
 -4.0743458e-01
  7.8627467e-01
  2.6063495e+00
 -4.1778398e-01
  1.8280447e+00
 -3.2153630e+00
  1.3713736e-02
  6.9573746e+00
 -2.2397869e+00
  3.7018802e+00
  1.4960825e+00
 -6.4809341e+00
  2.3883059e+00
  6.9690496e-01
 -2.5657020e+00
  1.3808308e+00
 -2.0780432e+00
 -2.9852276e+00
  7.1881771e-01
 -2.3656495e+00
  1.2056913e+00
 -2.5478044e+00
  4.4146276e+00
  6.3286996e-01
  5.3169336e-02
  3.5558307e-01
 -7.9060011e-02
 -1.5188046e-01
 -1.3524270e+00
  3.0831519e-01
  5.2189112e-02
  8.2044695e-03
 -3.7788876e-04
  1.8281018e-02
  9.8054558e-03
  2.1750282e-03
 -1.1387775e-02
 -4.9113333e-03
 -8.6571174e-03
  1.2417454e-03
  1.8726408e-02
  4.3960190e-03
  3.7985534e-04
 -8.8644912e-03
 -6.6735120e-03
  1.6124737e-02
 -1.1161523e-04
 -4.1329749e-03
  1.8468905e-02
  6.8926997e-03
  9.2102932e-03
  2.3532256e-03
 -9.7101498e-03
  1.5320095e-02
 -1.1920732e-03
  4.7947131e-03
 -3.1860683e-03
 -7.3883287e-03
  5.0142151e-03
  6.7387003e-04
 -4.1802296e-01
  6.9395088e-02
  1.7934921e-01
  1.5022382e+00
 -3.0377954e-01
 -4.6068389e-02
  4.9690381e-03
  5.8773872e-03
 -2.4167851e-03
 -1.8491178e-03
 -6.8517346e-03
  2.3555043e-03
  1.9654825e-02
  2.6788921e-03
  2.5586991e-03
 -3.8003586e-03
  4.6580709e-03
  8.4160501e-03
  4.3725097e-03
 -1.2291202e-04
 -9.2275627e-03
 -4.8953509e-03
 -1.6019374e-01
  1.1416974e-02
  1.0157752e-02
  2.6673737e-03
 -3.8965556e-03
  7.7671036e-03
  1.7910720e-03
  1.2366716e-02
 -3.3790059e-03
 -1.1065928e-02
 -8.6551942e-03
  6.5032917e-04
  4.5268359e-03
  3.6567986e-01
 -9.3315437e-02
 -1.5624739e-01
 -1.2033820e+00
  2.7544764e-01
  3.4911934e-02
  5.8312467e-03
 -7.9314131e-03
  9.5642293e-03
 -1.0521605e-02
  1.1057733e-02
  6.2888633e-03
 -3.1633442e-03
 -1.7946364e-02
  8.7061664e-03
  1.5025710e-02
  4.6645440e-03
  2.8619089e-03
  5.0650444e-04
  8.3445868e-04
  1.7424483e-02
  1.1434390e-02
 -2.6965081e-03
 -1.1768105e-02
 -1.2095362e-03
  2.0669273e-03
 -4.4328271e-04
 -1.5664017e-02
  9.7470740e-03
 -1.1889800e-04
  6.6631376e-03
  5.9606363e-03
  8.1208414e-01
  1.6914200e-03
 -3.3659178e-03
  4.4017410e-01
 -9.2738055e-02
 -1.6084015e-01
 -1.4907500e+00
  2.6624009e-01
  3.4616977e-02
 -8.4461356e-03
 -5.4522678e-03
  8.8169575e-03
 -1.4560213e-03
 -2.7959761e-03
  3.8424248e-03
 -2.4878414e-04
  8.5007502e-03
  2.1966320e-02
  2.3237657e-02
  4.7404710e-03
  5.5185468e-03
  3.2386277e-03
  4.2005437e-03
  6.1245942e-03
  6.8257330e-03
  7.1889983e-04
  6.1863954e-03
 -3.9147008e-03
 -7.9957796e-03
 -4.4889605e-04
 -3.3247331e-03
  7.4337814e-03
 -4.6191383e-03
  8.9772763e-03
  1.0715625e-03
 -4.9172840e-03
  3.9946940e-03
  4.3729027e-03
  3.7310991e-01
 -6.5645471e-02
 -1.5374440e-01
 -1.4553881e+00
  2.0712356e-01
  2.6262306e-02
 -1.7746162e-03
  7.8879055e-03
  9.4137974e-03
 -8.2259439e-03
 -2.9958691e-03
 -1.2737964e-02
  5.1623629e-03
 -3.9687715e-03
 -5.3015621e-03
  1.3561747e-02
  2.1475039e-03
  1.1449388e-02
 -1.3162280e-02
  1.7368784e-02
  1.0233236e-02
  5.8157258e-03
 -1.9624196e-03
 -6.6833459e-03
 -3.0366278e-03
  1.6032388e-02
  4.9478933e-04
  2.8036572e-03
  3.9629650e-04
 -6.5192487e-03
  4.2077098e-03
 -4.7119334e-03
  1.2496514e-02
  2.5833487e-03
 -4.7985776e-03
  3.6577174e-01
 -5.8769938e-02
 -1.2924498e-01
 -1.4030055e+00
  3.3660671e-01
  4.4348262e-02
 -2.0407289e-02
 -3.2659417e-03
  2.7464642e-03
 -3.6777067e-03
 -5.4168263e-03
 -1.8085660e-03
  6.8241073e-04
 -4.8507988e-03
 -4.8730951e-03
  1.1249529e-02
 -3.3800015e-03
  1.8743502e-03
  3.8588988e-03
  6.1350418e-03
  2.4246320e-02
  5.3910888e-03
 -1.0957723e-02
  7.9735313e-03
 -1.1063684e-02
 -1.0023440e-02
  3.9995131e-03
  4.4148923e-03
 -5.7704165e-03
 -1.4568580e-02
  6.8496424e-03
  9.4849039e-03
  5.1380028e-03
 -7.9171993e-03
 -5.0592073e-03
 -4.0312099e-01
  7.8976549e-02
  1.7369442e-01
  1.5431037e+00
 -3.1848136e-01
 -3.6928490e-02
  1.0897360e-02
 -3.9360775e-03
  2.8839009e-03
 -2.5018458e-03
 -1.6671043e-02
 -1.0316127e-03
  1.8655724e-03
  1.2348954e-03
  4.8757838e-03
 -1.1773499e-02
 -2.8032321e-03
 -1.0128467e-02
 -2.6934645e-03
 -6.9352980e-03
 -1.1498844e-02
 -6.8372977e-03
 -2.5971257e-03
  5.9689613e-05
  6.3448325e-03
 -2.0272585e-03
 -8.3122645e-03
  5.5788029e-03
 -6.2778462e-03
  5.3958916e-03
 -7.9456018e-03
  1.2192480e-02
 -7.1802763e-03
 -1.3082090e-03
 -4.8202462e-03
 -4.2992622e-01
  9.3890168e-02
  1.7554641e-01
  1.5259808e+00
 -3.5589018e-01
 -3.8249940e-02
 -3.1110414e-03
  4.4535108e-02
 -1.7090593e-02
 -1.2956037e-02
 -2.9483854e-03
 -8.0480734e-03
 -3.1427660e-03
  8.1368182e-03
  2.5426266e-03
 -1.7133344e-02
 -6.3946063e-04
 -8.3211614e-03
  5.8031166e-03
  3.7155037e-03
  4.1710353e-03
 -9.4138011e-03
 -9.1643753e-03
  1.3980862e-03
 -6.1465083e-03
  2.8625922e-04
 -7.1809748e-03
  3.7247904e-03
 -7.7295639e-03
 -9.8955119e-03
 -3.7533008e-03
 -3.0654955e-03
  1.1699989e-02
  1.1530774e-02
  9.7126636e-04
  4.3625813e+00
 -1.5308709e+00
 -4.8274889e+00
  1.3984071e+00
  1.6121325e+00
  4.8886850e-01
  4.7158056e-01
 -4.3653223e-01
 -1.2016587e+00
 -1.0927575e-01
 -8.6034238e-01
  5.6548321e-01
  3.7886233e-03
 -5.5850637e-01
  7.5206387e-01
 -1.6427547e-01
  7.1748352e-01
  3.9983410e-03
 -3.7479100e-01
 -3.1887689e-01
  8.3027643e-01
 -1.7491508e-01
  1.8669592e-01
  1.2743643e-01
 -2.1050134e-01
 -3.2228106e-01
 -6.8742707e-03
 -7.7145822e-02
  9.7847119e-02
  9.3365885e-02
  1.4231834e-01
 -4.1404902e-03
 -3.0314835e-02
 -2.2018610e-02
  1.9612378e-02
  4.2989734e-01
 -1.0237812e-01
 -1.6788475e-01
 -1.4946877e+00
  3.0060250e-01
  1.9418621e-02
  2.0312485e-03
 -1.6501511e-04
  5.6441678e-03
  5.9540354e-04
  4.1603921e-03
 -1.0669223e-02
 -6.1266790e-03
  4.6727718e-03
  1.0573804e-02
  1.8219953e-02
 -1.4635075e-03
 -7.3247235e-03
 -3.2176410e-03
  1.0819527e-02
  2.2232144e-03
  6.5081660e-03
  1.1229700e-02
  7.8027514e-03
 -3.6934749e-04
 -9.5922612e-03
  9.0520096e-04
  3.9499071e-03
  8.8187056e-03
 -3.1462198e-03
  1.2340968e-02
 -6.2021916e-04
 -2.5381634e-03
  1.4907551e-02
  3.7071405e-03
 -3.3191097e-01
  6.0719654e-02
  1.2350454e-01
  1.4562731e+00
 -2.6905754e-01
 -2.8598692e-02
  1.1001502e-02
 -8.5156122e-03
 -8.6030411e-03
  5.2917097e-03
 -7.0998706e-03
  7.7631732e-05
  3.6626179e-03
  3.1215656e-03
 -4.8556081e-03
 -7.5261388e-03
 -5.3825658e-03
  9.8981727e-03
  3.8796621e-03
  3.3308007e-03
 -1.1092317e-02
 -2.7190344e-03
  7.0567736e-03
  2.3055992e-03
  1.3282352e-02
 -2.5567119e-03
  9.3118083e-03
 -2.8575822e-03
 -1.3063247e-02
 -6.3499659e-02
 -6.2826341e-03
 -7.1811589e-04
  1.2776489e-02
 -2.3474232e-03
  5.1841605e-03
 -4.5169276e-01
  7.9998098e-02
  1.8387580e-01
  1.3708280e+00
 -3.6080840e-01
 -3.3288021e-02
 -3.0216430e-03
 -1.2160383e-02
 -9.4541674e-03
 -7.7049909e-03
  6.1192773e-03
 -3.3844044e-03
  4.6256650e-03
 -3.2880221e-02
 -2.6684427e-03
 -1.3375100e-02
 -1.4462543e-02
 -8.6704465e-03
 -2.4572501e-02
  7.1601872e-03
  3.1938157e-03
 -4.4094301e-03
 -1.0427944e-03
  7.4517261e-04
  4.1334340e-03
 -1.2245547e-02
 -1.0615060e-02
 -5.4955292e-03
  3.5213048e-03
  4.1025835e-03
 -1.6710920e-03
  1.2136661e-02
 -2.2310700e-02
  8.9732762e-03
  3.6529035e-03
 -3.9553744e-01
  9.3340434e-02
  1.7136575e-01
  1.3634436e+00
 -3.3606347e-01
 -3.0520834e-02
 -1.1908054e-02
 -6.3354429e-03
 -6.0219658e-03
  2.1298541e-04
 -1.3332468e-03
  1.2525377e-03
  1.0209247e-02
  1.0264264e-02
 -9.7734993e-03
 -2.1189822e-02
 -3.4770536e+00
 -1.4887025e-02
  3.0507173e-03
  1.6778860e-02
 -1.4982287e-02
 -1.0334197e-02
  6.5994966e-03
  6.9152149e-03
  6.4084902e-03
 -4.4901571e-03
  9.6034640e-03
 -5.2545047e-03
  1.0926191e-03
 -1.6081614e-03
 -3.1355273e-03
  5.0294506e-03
  8.0269575e-04
  4.7867778e-03
 -9.4199032e-03
 -3.9506724e-01
  6.2174503e-02
  1.6839926e-01
  1.4535227e+00
 -3.1542581e-01
 -3.2728210e-02
  1.4655343e-02
  5.9000915e-03
 -4.2431480e-03
 -7.8642461e-04
  9.5147928e-03
 -4.9487916e-03
  1.0568040e-03
 -5.9708976e-03
 -6.6821883e-03
 -2.1559143e-02
  1.7059939e-02
 -4.5974678e-03
  6.9596474e-03
 -1.2822116e-02
  1.7647204e-03
 -8.2833935e-03
  1.2914492e-02
 -6.4235780e-04
 -6.9943145e-03
  9.7880298e-03
  1.0175531e-03
  5.9247860e-03
  5.5435030e-03
 -1.5447054e-02
 -1.4622388e-03
 -4.6814778e-03
 -8.4300283e-03
 -1.1088311e-02
  1.2378578e-02
  3.8576442e-01
 -7.3986575e-02
 -1.4721243e-01
 -1.4591018e+00
  3.0263227e-01
  3.5665032e-02
  5.8613596e-03
  7.9157408e-03
  4.1072490e-03
 -9.4672636e-04
  7.3305028e-03
  9.4755339e-03
 -4.4350934e-04
  2.8319822e-03
  8.0144135e-03
  7.8043300e-03
  1.2045573e-02
  4.6970011e-03
  5.8434787e-03
  5.8584874e-03
  8.5876537e-03
  5.7979748e-03
  1.9585495e-03
 -5.0796294e-03
  5.4743695e-03
  6.3659786e-03
 -1.9339994e-03
 -1.3728700e-02
  7.7645243e-03
 -1.3374579e-02
  9.8972430e-04
 -3.7583706e-03
 -3.3842455e-04
 -5.5547110e-03
 -5.4163300e-03
 -4.2353496e-01
  7.1534522e-02
  1.4859743e-01
  1.3839846e+00
 -3.0919558e-01
 -3.8024578e-02
 -1.2452068e-02
 -5.2850205e-03
 -1.3752542e-02
  2.1247071e-04
 -2.8152151e-02
  3.9549926e-03
 -8.5143093e-03
  2.3675913e-03
 -6.8489305e-04
 -2.8799079e-02
 -5.1019196e-03
  8.4330169e-03
 -1.1382499e-03
 -8.4458971e-03
 -9.0515772e-03
 -9.6481396e-03
  2.2233666e-03
  1.4622071e-03
 -5.8032679e-03
 -5.1867124e-03
  5.2151345e-03
 -6.9142217e-03
 -2.6891207e-02
 -1.5823675e-02
 -9.6202251e-03
 -6.4936047e-03
 -1.5619670e-02
  1.9242497e-02
 -2.6581341e-03
  3.4150001e-01
 -8.5200645e-02
 -1.3506268e-01
 -1.4413298e+00
  2.8680027e-01
  3.8901009e-02
 -5.1437719e-03
  4.5445347e-03
  1.1061588e-02
 -5.8525326e-03
 -4.9011479e-03
 -2.6872032e-03
 -2.8119551e-03
  8.8614654e-03
  8.7546213e-03
  2.2467809e-02
  2.8229253e-03
  1.2707835e-02
 -6.0985358e-03
  7.9033634e-04
  8.1984214e-03
  5.7031410e-03
 -1.2116146e-02
  1.9297714e-03
  5.4361993e-03
 -1.5136696e-03
 -1.1407799e-03
  3.3743794e-03
  7.9494426e-03
 -6.1081559e-03
  1.7914267e-02
  1.0042078e-03
  8.2233697e-03
 -4.3460187e-03
 -1.0206448e-02
 -3.1335467e-01
  5.4136477e-02
  1.9152844e-01
  1.0759411e+00
 -2.8780088e-01
 -4.6277307e-02
 -3.8249881e-03
 -7.4225245e-03
  6.1164959e-03
  1.4640949e-03
 -5.1653152e-03
 -8.7783340e-04
  4.0569319e-03
  1.0555123e-03
 -1.0879206e-02
 -2.5838554e-02
  3.7011900e-03
  3.4391745e-03
  8.8619245e-03
  2.2654295e-02
  5.6856591e-03
 -1.2211599e-03
 -5.7508997e-03
  7.0705400e-03
 -6.3486714e-03
 -9.0364171e-03
 -5.1606521e-03
  1.1636243e-02
 -7.9559172e-03
  1.1235789e-02
  3.7910354e-03
  4.9472737e-07
 -8.7030726e-03
  3.3736853e-03
  6.8644984e-03
  3.1827182e-01
 -8.1835411e-02
 -1.4859754e-01
 -1.2893934e+00
  2.4631746e-01
  4.6544049e-02
 -5.0872951e-03
  1.4149304e-02
  1.4442932e-02
  9.7210606e-04
  1.6740359e-02
  3.6304193e-03
 -5.0870986e-03
  1.5494977e-03
  1.7819498e-02
  1.9378960e-02
  1.9144526e-03
 -7.8032780e-03
  2.7252489e-03
 -5.1761237e-03
  7.4819485e-03
  5.3220601e-03
 -1.0000474e-02
  1.1981908e-02
  6.0743891e-04
  2.6729645e-03
 -6.4753192e-03
  4.7595159e-04
  8.1214560e-03
 -1.2770489e-02
 -4.9699405e-03
 -8.5258605e-03
  2.1037594e-03
 -1.9099603e-03
 -2.9542786e-03
  3.9116463e-01
 -9.4375163e-02
 -1.5849410e-01
 -1.3762805e+00
  2.8603113e-01
  2.9763266e-02
 -1.4406903e-02
  1.4695394e-02
  1.0367682e-02
  1.7290225e-02
  1.6391202e-03
  2.8507416e-03
 -2.6168581e-04
 -8.6506568e-03
  1.5519309e-02
 -6.0129538e-03
 -1.8814895e-03
  2.1051536e-03
 -1.3241323e-03
 -9.8964823e-03
  1.8564713e-03
  1.5753783e-02
  9.3496889e-03
  2.7989920e-03
  4.0332251e-03
 -1.7889531e-03
 -4.0473040e-02
 -3.0855706e-03
 -6.5187248e-03
  8.6591998e-03
  2.8025049e-03
  2.1275452e-03
  2.8194126e-03
  4.8377304e-03
 -4.1328580e-03
 -3.5021755e-01
  1.0942602e-01
  1.7023624e-01
  1.2106793e+00
 -6.2374783e-01
 -4.5015261e-02
  4.1689924e-03
  3.5283549e-04
 -1.2342088e-02
 -2.0560358e-02
 -5.0193681e-03
 -6.7831418e-03
 -4.3250758e-02
 -4.2632589e-04
  4.8314040e-03
 -1.6145229e-02
 -6.1717327e-03
 -2.6210118e-03
 -1.9923370e-02
 -2.5951168e-03
 -1.9024273e-02
 -6.9642281e-03
 -2.1404997e-03
  5.6943233e-04
 -2.4164221e-03
 -1.0055050e-03
  4.3454515e-03
  9.9112960e-03
  7.3491009e-03
 -6.0372250e-03
 -7.8521706e-03
 -9.1539677e-03
  9.4254664e-04
  4.2848228e-03
  5.3222794e-03
 -3.5614264e-01
  9.6453950e-02
  1.4276214e-01
  1.3664161e+00
 -2.9862699e-01
 -5.4677509e-02
 -1.0504382e-02
 -1.0257762e-02
 -6.9335904e-03
 -9.6824989e-03
 -1.1625065e-02
  1.4415550e-02
 -6.6244286e-03
 -1.9204665e-02
 -7.8962212e-03
 -3.1222267e-02
 -3.5387143e-03
  3.8573057e-03
  1.8887080e-02
  2.6234593e-03
 -6.3625700e-03
  2.0168915e-03
 -4.1768611e-03
 -6.8733850e-03
 -8.7989792e-03
 -5.2404157e-03
 -5.2275341e-03
  1.1044617e-03
 -2.9924598e-03
  8.5729212e-03
 -1.1027719e-02
 -2.5292283e-03
  1.6122697e-02
 -1.3941752e-04
 -5.3263507e-03
 -3.5703924e-01
  1.1736871e-01
  1.5706216e-01
  1.3443954e+00
 -2.0745519e-01
 -4.4851031e-02
 -1.6906677e-02
  7.2885701e-04
 -1.6614005e-02
 -9.6495100e-04
 -6.9803055e-03
  5.8489223e-03
  1.1082056e-03
 -8.2019912e-03
 -1.5613172e-02
 -2.3225207e-02
  5.2785156e-03
 -5.2741840e-03
 -2.7214356e-03
  1.0444304e-03
 -8.4624467e-03
 -6.0683410e-03
 -1.0454921e-03
  1.8477805e-03
  7.2186678e-03
  3.6748108e-03
  4.6803881e-04
 -1.0414525e-03
 -4.4178581e-03
  4.3509104e-03
 -1.1762052e-02
  3.5190058e-03
 -1.9140787e-02
 -1.1059705e-02
 -1.0708652e-02
  3.0831617e-01
 -7.1482003e-02
 -1.0519484e-01
 -1.4526010e+00
  2.4413727e-01
  4.2093471e-02
  3.7406315e-03
  1.1421815e-02
  1.4850467e-02
  1.4075086e-02
 -3.3337459e-02
 -3.7592460e-04
 -2.7326022e-03
 -5.6020264e-04
  2.1283390e-02
 -2.1944863e-03
  2.6754602e-03
 -2.4000555e-03
  1.8308323e-05
  1.0788647e-02
  1.0475473e-02
  6.7681917e-03
  3.6755318e-03
 -5.6832000e-03
  3.4319586e-03
  9.1629848e-03
 -7.0040138e-03
 -3.3953364e-04
  4.4740164e-03
  1.8948206e-04
  1.1299555e-02
  1.0190004e-02
  9.5586712e-03
 -2.7261104e-03
 -3.1396714e-03
 -2.9355890e-01
  6.6398121e-02
  1.1007936e-01
  1.2976632e+00
 -2.2541025e-01
 -3.5045184e-02
 -3.2448801e-03
  8.8359127e-03
 -6.7386702e-03
 -1.0439412e-03
 -6.6161556e-03
  1.0890432e-03
  2.5356542e-02
  9.0567172e-03
  5.6618149e-03
 -2.8695550e-02
  1.5304657e-02
 -8.3747962e-03
  7.9753483e-03
  1.8982674e-03
 -2.7664859e-02
  4.8017120e-03
 -9.3590468e-03
  3.4003392e-02
  2.5499440e-03
  9.7902948e-03
  8.6444141e-03
  7.8607630e-03
 -8.3357431e-03
  1.2872254e-02
 -1.2648098e-02
  3.3022130e-03
 -2.9889075e-03
 -2.7966383e-01
 -2.9975055e-03
 -3.9420116e-01
  4.2484969e-02
  1.6529638e-01
  1.4684751e+00
 -2.7685475e-01
 -1.4697827e-02
 -1.7923907e-03
  8.3559873e-03
 -1.8978845e-02
  1.2574600e-02
 -1.8984140e-03
 -1.0203414e-02
  1.0121237e-02
 -3.9244005e-03
  4.8562884e-03
 -1.7331086e-02
 -1.7336744e-03
 -8.6539233e-04
 -1.0927788e-02
  1.9932555e-03
 -1.5355185e-02
 -7.7716629e-03
  6.1545307e-03
 -3.8764370e-03
  8.4576411e-03
 -9.8895020e-05
  8.2421862e-03
 -9.1995541e-03
  1.9943074e-03
  6.3742721e-03
 -1.3947194e-02
  3.7810921e-03
  3.5220368e-03
 -2.1094349e-03
 -3.4468544e-03
  3.8191560e-01
 -8.8705480e-02
 -1.5905324e-01
 -1.3290091e+00
  2.9003239e-01
  6.1428091e-03
  6.3298200e-03
  1.0225778e-02
  1.2950043e-02
 -1.3368689e-02
  1.0301616e-02
  2.6836714e-03
 -1.4513142e-02
 -7.5363778e-03
 -2.9181740e-03
  1.1208650e-02
  1.0831463e-02
  6.6373902e-03
  9.9376803e-03
  5.3865137e-03
  5.3476905e-03
  1.7222719e-02
 -8.2902024e-03
  6.2927832e-03
 -9.6826232e-04
 -4.0887267e-04
 -1.8628534e-03
 -2.1152375e-03
  3.5683583e-03
  1.9997954e-03
 -8.8111049e-04
  6.3670902e-03
 -7.4140863e-03
 -1.5018913e-03
 -5.3443406e-03
  4.1581580e-01
  3.8988899e-02
 -2.4493447e-01
 -1.4826368e+00
  5.9980959e-01
  2.7807882e-02
 -9.2003997e-03
 -9.2022484e-03
  3.6080918e-04
  4.9506892e-03
  1.4267723e-03
 -6.2318319e-01
  6.8975525e-04
  2.7399303e-03
 -3.6356663e-03
  7.9629170e-03
  3.1259572e-03
 -4.7681732e-03
  4.2393422e-03
  3.0492319e-04
  1.5585736e-02
 -1.3677347e-02
  1.2477959e-02
  4.7343457e-03
  1.0956429e+00
  8.6783506e-03
  1.0268915e-02
 -9.6140860e-04
 -6.3120699e-03
 -4.1720388e-03
  6.2312894e-03
 -9.6775675e-03
  9.4202452e-04
 -2.4445257e-03
 -5.0387550e-03
  2.2546907e-01
 -2.7091688e-01
 -1.2416054e-01
 -1.3986794e+00
  2.7230978e-01
  3.8395114e-02
 -1.2928971e+00
  1.5202754e-02
  5.6800200e-03
  1.8382348e-02
  9.3265688e-03
 -7.4431063e-03
 -2.9888751e-03
  5.9068087e-03
  1.9583094e-03
  3.9657783e-02
  4.3160492e-03
  1.3928481e-02
  9.7182244e-03
 -2.5128602e-04
  1.4161519e-02
  9.6039753e-03
  1.7483193e-04
 -7.1335291e-03
 -4.3157507e-03
  7.0661595e-03
 -5.3871041e-03
 -1.3248054e-03
 -4.7066757e-03
  9.0482431e-03
 -1.0726313e-02
 -5.9968461e-03
  9.0500927e-03
  1.1687402e-02
  3.2795386e-03
  4.6147627e-01
 -7.3613338e-02
 -2.0032401e-01
 -1.3691919e+00
  3.3004212e-01
  4.6129346e-02
  4.5010794e-04
 -6.0291355e-03
 -4.4258040e-01
  5.6557241e-03
 -1.6659852e-03
 -4.0373080e-03
  6.7841872e-03
 -3.4531835e-03
  7.9328446e-03
  5.8899443e-03
  3.2477886e-03
  1.6031370e-02
  5.0272059e-04
  8.7241847e-03
  1.9329567e-02
 -1.5219615e-03
 -6.1239805e-03
 -1.3563423e-02
  4.0136538e-03
 -1.6609769e-02
  4.2317198e-03
  5.3467741e-03
 -8.4920006e-04
 -3.1768088e-03
  5.5871084e-03
  1.2725538e-03
  6.3034077e-03
  4.9947025e-03
 -7.3782419e-04
 -4.3581668e-01
  6.1612818e-02
  1.7301017e-01
  1.4231626e+00
 -3.1523067e-01
 -2.7357932e-02
 -6.3201631e-03
 -1.0338469e-02
 -1.7593406e-02
 -1.0420089e-02
 -3.3977330e-03
  5.8513288e-03
  8.4297743e-04
  2.2396171e-03
 -2.0913871e-03
 -1.4650960e-02
 -1.8107379e-02
  7.4063600e-03
 -2.7264128e-04
  1.3118358e-02
  1.0764246e-02
 -9.2753628e-03
  5.0321422e-03
 -7.8972930e-04
  8.3945096e-03
 -7.6410727e-04
  1.0517916e-02
  1.3193670e-03
  9.8092053e-03
  5.3294408e-03
 -1.5672632e-02
 -1.0306662e-02
 -2.1676798e-03
  5.3086467e-03
 -2.1817691e-03
 -4.3643510e-01
 -1.2075022e-02
  1.9448559e-01
  1.3105650e+00
 -1.0020286e+00
 -1.0501791e-02
 -5.3943861e-03
  1.0108568e-02
 -3.2946602e-02
 -4.5092506e-03
  2.8485470e-04
  4.4028382e-03
 -3.4979223e-03
  1.8293230e-02
 -1.2362404e-02
  2.1285054e-03
 -6.0848272e-03
  4.0058149e-03
  6.3356478e-03
  6.3850251e-03
  4.8466455e-03
  1.1488494e-02
  2.4683492e-03
  7.3798802e-03
 -6.9000511e-03
 -1.2609558e-03
 -6.6067274e-03
 -6.0200724e-03
 -5.4552895e-04
 -3.5321701e-03
  5.5358890e-03
 -3.9442279e-04
  3.0624580e-03
  3.5990581e-03
  4.6945168e-03
 -3.8136506e-01
  7.9359867e-02
  1.4323668e-01
  1.3574959e+00
 -3.8096714e-01
 -2.9684994e-02
 -1.5522944e-02
  1.0117354e-02
 -5.3258156e-03
 -9.4186683e-04
 -2.9216377e-02
 -1.6870148e-02
 -5.6275888e-03
 -2.7499830e-03
 -1.9033208e-03
 -4.2893323e-03
  6.8720832e-02
 -1.1814894e-02
  1.7746227e-02
  1.0226033e-02
  7.2405771e-03
 -1.7059440e-02
 -3.6844530e-03
  8.7236613e-03
  6.0835546e-03
  6.1838906e-03
  9.1204660e-05
  2.9635653e-04
  3.6526690e-03
  1.3914339e-02
 -1.3116459e-02
  8.6463345e-03
  6.2868060e-03
 -4.0299455e-03
 -1.5066155e-02
 -4.0652746e-01
  6.2975444e-02
  1.9056049e-01
  1.4085556e+00
 -2.6216412e-01
 -2.0256583e-02
 -4.9137264e-03
 -1.6844963e-03
 -9.2476932e-03
  1.7342382e-03
  6.9405290e-04
 -3.5125438e-02
  1.0114453e-02
 -6.1339433e-03
 -3.1732204e-03
 -2.2360332e-02
  9.4017462e-04
 -5.2276035e-03
 -1.5911886e-03
 -7.4361633e-03
 -1.9357679e-03
 -8.2095200e-03
 -9.4434693e-03
  1.6752650e-03
  1.0558253e-02
 -1.7909935e-03
 -7.7848793e-03
 -1.1916995e-02
  7.4937455e-03
  4.2634743e-04
 -4.0203184e-03
 -8.4761465e-03
 -1.0603442e-02
  8.3034057e-03
  3.2079627e-03
  4.3397760e-01
 -8.6512610e-02
 -2.0238756e-01
 -1.4366345e+00
  2.9746196e-01
  2.8903330e-02
  1.2645707e-02
  1.0313838e-02
  1.0709654e-02
  2.5081611e-04
 -3.9027231e-03
 -1.0061634e-02
 -9.4854068e-03
 -1.2034434e-02
  3.4523585e-03
 -1.0324170e-02
 -2.7769993e-03
  7.0717242e-03
  1.2791089e-02
  5.7852464e-03
  1.9463431e-02
  1.7645773e-02
 -3.1321943e-03
 -1.0717032e-03
 -1.9734224e-02
 -4.1521713e-03
  3.1556145e-03
 -3.8323300e-03
  4.5940401e-03
 -1.5088002e-02
  4.2118300e-03
 -2.2843466e-03
  5.6095128e-03
  1.2920108e-02
 -2.2584924e-03
  3.9286345e-01
 -1.0545963e-01
 -9.8327892e-03
 -1.5472920e+00
  2.9678920e-01
  1.2366708e-02
 -4.7786287e-03
  7.9764724e-03
 -5.0845604e-02
  6.8240408e-03
 -1.1988851e-03
 -4.9187033e-03
  8.8769868e-03
  2.2066371e-03
 -3.3192202e-03
  1.2109661e-02
 -4.2082602e-03
 -3.3054945e-05
 -2.6388909e-03
 -1.6724229e-02
  5.6896294e-03
 -7.8855484e-04
  1.3295925e-01
 -3.3423591e-03
 -3.1913777e-03
  3.4163750e-03
  5.6021493e-03
 -8.6906897e-03
 -8.8697094e-03
  1.0717527e-03
  3.7580335e-03
 -6.8342173e-03
 -6.6600414e-03
  1.4277007e-02
  9.1271093e-03
  3.3249512e-01
 -5.8165498e-02
 -1.6126308e-01
 -1.3804356e+00
  2.5896928e-01
  2.5997173e-02
  2.2202644e-03
  7.3532392e-03
  3.4992839e-03
 -8.4075110e-04
 -2.9508087e-03
  4.6278764e-03
  9.3838545e-03
 -3.1300392e-03
 -2.4206274e-04
  3.0521917e+00
  9.6783107e-03
  1.0209917e-02
 -4.4106399e-03
 -3.6780285e-03
  1.3186717e-02
  5.8938409e-03
 -3.9956481e-03
  1.4150460e-03
  1.1905178e-02
 -1.0191132e-02
 -3.9927186e-03
 -2.9957099e-03
 -9.5744114e-03
 -4.7731404e-03
  6.1811814e-03
  2.3996131e-03
 -3.3942522e-03
 -4.0085642e-03
 -1.4384240e-02
  3.1764197e-01
 -8.3320737e-02
 -1.8737622e-01
 -1.4546700e+00
  3.4265882e-01
  3.3991698e-02
 -1.7376808e-02
 -3.6230530e-03
  5.1386957e-03
 -3.2651250e-03
  2.8371015e-03
  5.7541463e-04
 -1.0854546e-02
 -1.3215611e-02
  1.3200887e-03
  3.1327244e-02
  8.2762735e-03
 -1.0384370e-02
 -2.2454323e-02
  9.0722681e-04
  1.6719881e-02
  1.8226311e-02
  6.2901885e-03
 -1.6696427e-02
 -3.7644925e-03
 -1.1884518e-02
 -3.1663515e-03
 -3.3883005e-03
  2.2579612e-02
 -1.5286779e-02
  3.4121769e-03
 -9.4263004e-03
 -9.0525812e-03
  1.6220451e-03
  7.2972234e-03
  3.6138380e-01
 -1.1913702e-01
 -1.0687032e-01
 -1.5894842e+00
  8.7269269e-02
  8.7253666e-03
  1.2040555e-03
  5.5596055e-03
  1.6437186e-02
  1.1916657e-02
  1.2375040e-02
 -8.5377004e-03
 -3.0491324e-03
  5.1399432e-03
  4.6252692e-03
  8.9501170e-03
  3.3907359e-04
  1.1211962e-04
  1.6743907e-03
 -5.6126947e-04
  9.0513928e-03
  1.8848372e-03
 -4.9905232e-03
 -4.9880450e-03
 -1.5144447e-02
  6.2123919e-03
 -8.1610465e-03
 -2.4479730e-03
  9.3910721e-04
 -2.7288268e-03
  7.9602003e-03
  2.1749330e-04
 -6.3056233e-03
  7.2016362e-03
  1.0154476e-02
  2.9000599e+00
 -8.2811183e-01
 -1.9532847e-01
  1.6742076e-01
 -2.1180863e+00
  6.5068506e-02
  2.1746011e+00
 -7.4869014e-02
 -9.2445755e-01
 -1.2208574e+00
 -8.1206441e-01
  6.1763197e-01
  2.5297005e+00
 -2.8172662e+00
 -3.8054688e+00
 -2.3080544e+00
 -1.4728233e+00
  2.3548853e+00
 -2.2053034e+00
 -3.0410647e+00
 -3.9245000e-01
  6.3031745e-01
 -2.2986862e-01
 -1.8858431e-01
  4.9170861e-01
  3.3364813e+00
 -8.8209778e-01
 -9.4866973e-01
  1.5113521e+00
  2.6560938e+00
  6.5203142e-01
  6.1920103e-02
 -4.7770768e-01
  6.5648443e-01
  6.5626550e-01
 -4.3891653e-01
  7.5977907e-02
  1.5562283e-01
  1.2711071e+00
 -2.5038952e-01
 -4.0459089e-02
 -4.9767210e-03
  5.8403355e-04
 -2.1567219e-03
 -4.5789541e-03
 -1.0932365e-02
 -2.7927652e-03
  2.3351866e-03
 -1.7071746e-02
 -5.0241873e-03
  4.1628000e-04
 -1.5104086e-03
 -1.1967524e-02
  5.1131984e-03
  1.1302858e-02
 -1.1276592e-02
 -3.9865994e-03
  7.0507070e-03
  1.8795028e-03
  6.9313529e-03
 -3.1239896e-03
 -2.9793701e-03
  8.9097600e-03
  6.2632281e-03
  1.7095022e-03
  3.7392275e-03
  6.3071609e-03
  1.0351827e-02
  2.0572019e-03
  2.6674365e-07
 -5.3343689e-01
  1.0828797e-01
  2.1581964e-01
  1.1686010e+00
 -4.2451411e-01
 -3.5295978e-02
 -2.4308952e-02
  3.0353954e-03
 -3.2944672e-03
 -1.0134225e-02
 -7.0617935e-03
 -7.5816144e-03
 -1.6346419e-02
  1.5433677e-02
 -5.5521331e-03
 -8.7983115e-03
 -1.0185804e-02
 -1.0862474e-02
  3.9792750e-03
  9.4841048e-03
 -1.6708419e-02
 -5.0820918e-03
 -8.5823908e-03
  4.5523215e-03
  4.3947794e-03
 -8.1165467e-04
  5.6095663e-03
  5.1879375e-03
  2.1314969e-02
  5.0964451e-04
 -8.5244849e-03
 -8.1210826e-03
  8.5483184e-03
  4.9559735e-03
 -5.7899151e-03
 -1.4458674e+00
 -1.3277231e+00
 -7.6432116e-02
 -8.0558538e-01
 -1.7249289e+00
  3.3899257e-01
 -1.3132988e+00
  2.5768580e+00
 -3.6622778e-01
  2.2041473e+00
 -1.2182139e+00
 -1.3604403e-01
  2.4009871e+00
  1.6676960e+00
  1.8200121e+00
  8.0038702e-01
 -1.9247405e-01
  5.7982683e-01
  2.9198518e+00
  2.8071685e+00
 -2.7741244e+00
  1.2859288e+00
  7.2170883e-01
  4.8153000e+00
  4.9342542e+00
 -1.4422649e-01
  5.4640639e-01
  3.1275055e+00
 -3.4822837e-01
  2.0028455e+00
 -2.0796778e+00
  2.6119494e+00
 -3.7455461e+00
 -9.3746728e-01
 -7.0888437e-02
 -3.6208639e-01
  7.9838261e-02
  1.2498315e-01
  1.4828632e+00
 -2.9151848e-01
 -2.4629995e-02
  2.2764876e-03
 -2.3031516e-03
 -1.3827365e-02
  5.4685357e-03
  2.1150503e-05
  6.0408884e-03
  1.3966539e-02
 -1.4358462e-03
 -9.3070418e-03
  5.3124162e-03
  4.7124079e-03
  4.7176927e-03
  3.0119179e-03
 -5.5977711e-03
 -5.5216383e-03
 -5.6903842e-05
 -4.2320350e-03
 -1.3644780e-03
 -1.8203748e-02
 -3.9864988e-03
 -1.6352680e-03
  2.5355010e-03
  3.7789661e-03
 -1.1973783e-02
 -1.7295474e-02
  2.3106422e-02
 -1.8570707e-03
  3.4258654e-03
  2.0415441e-03
 -3.9570022e-01
  8.1525199e-02
  1.5133439e-01
  1.4837207e+00
 -2.7236778e-01
 -3.6255874e-02
 -1.5300659e-03
  4.9967077e-03
 -1.1325159e-02
 -1.3784859e-03
  6.2014512e-03
 -4.2964573e-04
 -2.5189091e-03
 -5.8447211e-03
 -3.8389731e-03
  7.9196487e-03
 -5.0764168e-03
 -1.3330520e-02
 -1.5075165e-03
 -3.3039043e-03
 -1.5740804e-02
 -1.6216489e-02
  5.0605582e-03
  2.3556373e-03
  6.0704220e-03
  1.3902402e-03
  7.1976292e-03
 -2.3082299e-03
 -4.6719966e-04
 -5.4372284e-03
  1.6896943e-04
  3.2332900e-03
  7.1850820e-03
 -1.2019951e-02
  7.5626350e-03
 -4.5602748e-01
  9.8143630e-02
  7.6250553e-02
  1.3486748e+00
 -3.4175003e-01
 -4.1090041e-02
  1.0972063e-02
  3.6466359e-03
 -6.2324852e-03
 -3.0853059e-03
  7.8432978e-04
  1.3655318e-02
  1.1617857e-03
 -6.4943992e-03
 -1.2324255e-02
 -1.6680280e-02
  4.5299004e-03
 -2.1539857e-03
  5.6514487e-04
  1.0955089e-02
 -1.6214011e-02
 -1.0877321e-02
  4.0617441e-03
  8.8064064e-04
  1.6663626e-02
  6.3595115e-03
  1.4644171e-02
 -6.5399513e-02
  8.7127527e-03
 -5.5726623e-04
 -1.6543554e-02
  4.3374351e-03
 -3.5031714e-02
  6.9590299e-03
  1.1213304e-02
 -3.7589842e-01
  6.8162099e-02
  1.3909261e-01
  1.3696802e+00
 -2.5551629e-01
 -3.0893827e-02
 -1.2450484e-02
 -8.5290903e-03
 -6.0032685e-03
 -1.1869919e-02
 -1.1539182e-02
  5.4483898e-03
 -5.2281986e-03
 -2.2856814e-03
 -1.3973469e-02
  1.5589675e-02
 -9.8867873e-03
  1.3681995e-03
  3.7829562e-03
 -1.1276461e-02
 -3.5925481e-02
 -1.3712477e-02
  5.3977580e-03
  5.9118937e-03
 -5.7756054e-01
  2.6544370e-03
  2.6807408e-03
 -4.6545621e-03
  1.8273665e-02
 -5.5829930e-04
 -8.6389584e-03
 -1.1758565e-03
 -2.2710259e-03
 -1.7185550e-02
  6.9524553e-03
  4.3197775e+00
  5.4868203e-01
  8.4681976e-01
  1.7892689e+00
 -1.9536279e-01
  1.9548038e+00
 -1.2322022e+00
  2.7062917e-02
 -1.4506123e+00
 -7.8849667e-01
  3.4144499e+00
  3.3472702e-01
 -3.7796800e+00
 -1.1401274e+00
 -3.1386024e-01
  1.3979805e+00
  3.1598355e-03
 -2.9641681e+00
 -1.4532671e+00
  1.0210890e+00
 -6.0095568e+00
  3.0449395e+00
 -1.2731417e+00
 -1.9537048e+00
  1.3890926e+00
  5.3213812e-02
  5.6356466e-01
  1.0406833e+00
 -7.2742766e-01
 -1.4918496e-01
  2.2997172e+00
  1.7616175e+00
 -1.1501379e-01
 -8.8339162e-01
 -6.8962699e-01
  4.5546937e-01
 -1.2692212e-01
 -1.1727307e-01
 -1.2740321e+00
  2.7829939e-01
  2.5440276e-02
 -6.7620836e-03
 -1.1773456e-02
  8.3303433e-03
  2.5039870e-02
  9.2887552e-03
 -1.8186074e-03
  5.4064547e-03
 -1.0946484e-04
  2.0069685e-02
  1.0457935e-02
  1.0850922e-02
 -3.9104014e-03
  8.9130467e-03
  4.8940703e-03
  1.8829131e-02
  5.1593604e-03
  5.3326800e-03
 -4.6740905e-03
 -1.9093051e-03
  1.1508473e-02
 -8.4224408e-03
 -2.8820343e-03
  3.6100142e-03
 -1.1674593e-02
  2.5619979e-03
  3.4262061e-03
 -3.7284663e-03
  8.0557121e-03
  9.2102885e-03
 -4.3949899e-01
  3.2551982e-02
  1.5762851e-01
  1.4118075e+00
 -3.4419435e-01
 -4.6344966e-02
 -3.4982623e-03
  5.0027375e-03
 -1.3066727e-02
  1.4907517e-03
 -3.9684265e-03
  1.1147969e-02
 -5.3558103e-03
  4.8697940e-03
 -8.7890308e-04
 -3.0645297e-03
 -5.3329142e-03
 -4.8346110e-03
  1.7659685e-02
 -1.0713452e-02
 -1.3776877e-03
 -1.5966345e-01
 -6.0004126e-03
 -1.0442918e-02
 -3.8880261e-03
 -8.0773905e-03
 -1.2572537e-02
 -5.9072662e-04
  5.0477325e-03
 -1.0816444e-02
 -1.1491071e-02
  1.3465681e-02
 -4.1806046e-04
  6.1171141e-04
 -1.4030891e-02
  3.7982792e-01
  5.3124648e-01
 -1.6683237e-01
 -1.3612627e+00
  2.5271133e-01
  3.8493499e-02
  8.2275271e-03
  1.8323347e-02
  1.3098388e-02
 -7.6427353e-03
  5.7120533e-03
  1.1452313e-02
  3.0251993e-03
 -1.3040687e-03
  1.1813372e-02
  1.9200761e-02
 -9.7854594e-03
 -4.7426689e-03
 -1.2706239e-02
  1.4007472e-02
 -3.9914228e-02
  1.2994420e-02
 -4.3491358e-03
  1.1435209e-02
 -2.5266628e-03
  1.2944441e-02
 -2.7706376e-03
 -1.0264554e-03
  4.5590717e-03
 -4.6918509e-03
  1.8386276e-02
 -4.5635104e-03
  1.6755343e-03
  3.1178747e-03
 -9.3487771e-03
  2.0494480e-01
 -5.5681802e-02
 -1.3116989e-01
 -1.4708614e+00
  3.1251058e-01
  4.6590652e-02
  1.4080469e-02
 -5.1238094e-03
  1.1363386e-02
  2.2252098e-02
  1.1003530e-02
  1.9419751e-03
  5.4219440e-03
 -1.0749168e-03
  2.9706042e-03
 -1.5614072e-03
 -1.0524603e-03
  2.4944025e-03
 -1.2596937e-02
  2.6856572e-04
 -5.5362592e-03
  1.2346145e-02
  1.8731460e-03
 -9.1672251e-03
 -6.5326323e-03
 -3.0371459e-04
  3.3754015e-03
  2.4747942e-03
  1.7391643e-02
 -1.3160333e-02
  9.7899716e-03
  4.5987521e-03
  1.8408602e-04
  1.0919228e-02
  8.4099909e-03
 -4.8820212e-01
  1.0769084e-01
  2.0347914e-01
  1.3199377e+00
 -3.7219849e-01
 -3.9018586e-02
 -1.4569057e-03
 -5.2236025e-03
 -8.4420508e-03
 -3.0293444e-03
 -5.9001306e-03
  4.7036815e-03
 -1.1196414e-01
  8.8881748e-03
  5.8271200e-03
 -2.0921065e-02
  1.1387425e-03
 -1.1748143e-02
 -1.8453907e-02
  2.7711462e-04
 -1.7639174e-03
 -1.2811814e-02
 -6.1481805e-03
  2.0808131e-03
  1.1717445e-02
 -9.8242494e-04
 -1.0703661e-02
  4.2837101e-01
 -1.1194187e-02
 -1.3139944e-02
  7.7485996e-03
 -4.7837249e-03
 -3.1255048e-03
  5.5457018e-03
 -5.9725563e-03
  3.6832380e-01
 -3.6064450e-02
 -1.5679789e-01
 -1.3965231e+00
  3.1807590e-01
  3.4219336e-02
  7.9801958e-03
  1.1197074e-02
  1.5295836e-02
  1.4926715e-02
  1.1990630e-02
 -6.0905959e-03
 -8.3779255e-03
 -7.2150663e-03
  2.7878093e-02
 -9.0469817e-05
  8.8932626e-03
  3.6430287e-03
 -6.9690770e-03
  8.3431518e-03
  6.4283577e-03
 -6.7726891e-03
 -1.2617720e-03
  7.5137161e-04
 -2.1281959e-03
  9.9400058e-04
 -4.3710686e-02
 -1.7533694e-04
 -1.2459912e-02
 -5.6427652e-03
 -8.2785462e-04
 -2.6724497e-03
  2.9717076e-03
  7.9848552e-03
  5.7018762e-03
  3.8547087e-01
 -6.7487732e-02
 -1.5508765e-01
 -1.3350044e+00
  2.8304288e-01
  4.0358678e-02
  1.4565933e-02
 -2.3408865e-03
  1.0519665e-02
 -4.1933721e-03
  8.3131908e-04
  2.9982042e-03
 -9.1615533e-03
 -2.3281254e-02
  2.2866211e-03
  2.2397790e-02
  2.9925865e-03
  8.8646589e-03
  3.3995897e-01
  8.2733547e-03
  1.5161953e-02
 -8.2326098e-04
 -8.8165533e-03
  1.0606096e-02
  3.8233458e-03
  1.3399104e-02
 -1.5571225e-02
  6.3208733e-03
 -4.3967003e-03
  9.1725308e-03
  9.0436096e-04
 -4.4898543e-04
 -2.4839960e-02
  2.0553416e-03
 -1.1197706e-03
  4.1569319e-01
 -9.7130388e-02
 -1.4963147e-01
 -1.4387466e+00
  2.8857961e-01
  3.8193632e-02
  8.2475953e-03
  4.2750319e-03
  1.0803796e-03
 -8.3518475e-02
  1.9365724e-03
  4.9348869e-03
 -1.0599134e-02
 -8.4740827e-03
  1.5452731e-02
  2.4011917e-02
  1.6676076e-02
 -2.3075466e-03
 -1.6791230e-03
  4.1069333e-03
  1.0338170e-02
  1.0437757e-03
  2.7969291e-03
  3.7660869e-03
 -6.3927989e-03
  6.4724442e-03
  4.3097669e-03
 -4.3979925e-03
 -5.2298151e-02
  1.1600875e-03
  2.2215068e-03
 -1.7011830e-03
 -6.1120568e-03
  3.2785241e-03
 -2.7610813e-03
  2.4426094e-01
 -1.1143535e-01
 -1.1980561e-01
 -1.0327570e+00
  4.7689423e-01
  4.2426769e-02
  2.4960584e-03
  1.6426962e-02
  9.4128894e-03
  5.6242337e-03
 -2.3249757e-02
 -3.7303418e-03
 -4.7630663e-03
  1.3117434e-02
  1.6043890e-02
  3.7467644e-02
 -4.1567381e-03
 -4.8050070e-03
  2.1631462e-03
 -5.3749629e-03
  2.9046144e-02
  4.0850649e-03
  3.5547290e-03
  7.4939086e-04
 -5.6316121e-03
  1.7346854e-03
 -9.4930688e-03
 -6.9119143e-03
  4.1235024e-03
 -4.4646026e-03
  2.6143712e-03
  1.4566402e-02
 -1.3383986e-02
  8.7190056e-03
 -1.3378336e-03
 -1.5671368e-01
  6.7710094e-02
  1.2461376e-01
  1.3063611e+00
 -2.5774911e-01
 -3.5849869e-02
 -9.4387680e-03
 -2.5057294e-03
 -1.1795281e-02
 -2.3114355e-02
 -5.5871001e-03
 -1.0284406e-02
 -1.8097946e-03
 -7.9050340e-04
 -1.0002189e-02
 -2.9867668e-02
 -1.8636376e-02
 -1.3356825e-02
  7.4738343e-03
  8.2135182e-03
 -7.8211334e-03
 -1.8176088e-02
 -2.7650189e-01
 -6.0737859e-03
 -2.2230153e-03
 -7.3400664e-04
  5.7302443e-03
  4.4743181e-03
 -8.8753765e-03
  1.2410314e-02
  4.7834469e-03
  7.8537250e-03
 -2.2390664e-03
 -3.1113969e-03
  5.6702374e-03
  4.6135804e-01
 -6.9557801e-02
 -1.6065529e-01
 -1.4225075e+00
  3.7439644e-01
  2.3982322e-02
 -1.1172042e-02
 -2.2564519e-03
 -1.7857922e-03
  4.4775950e-03
 -3.3633122e-03
  8.1467413e-05
  7.1894201e-03
 -8.5626747e-03
 -6.1138705e-03
 -1.5280123e-03
 -8.4297080e-03
  4.7814002e-04
 -7.4557327e-03
 -3.8482447e-03
  1.1103594e-02
  5.1725010e-04
 -2.8646172e-03
  1.2962840e-02
  3.7670350e-03
 -1.1576379e-03
 -5.6924308e-03
  1.5369654e-03
  6.0768239e-03
 -1.3221581e-02
  5.2287900e-03
 -9.3375156e-03
  6.8088933e-03
  1.1330872e-02
 -9.9158986e-03
 -3.5210618e-01
  8.1996068e-02
  1.4873846e-01
  1.3372800e+00
 -2.6292932e-01
 -4.4845864e-02
 -1.3290426e-02
  2.7496048e-04
 -2.1942435e-02
 -2.0076459e-02
 -1.0237971e-02
  4.7464469e-03
 -5.4273230e-04
  1.5304286e-03
 -1.4715635e-02
 -6.0835443e-03
 -9.6752774e-03
 -1.4618217e-02
 -2.8563582e-03
  1.6243572e-03
 -1.1317002e-02
 -7.1457289e-03
  2.0626609e-03
  1.3793774e-02
  6.2977918e-03
  1.4680302e-02
  2.6661104e-03
  3.7839643e-03
 -1.0248479e-02
  1.1207761e-02
 -3.0359204e-03
 -6.4505782e-04
 -6.6007371e-03
  1.6254791e-03
 -1.6941343e-03
 -4.1570833e-01
  1.1154599e-01
  1.7284998e-01
  1.5061870e+00
 -3.0153781e-01
 -2.8420573e-02
  1.6763065e-02
 -5.8610048e-03
 -5.2014920e-03
  8.6509390e-03
  6.2960282e-04
 -8.8911215e-03
  2.1572835e-03
  8.5931318e-03
  9.8517612e-03
 -1.9713638e-02
 -1.5981894e-02
  1.2122804e-03
  3.3518325e-03
  3.5845374e-03
 -1.7562751e-02
  3.9497595e-03
 -6.4600180e-03
 -3.6922116e-03
 -4.9364055e-03
  8.9557851e-03
 -6.1667492e-03
 -1.0827064e-02
  6.4396663e-03
  1.7055745e-03
 -8.0166021e-03
 -1.0378628e-02
  1.2002404e-02
 -3.3280912e-03
 -4.5837583e-03
 -4.1350654e-01
  1.1170507e-01
  1.5888494e-01
  1.1072695e+00
 -2.8403467e-01
 -3.8312688e-02
 -6.9135828e-03
  7.0400736e-03
 -1.4872580e-02
 -1.7663179e-02
  4.0084436e-03
 -2.8774657e-03
  1.3048408e-02
 -1.4112697e-02
 -4.0448932e-03
 -1.9614492e-02
  2.7414067e-03
 -8.9671584e-03
 -4.2238594e-03
  2.1136426e-03
 -1.7469324e-02
 -4.9374229e-03
 -5.9842928e-03
  9.5771290e-03
  1.0713104e-02
 -7.7682170e-03
  9.2688156e-03
 -1.6267737e-03
  1.5277190e-03
  3.8841052e-04
 -3.0994911e-03
 -6.6336328e-03
  1.5640350e-02
 -8.7507544e-03
  3.4304271e-03
  3.5820025e-01
 -7.1121767e-02
 -1.6541013e-01
 -1.4047105e+00
  3.1477198e-01
  3.9681558e-02
 -3.4017581e-04
  1.4786262e-02
  1.6965715e-02
  4.3078647e-03
  1.2379484e-02
  6.4562857e-03
 -6.6732503e-03
 -2.7901928e-03
 -7.1803564e-03
  2.2908829e-02
  8.6590433e-03
  4.6439990e-03
 -6.7350748e-03
 -1.2535891e-03
  1.3876613e-03
  9.5449733e-03
  4.7911108e-03
  8.0535728e-03
 -8.6412840e-03
  1.4294278e-03
 -1.2033002e-02
  5.4327384e-02
 -2.9117684e-03
 -7.3463754e-03
  4.3120962e-03
 -1.5047447e-02
 -1.0780514e-02
  1.7988872e-03
 -5.6563434e-03
  1.2824735e-01
  5.9028137e-03
 -5.4324061e-02
 -1.9180305e+00
  8.9565217e-02
 -4.1520772e-05
  1.1639071e-02
 -2.0236764e-03
 -5.1307753e-03
 -5.6010517e-03
  9.7466437e-03
 -4.1165589e-03
  1.9006365e-03
 -7.1412399e-03
  9.3678357e-03
 -5.0713052e-03
 -4.0714182e-03
 -8.4211528e-03
  1.0224719e-03
 -3.1603433e-03
  2.7168309e-03
 -7.1065570e-03
 -1.4169716e-02
  7.5289207e-03
  5.2925374e-04
 -2.7174314e-03
  3.7022282e-03
 -9.9587096e-03
 -9.6971001e-03
 -8.0412338e-03
 -2.3628094e-03
  8.0851270e-03
 -3.4661901e-03
 -6.7313560e-03
  6.1872218e-02
 -3.8974789e-01
  8.6049244e-02
  1.5354653e-01
  1.4033612e+00
 -2.8715169e-01
 -4.0584616e-02
 -7.7994419e-03
 -1.3258144e-02
 -1.9809403e-02
  8.0755521e-03
 -1.2519353e-02
 -1.4617138e-02
 -5.9139915e-03
 -5.7039242e-03
 -3.9278753e-03
 -4.2267852e-03
 -1.6339343e-02
  3.2663065e-01
 -1.6393320e-03
 -1.0187830e-02
  4.4480772e-03
 -7.3586442e-03
 -9.4233397e-03
  2.7352434e-03
  4.3688049e-03
 -7.0418143e-03
 -3.0881788e-03
  2.3252359e-01
 -3.0200800e-03
 -4.5346934e-03
  5.6937644e-03
 -1.3539506e-02
  3.1603102e-03
 -3.5830908e-03
  4.7793649e-03
 -5.5190058e+00
  3.3975253e+00
 -4.3253064e+00
 -5.9342390e-01
 -1.9533217e+00
  2.0207828e-02
  1.3682188e+00
  1.3634762e+00
 -2.4754724e-01
  8.9110088e-01
  1.1803335e+00
 -2.4412839e-01
  8.0742425e-01
  1.9266111e+00
  1.0115459e+00
 -5.9243530e-01
  5.8242261e-02
  7.0591979e-02
  4.9760109e-01
  1.1426715e+00
  1.6894674e-01
  7.7044696e-01
  2.0576204e-01
 -2.7840862e-02
  3.5603261e-01
  3.8026011e+00
 -5.1469773e-02
 -2.5445016e-02
  5.2931681e-02
  6.0688120e-01
  1.1741187e-01
  2.3683099e-02
  5.9413131e-02
 -1.3352908e-01
  7.5871259e-02
 -2.2422230e+00
  8.1965074e-02
  1.6920355e-01
  1.0128644e+00
 -2.6274562e-01
 -2.8234337e-02
 -7.4309413e-03
  1.0591257e-01
 -1.8991334e-02
 -5.5546622e-04
  1.2926629e-03
 -7.6280008e-03
  5.2557737e-03
  3.7663413e-04
  1.0799789e-02
  1.6342616e-02
 -1.3086688e-02
  1.0851877e-02
  4.3799588e-03
 -1.1423159e-02
 -1.7258251e-02
 -1.7670308e-03
 -5.8856718e-03
 -7.0912484e-03
  6.5879995e-06
 -5.6886538e-03
 -8.4295850e-03
 -6.3929097e-03
  1.9268870e-03
  9.0902345e-03
 -5.6332294e-03
 -1.2924867e-04
  6.7824981e-04
 -5.7667759e-03
 -5.7447054e-03
  2.6620337e-01
  4.4722328e-01
 -9.6495610e-01
 -6.5541852e-01
  5.3156263e-01
  2.7750556e+00
  1.9359926e+00
  5.0628233e-01
  1.3030072e+00
  6.3247818e-01
 -1.8791730e+00
 -2.5334680e-01
 -6.9189921e-02
  6.3694209e-01
  9.1740078e-01
 -7.3539323e-01
 -2.4622558e-03
  3.6549095e-02
 -1.9564669e-01
  1.2960751e-01
  7.6295894e-01
  2.1138683e-01
  2.0667230e-01
  3.2830030e-01
  3.0578819e-01
  7.4531358e-01
 -1.2514207e-01
 -3.7131395e-02
 -3.9872807e-01
  3.1407833e-01
  1.3301437e+00
 -7.5300097e-02
  5.1975634e-02
  2.2916083e-01
  5.4445155e-02
 -3.7270361e-01
  1.0376729e-01
  1.6878870e-01
  1.2391206e+00
 -2.3564950e-01
 -4.3756742e-02
 -1.3385609e-02
 -1.0395193e-02
 -5.8910679e-03
 -9.4829537e-03
  2.8069215e-05
  1.6071806e-03
  1.5260776e-02
  2.0500997e-03
  2.4923324e-03
 -1.8015424e-02
 -1.9242071e-02
 -9.2840361e-05
 -1.2271896e-02
 -1.8789687e-03
 -5.1874761e-03
 -5.5118152e-03
  4.5770970e-03
 -7.2699157e-03
  3.2786129e-03
 -3.8134327e-04
  4.3742419e-03
  3.2122734e-03
 -3.1139737e-03
 -2.6431983e-02
  2.8362239e-03
 -1.4516269e-03
 -9.8017724e-03
  4.6269749e-03
 -6.8906755e-03
 -4.0320688e-01
  7.8142412e-02
  1.4822666e-01
  1.4165031e+00
 -2.7116317e-01
 -3.5371829e-02
 -2.8741716e-03
 -1.5376242e-03
 -1.0350931e-02
 -2.8718964e-03
  5.3550387e-03
 -8.4086237e-03
 -1.3307336e-02
 -5.4066204e-03
 -7.9789478e-03
 -1.8966801e-02
 -7.7706616e-04
 -1.2820090e-02
 -2.2427693e-03
  5.7495204e-03
 -6.8104784e-03
 -8.9558028e-03
 -7.2510904e-03
 -2.3614230e-02
 -7.2226180e-03
  1.1364467e-02
  9.9909864e-03
  3.4880305e-03
  1.2520960e-03
 -2.2474481e-04
 -1.7197104e-02
 -8.4395995e-03
 -3.4044629e-03
  1.4232300e-03
 -4.8576682e-03
 -4.1902533e-01
  6.4530648e-02
  1.5211146e-01
  1.4525707e+00
 -2.9635844e-01
 -2.9165221e-02
 -1.5154645e-02
 -1.3020460e-02
 -1.5038528e-02
 -1.1006132e-03
  2.9660441e-05
  1.0842537e-03
 -9.1934139e-03
  1.6041011e-02
 -1.7859265e+00
  2.8673718e-03
  2.2196488e-03
 -7.5594708e-03
 -2.3107320e-02
  1.6572785e-02
 -6.6227913e-03
 -6.4931703e-03
  1.8175560e-03
  1.0511326e-03
  6.0399203e-03
  8.8898628e-04
 -4.6334956e-03
 -5.4776026e-03
 -5.7173700e-05
  1.9606650e-02
 -5.5519515e-03
  1.1100762e-02
 -2.3012229e-03
  1.3224674e-02
  2.0266652e-02
 -4.9680474e-01
  8.1701718e-02
  1.8566914e-01
  1.3177524e+00
 -3.4249538e-01
 -3.6574304e-02
 -6.4740499e-04
 -5.3907898e-03
 -1.7307779e-02
  7.7887336e-03
 -5.0339019e-03
  5.2738371e-03
 -1.8621602e-03
 -1.8446156e-03
 -2.3719218e-02
 -3.6973514e-02
  2.6979793e-03
  5.5075223e-03
  3.4307872e-04
  2.3531709e-03
 -5.4708328e-03
  4.5216474e-04
 -1.5188260e-03
 -6.4712828e-03
  6.5423665e-03
 -1.4979086e-03
 -2.6204924e-03
 -1.2764508e-02
 -4.8682946e-03
 -1.4161243e-02
 -5.8595198e-03
  5.9720417e-03
 -9.5596875e-04
 -1.3973294e-03
  3.8619675e-03
  3.6186367e-01
 -6.2723301e-02
 -2.4335691e-01
 -1.4018348e+00
  2.8749341e-01
  3.5557386e-02
  2.0034527e-02
  5.3916307e-04
  1.3792103e-02
  1.5866498e-02
  1.1893054e-03
  9.5983101e-03
  1.2516472e-03
 -4.0442776e-03
  2.9895851e-02
  2.1693727e-02
  1.0795448e-02
  2.6615584e-02
  5.7897186e-03
  6.8057277e-03
  4.1130180e-03
  3.0993370e-03
 -5.4205395e-03
  2.1053909e-03
 -1.9483631e-04
 -2.0286844e-04
  5.5655241e-03
 -2.9761915e-03
  8.5771317e-03
  4.1838986e-04
  7.2161076e-03
 -1.5303581e-02
  2.3574911e-03
  1.7960213e-02
  2.0605914e-05
  4.0094945e-01
 -7.4910171e-02
 -1.6218138e-01
 -1.4549526e+00
  2.7936432e-01
  2.1807354e-02
 -1.8046949e-03
  1.5257620e-02
  6.8125790e-03
 -5.8705942e-03
 -3.2783214e-03
  7.6354276e-03
  1.5768446e-02
 -2.9222954e-03
  1.4280186e-02
  1.8857924e-02
 -5.0087855e-03
  2.7353431e-03
 -2.8889980e-03
  7.8453599e-03
 -4.9095275e-04
  1.1181374e-02
 -2.3167341e-03
 -2.6198097e-03
 -1.8951463e-04
 -6.5310742e-03
  2.1505803e-03
 -5.1330351e-03
  4.1656862e-03
 -7.9476042e-03
 -6.7775813e-03
  5.8964761e-03
  3.9970223e-03
  1.2744026e-02
 -7.2202696e-03
 -3.4972098e-01
  7.7657297e-02
  1.5305646e-01
  1.3480448e+00
 -2.9134274e-01
 -3.1624820e-02
  2.1010335e-03
 -3.8666963e-03
  1.8380599e-03
  5.3366423e-01
 -2.7405763e-02
 -6.1281666e-04
  4.3948800e-03
  1.1856200e-02
 -2.2678075e-03
 -1.0537614e-02
  1.7036286e-03
  1.1008097e-03
 -4.4689840e-04
 -4.4197851e-04
 -2.0681521e-02
 -1.4074124e-02
  3.9482731e-03
 -8.8471742e-03
  1.0362128e-03
 -1.7581321e-03
 -1.3395379e-03
  5.3890562e-04
 -4.5177364e-03
  1.7370831e-03
 -6.2355986e-03
  6.0631046e-03
  4.3690512e-03
 -1.8409425e-03
 -1.6396869e-02
  2.0654604e-01
  9.9156834e-03
 -1.7326158e-01
 -1.4811397e+00
  3.3510879e-01
  1.8225241e-02
  2.4627906e-03
  6.2867330e-04
  1.2397536e-03
 -3.2503618e-04
 -3.9583482e-03
 -2.3094951e-03
  6.2917080e-03
  7.8605524e-05
  2.0612613e-03
  2.6052156e-03
 -5.3173639e-03
  3.6574048e-03
 -2.1459251e-03
  2.5204762e-03
  1.3337928e-02
  6.3668359e-03
  9.3489122e-03
 -4.0052989e-03
  3.9097015e-03
 -2.0157345e-02
 -4.4347029e-03
 -1.3102697e-02
  1.0631393e-03
 -1.7749306e-02
 -9.7174207e-03
 -5.7031480e-03
  4.4425999e-04
  1.0093935e-02
 -7.5885570e-03
  4.5826420e-01
 -7.2610825e-02
 -1.7048828e-01
 -1.4799906e+00
  3.5988978e-01
  4.1692320e-02
  2.7729899e-03
  6.9910362e-03
  2.0170074e-02
  5.8670877e-03
  6.1945347e-03
  9.1591291e-03
  1.0198172e-02
  2.5612847e-03
  4.5658727e-03
 -3.8634692e-03
  1.5621646e-02
  3.2338458e-03
 -1.2930573e-02
 -3.5628243e-03
  9.8828357e-03
  1.6651245e-02
  1.3079400e-03
 -2.4161858e-03
  1.5296219e-02
 -3.0659458e-03
  9.6216826e-03
  1.5218632e-03
 -5.0110826e-03
  1.7933433e-03
  9.7174868e-03
  9.2248368e-04
  6.4005912e-03
  4.0195975e-03
  4.2987783e-03
 -7.5359128e-02
 -8.8465549e-02
 -2.6321871e+00
 -1.0706684e-01
  9.2756040e-02
 -8.6283617e-02
 -2.0068325e-02
 -6.1885178e-02
 -1.0888950e-01
  9.3777001e-02
  1.2995598e-01
 -1.1834024e+00
 -8.7645963e-02
  8.0519721e-02
  9.4653696e-02
  1.0214989e-01
  8.8013798e-02
 -1.1739194e-01
  7.1517847e-02
 -1.2957200e-01
  7.5656049e-02
 -7.9558626e-02
 -6.1581954e-02
  2.1137328e-01
  9.5170945e-02
  5.7822820e-02
 -6.4975604e-02
  1.9250300e-02
  7.1682379e-02
 -1.1398075e-01
 -7.5036323e-01
 -1.2858672e-01
 -9.5780708e-02
  1.2474859e-01
  1.1698166e+00
  1.8211439e-01
  6.6814251e-02
 -7.3161066e-02
 -7.1569361e-02
 -4.3199308e-02
 -2.3283117e-02
  4.0744148e-02
  1.8368355e+00
  9.1577686e-02
  1.1436655e-01
  3.0162303e+00
  8.9177728e-02
  1.0282955e-01
  9.5656492e-02
  5.9038442e-02
 -2.5262177e-01
 -1.0621720e-01
  5.2396715e-02
 -1.5533495e-01
 -8.1203230e-02
  1.1774154e-01
 -1.1309516e-01
 -9.1869056e-02
 -4.9396738e-02
 -1.0520656e-01
  4.5984976e-02
 -1.0908872e-01
  4.4230595e-02
  1.3285822e-01
  1.0040368e-01
 -8.7760657e-02
  2.7867720e-02
  9.6060798e-02
  5.0768352e-01
  1.4845091e-01
 -2.4121763e-01
  8.9217879e-02
  1.0773437e-01
  6.6168450e-02
  1.2397199e-01
 -4.1913908e-02
 -6.5146752e-02
  6.1574262e-02
 -1.4775066e-01
 -1.1781801e-01
  4.0229144e+00
  3.4145205e+00
  3.5023162e-01
  2.0059776e+00
 -5.6728764e+00
  8.1112176e-01
  5.4160714e+00
  3.4146070e+00
  2.8647075e+00
 -6.8178697e+00
 -7.5857725e+00
  2.8079872e+00
  5.5425553e+00
 -2.9764297e+00
 -2.6729112e+00
 -2.5176749e+00
 -3.9342446e+00
  3.8928585e+00
 -2.9121053e+00
  2.8139770e+00
 -3.3779544e-01
  1.0572397e+00
  2.2641408e+00
 -1.3769217e+00
 -2.3679883e+00
 -1.7099725e+00
  2.3903387e+00
 -1.0422288e+00
 -3.8725924e+00
  1.5768746e+00
  6.7940488e+00
  2.0613978e+00
  3.5010264e+00
 -3.5336359e+00
 -1.8787264e+00
 -2.4941454e+00
 -2.8624001e+00
  4.1409025e+00
  5.8859277e+00
  1.6951133e+00
  3.2626727e+00
  3.5575795e+00
 -2.3851363e-01
 -1.1314466e+00
 -1.5990157e+00
  5.1393676e-01
 -3.7645066e+00
 -4.0477381e+00
 -2.9585960e+00
 -1.8441848e+00
 -4.5871739e+00
  1.4735227e+00
 -3.7143321e+00
  1.7875687e+00
  2.6854024e+00
 -3.0384302e+00
  2.4626398e+00
  1.9965894e+00
  3.5214915e+00
  3.4251782e-01
 -8.8183963e-01
  3.6757755e+00
 -1.7018037e+00
 -5.3397160e+00
 -4.4275942e-01
  3.4826012e+00
  3.5140917e+00
 -2.6572950e+00
 -5.0044603e+00
 -5.4633532e+00
  3.6246996e+00
 -6.9632131e-01
 -3.2179072e+00
 -3.7875297e+00
 -2.4931712e+00
  2.9602289e+00
  3.6288526e+00
 -1.9560012e+00
  4.4971099e+00
  6.6858106e+00
 -5.1584411e-01
 -4.6993920e-01
 -1.6616793e+00
  1.3504961e+00
  2.5202337e-01
  5.3481082e-03
  9.8937182e-03
 -6.2562979e-04
  8.8012796e-03
 -2.0956937e-02
 -1.4839748e-02
  1.7865477e-02
  2.0469423e-02
  1.5836156e-03
  1.4887493e-03
  3.8267601e-02
  5.6974269e-03
  9.2543120e-04
  7.1764658e-03
  2.1473963e-02
  1.3792760e-02
  2.5105679e-03
  3.6170048e-01
  6.4989612e-03
 -1.0561140e-02
  9.8194955e-03
 -8.5093901e-03
 -1.8956616e-03
  9.7782481e-03
 -4.4482322e-03
  1.1956876e-02
 -4.8100399e-03
  1.1346125e-02
  8.7028136e-04
  2.9558697e-04
 -5.4089594e-01
 -1.2974646e+00
 -9.9268317e-01
  8.5874104e-01
  3.0205595e-01
  4.0134061e-03
 -8.2560582e-03
 -8.6965235e-03
  2.6953768e-03
 -1.3059645e-02
  1.9013704e-04
  5.4183411e-03
 -8.8294670e-03
 -6.2209740e-03
 -9.2621613e-03
  9.4919484e-03
  7.3720929e-03
 -1.0481327e-02
  1.3693186e-02
  5.9871883e-03
  2.1477567e-03
  3.9840201e-03
 -1.4049876e-02
 -1.9857422e-03
  1.6874644e-03
  1.6427288e-02
 -6.5947142e-03
  7.7379528e-03
 -4.7432850e-03
  9.4533935e-03
  8.8623418e-03
 -1.5581219e-03
 -2.0324795e-02
 -3.9246385e-03
  2.1125020e-03
  5.8855301e-01
  1.4057224e+00
  8.4981495e-01
 -8.5257536e-01
 -2.3132055e-01
 -2.5501927e-02
  1.0190893e-02
  4.7969609e-03
 -5.8465302e-03
  6.0781105e-03
 -1.0641713e-03
 -9.0166517e-03
 -1.1340276e-02
 -5.0522193e-02
 -1.6957803e-02
 -1.0054143e-01
 -1.1207750e-02
 -7.4353269e-03
 -2.2098336e-03
  1.9470537e-03
 -4.6795633e-04
 -1.1991944e-02
  1.7665313e-03
 -9.9802846e-03
 -1.4742472e-02
 -1.8143206e-03
 -1.7352885e-03
 -3.0019304e-03
  2.3845774e-04
  4.0041860e-03
 -4.4405619e-03
 -3.8168968e-03
  3.9910870e-03
 -1.1547089e-02
  1.4069508e-03
 -3.7174904e-01
 -1.4480735e+00
 -9.1994780e-01
  6.1958569e-01
  2.8755170e-01
  1.0874568e-03
 -2.6102362e-03
  2.6559469e-03
 -3.8133878e-03
 -1.8548861e-02
 -5.2848663e-03
  2.1729970e-02
  3.8693922e-03
  1.6384985e-02
  7.0175650e-03
  2.3612492e-02
 -1.3347635e-03
  7.9131713e-03
  3.3667352e-02
  9.4704460e-03
 -1.7797770e-03
  2.8073313e-03
 -5.8704251e-03
  5.6784786e-03
 -1.7212931e-03
  5.3348346e-03
  3.4792086e-03
 -3.9464361e-03
  8.8423751e-03
 -6.4287977e-03
  7.8653647e-03
  4.3618116e-03
  3.9841910e-03
 -2.6420581e-03
  6.1622025e-03
  3.3132622e-01
  1.2545133e+00
  7.0380181e-01
 -7.2914016e-01
 -4.2774934e-02
 -9.1687491e-04
 -8.2817478e-03
 -5.2625341e-03
  1.2642296e-03
  9.7893374e-03
 -3.2103425e-03
 -4.0386464e-03
  4.2007179e-03
 -1.0169954e-02
 -2.1496220e-02
  2.3766493e-03
 -3.9407872e-03
  6.5045743e-03
 -4.1012447e-03
 -6.6979462e-03
  2.3664024e-03
 -5.9132237e-02
 -1.2480532e-02
 -1.5177097e-02
  1.7219741e-02
  3.7530400e-02
 -5.0653513e-03
 -7.5886939e-03
  2.5445817e-03
 -1.2777921e-02
 -4.1202917e-03
 -5.8725826e-03
  7.0729740e-03
  2.9255336e-03
  6.7898431e-03
 -6.0883230e-01
 -1.0918386e+00
 -7.2728813e-01
  7.9734808e-01
  1.7476018e-01
  1.8949762e-02
 -5.8593496e-04
 -2.3277032e-03
  2.2135830e-02
 -1.2563688e-02
 -1.1523815e-02
  8.8999560e-03
 -8.3370917e-03
 -1.0651932e-02
  1.2560521e-02
  3.2368768e-02
 -9.3551278e-03
 -4.4047190e-03
  1.1883393e-02
  1.8215502e-02
  8.1318030e-03
 -7.3863746e-04
 -4.8845452e-03
  7.5032623e-03
  1.6833557e-03
  2.5532346e-03
  8.1961919e-03
  3.6891014e-03
 -3.0538717e-03
 -8.1392480e-03
 -1.0049487e-02
 -1.5647851e-04
 -1.3215736e-02
 -1.1258568e-02
 -1.2215605e-02
  1.0949547e+00
 -7.4120998e-01
  9.0717041e-01
  1.3021367e+00
  2.3189452e-01
  1.1534170e+00
  2.3871949e+00
  9.6226496e-01
 -4.4530126e-01
 -2.2302198e+00
  1.8598931e-01
  1.1529328e+00
 -8.0756861e-01
 -5.5397207e-01
  5.5413026e-01
 -1.3737067e+00
  3.4760675e-01
  8.9101896e-02
  6.7289096e-01
  6.3679963e-01
 -1.1351563e-02
  1.8040054e-02
  5.6502658e-01
  1.6311403e-01
 -8.1404142e-02
  3.5702857e-01
 -3.3203197e-01
  1.1553904e+00
  2.2652413e-01
 -2.1098076e-01
  3.7260015e-02
  1.6005570e-01
  2.4999863e-01
 -2.6513973e-01
 -2.9261890e-01
  1.0023611e+00
  2.5130820e-01
  4.3865055e-01
 -7.4382234e-01
 -3.2806723e+00
 -4.0327820e-01
  2.4315174e-01
 -3.9476436e-01
  1.4052999e+00
  1.1830534e+00
  1.6285841e-01
 -6.4661972e-02
  7.5749713e-01
  1.6849266e+00
  9.6308090e-02
  6.7401268e-02
 -1.0645316e-01
  1.3342011e-01
  4.6123454e-01
  2.0659260e-01
 -6.3415520e-02
 -1.9899040e-02
  2.5898775e-01
  2.2432043e-01
  8.8245958e-02
 -4.9262810e-02
  1.8850987e-01
 -5.3534128e-02
  5.5805570e-01
 -3.0153111e-02
 -8.1154238e-03
 -8.5745268e-02
 -1.3987194e-01
 -1.6882364e-01
  6.5849990e-02
  2.5205687e-01
  1.9832326e+00
  2.5165612e-01
 -4.1309133e-01
 -1.0909247e-01
 -4.9267658e-03
 -1.5715826e-02
  5.0449376e-03
 -8.7141671e-05
  2.0391963e-02
 -3.1539105e-02
 -7.0257089e-03
  1.6699893e-03
 -4.3857000e-03
 -1.5261313e-02
 -1.3591125e-02
  1.4056467e-03
 -1.2855744e-02
 -1.5827445e-02
 -2.7182505e-02
 -3.5246050e-03
 -2.5297699e-03
  1.6799970e-03
 -5.7608862e-03
 -1.1124870e-02
  5.3403000e-03
  2.1099027e-03
  1.1321477e-02
  5.9777331e-03
  1.3973432e-02
 -2.0218766e-03
 -6.1714798e-03
 -1.9366222e-03
 -1.0025152e-03
  1.3634184e-02
  5.3803599e-01
  1.4086233e+00
  7.8244334e-01
 -7.4417454e-01
 -2.2725463e-01
 -2.5235267e-02
  7.7008730e-04
  1.1921862e-02
 -6.2697162e-03
  3.1373731e-03
 -1.8689446e-03
 -1.5391862e-02
 -1.9642439e-01
 -3.1806894e-03
  3.7613972e-03
 -4.6068605e-02
 -3.8198438e-03
 -4.3062554e-03
 -2.7647587e-02
 -1.5042822e-02
  8.4436784e-04
  2.8576907e-03
  2.8451527e-03
  1.1927693e-02
 -1.0612533e-02
 -1.6377233e-02
 -1.1985992e-02
 -4.0199962e-03
 -5.6222398e-03
  3.9505595e-03
  1.0935661e-03
  7.5225700e-03
  4.0633073e-03
 -5.1573496e-03
  9.2763631e-03
 -4.4885921e-01
 -1.0542028e+00
 -1.0901767e+00
  6.9805080e-01
  1.0972935e+00
  7.2756647e-03
  1.1796826e-02
  6.4820158e-03
  1.3418380e-02
 -7.5447191e-03
 -9.2105689e-03
  1.4818244e-02
  1.7574357e-02
 -1.3423367e-02
  1.5195060e-02
 -9.1249878e-03
 -7.8145452e-03
  2.0226652e-02
  4.2268779e-02
 -5.0835717e-03
  4.6913228e-03
  1.6734455e-02
 -1.0189802e-03
  6.7761930e-04
 -2.2554586e-03
  4.5626545e-03
 -3.9599510e-03
 -5.0372113e-03
 -5.9051351e-03
 -4.5973114e-03
  1.5526373e-03
  7.5642741e-03
 -1.2912354e-03
 -8.7755872e-03
 -7.4664126e-03
  6.2838542e-01
  1.1551942e+00
  9.7104245e-01
 -1.1007417e+00
 -2.4314258e-01
 -3.7583043e-03
  5.2656410e-03
 -5.7104533e-03
 -3.1215461e-02
  1.0320229e-02
  2.1204427e-02
 -4.3197582e-03
  2.8525449e-02
  1.2115864e-02
  7.6779420e-03
 -3.3991035e-02
  8.3511230e-04
  1.0527367e-02
 -3.7398275e-03
  1.5148325e-04
  8.0632893e-03
 -2.4671168e-03
  1.0546516e-02
  8.9795487e-03
 -2.9486874e-03
 -1.8993562e-02
  1.1734228e-02
 -1.1144714e-02
 -8.4316591e-04
  4.0606237e-03
  2.8576201e-03
 -4.7539489e-04
 -6.6636959e-03
  3.6048896e-03
 -5.1272707e-03
  3.3637819e-01
  1.2099794e+00
  1.0738736e+00
 -8.6777097e-01
 -2.6384136e-01
 -9.9990182e-02
 -7.2485036e-03
  1.5975875e-03
 -1.4631599e-02
  2.7954847e-02
  6.7681340e-03
 -1.3545535e-02
 -1.0087286e-02
 -5.4575913e-03
 -3.0218784e-03
 -2.3203766e-02
  2.0693308e-03
  4.3659215e-03
 -1.2375374e-02
 -8.5918902e-04
 -1.3443567e-02
 -4.8297658e-03
  1.2180082e-02
 -3.3067763e-03
  2.1479789e-03
 -1.3149737e-02
  1.7801231e-03
 -3.6217200e-03
 -6.3863234e-03
  1.5739599e-02
 -8.4001496e-03
 -5.9228907e-03
  9.9364454e-03
 -4.4315192e-03
  7.5060094e-04
 -3.7989111e+00
  1.9291843e+00
 -1.8896554e+00
 -3.9605329e+00
 -1.5308454e+00
 -1.9173510e-01
 -9.4526894e-03
 -3.8847953e-02
 -8.8463157e-02
  5.2376483e-02
  1.1394811e-02
  6.9028889e-03
 -7.9227850e-02
  6.5317519e-02
 -5.5447809e-02
 -4.9742706e-02
 -4.5080143e-03
  3.7782501e-02
  2.5613238e-03
 -3.1157756e-02
  5.1110525e-02
 -1.1194260e-02
  3.1084139e-02
 -2.7419034e-02
  1.4909561e-02
 -4.0491287e-02
  1.8717477e-03
  4.6210159e-02
  4.7458145e-03
  3.5702791e-02
 -9.6496912e-03
 -9.6106273e-04
 -2.9315634e-04
  9.2648529e-03
  2.7120081e-03
  2.5791883e-01
  1.2520574e+00
  7.9752719e-01
 -7.7480805e-01
 -3.3205566e-01
  7.7088848e-03
  5.6730155e-03
 -8.2331998e-03
 -1.7658859e-02
  2.4505561e-02
  4.7750259e-03
 -1.2858411e-02
  4.9369265e-03
 -6.2513822e-03
 -1.9177267e-02
 -4.7555104e-02
 -7.5566433e-03
 -1.4363305e-02
 -5.1815882e-03
 -2.9566674e-02
 -4.9646955e-04
  6.7642289e-03
 -3.8860412e-03
 -6.9482755e-03
 -2.5651857e-04
  9.0817868e-04
  3.4277523e-03
  8.1546437e-03
 -1.4728939e-03
 -1.1360114e-02
 -1.0588994e-03
 -7.7624028e-03
  2.3748307e-03
  4.1457913e-03
 -1.0693878e-03
 -4.5010349e-01
 -1.2124259e+00
 -8.4235078e-01
  7.3869097e-01
  2.4730179e-01
  1.3658656e-02
  2.0267209e-02
  1.6849704e-02
  2.2270750e-02
 -1.1149648e-02
  1.4410251e-02
  9.2363479e-03
  1.2030916e-02
  1.5568904e-02
  1.7074456e-02
  4.5775142e-02
  1.9076058e-03
  7.8944396e-03
  1.9484194e-02
  2.3102762e-02
  1.0028587e-01
 -3.6897339e-04
  1.8324539e-03
  1.0587033e-02
  2.2072913e-02
 -1.8169681e-03
  1.1002313e-04
 -1.2402195e-02
 -7.1902119e-02
 -1.4434195e-03
  9.3579842e-03
  6.7464593e-03
  7.5058076e-03
 -1.4588670e-03
 -1.6844543e-02
 -2.7961349e-01
 -1.4540489e+00
 -6.7820424e-01
  1.5318055e+00
  1.7878969e-01
  4.0001675e-02
  2.4986846e-04
  7.2603225e-04
  1.2682115e-02
  1.5663903e-02
  6.4514745e-03
  1.2893193e-02
  5.1320414e-03
  7.3266765e-03
  3.7615793e-03
  5.1311232e-02
  6.2874444e-03
 -5.9008696e-03
 -3.5300218e-03
  2.3246063e-03
 -3.0960434e-03
  7.3742801e-03
 -4.2075962e-03
  1.2569674e-02
  8.4254816e-03
  7.4490481e-03
  4.1046369e-05
  6.3455706e-03
 -7.8009482e-04
 -3.6545391e-03
 -2.5311101e-03
 -1.5295124e-02
 -8.7323104e-04
 -5.4043871e-03
  6.1897561e-03
  6.5534776e-01
  1.0825913e+00
  9.4561636e-01
 -8.9383101e-01
 -2.0007126e-01
  2.8728774e-02
  1.1928496e-02
 -1.6621264e-02
  3.6745138e-02
  7.7491537e-02
  1.5500953e-02
  2.0931573e-03
 -5.4533617e-03
  2.3159012e-02
  4.5669165e-02
  1.4175227e-02
  6.3163172e-03
  7.0981123e-02
  3.0065628e-02
  1.1130465e+00
  1.5837884e-02
  3.2734389e-03
  9.3785385e-03
  1.2483401e-02
  6.8907171e-02
  3.5374857e-02
  2.4010668e-02
 -2.6109999e-02
  1.3218564e-02
  3.3255864e-03
 -9.1009019e-03
 -8.4428173e-03
 -2.6141012e-03
 -5.1968959e-03
  9.7982893e-03
  5.7712615e-01
  1.2039928e+00
  1.1939235e+00
 -8.5717428e-01
 -1.6961180e-01
 -2.2062477e-02
 -6.3846142e-05
  1.2189504e-02
 -2.0012977e-02
  7.7337129e-03
  9.2367176e-04
 -6.6161626e-03
  6.5437905e-03
 -7.8896809e-01
  1.1230158e-01
 -3.4778863e-02
 -1.5441584e-02
  3.8741848e-03
 -4.7923712e-04
 -6.4838440e-03
 -3.2551736e-02
  8.8585988e-03
  8.2708849e-03
  1.9362066e-03
 -1.5935486e-02
  7.8339912e-03
  7.8355311e-04
  1.1553070e-02
  4.8660249e-03
  6.7014532e-04
 -1.6277175e-02
  5.3730384e-03
 -5.7063927e-04
  2.8711618e-03
  7.6166783e-03
  1.3165696e-01
  1.5525057e+00
  8.2557702e-01
 -7.6745021e-01
 -2.6451218e-01
 -1.7046183e-02
  3.1249474e-03
 -1.9872133e-02
  3.9130156e-03
 -2.4601617e-03
 -1.6350795e-02
 -1.1665656e-03
 -6.5269344e-04
 -1.1679149e-02
 -9.0483977e-03
 -1.5061495e-02
 -6.5464070e-03
 -1.3333597e-02
 -3.6088157e-02
 -3.9151445e-02
  2.3122483e-03
  3.7862346e-02
  6.9849561e-03
  6.6476018e-04
  1.0655952e-02
  1.6083268e-03
  6.4406358e-03
 -1.0804337e-02
  6.9659627e-03
  1.2453237e-02
  4.6318322e-03
 -2.0307696e-03
  3.2412168e-03
  3.4447457e-03
 -5.1428410e-03
  3.3267242e-01
  1.2442417e+00
  1.0047910e+00
 -9.8107827e-01
 -1.0905891e-01
 -2.3118583e-03
  5.8961706e-03
  7.5611967e-04
 -8.8045988e-03
  1.3986517e-02
 -3.3458995e-03
 -8.3661787e-03
 -7.9596927e-03
  9.6448343e-03
 -8.4368447e-03
 -4.2168934e-02
 -3.4771697e-03
 -3.2340477e-03
 -4.8125009e-03
  1.3157262e-02
 -2.9787305e-03
 -3.7076410e-02
  1.1635508e-02
  1.2604634e-02
  8.2200151e-03
  3.6474140e-03
 -4.4543748e-03
 -4.0061888e-03
  9.9970598e-04
  8.1778402e-03
  1.2424325e-02
  5.0404068e-04
  6.3106888e-03
  5.2003656e-03
  7.9804873e-03
 -2.5398009e+00
  4.9941349e-01
  1.0153562e+00
  3.0668285e-01
 -1.7931097e+00
  4.7451901e-01
  1.0590265e+00
  2.8307581e+00
  7.5543022e-01
 -1.0605347e+00
 -2.4473913e+00
  7.0023090e-02
  2.2669949e-01
 -4.1236579e-01
 -3.0562994e-01
 -1.7206629e-01
 -2.3314783e-03
 -4.5189136e-01
 -2.5990630e-02
 -9.4951272e-02
  2.0863798e+00
  3.2117426e-01
 -1.2465855e-01
  4.0709171e-01
  8.7581122e-01
 -8.6965799e-02
  5.5171466e-01
 -2.5520260e+00
 -3.3478126e-02
  2.0745145e-02
 -2.0409336e-02
 -1.6471844e+00
  6.9240046e-01
 -1.4374463e-02
 -2.4581106e-02
 -5.7467461e-01
 -1.4633276e+00
 -7.0995283e-01
  9.9522251e-01
  2.8278971e-01
 -1.4782961e-02
  1.4571040e-02
 -1.3054326e-03
 -2.4320129e-03
 -1.7759439e-02
 -1.5491139e-02
  2.4215162e-02
 -2.2518993e-03
 -2.8938040e-04
  2.0100763e-03
  2.8178329e-03
 -4.8126183e-03
  4.2242240e-03
 -2.1220280e-02
  5.8127772e-03
 -7.8155948e-03
  6.5961033e-03
 -1.8990891e-04
  3.5628356e-05
  1.9122567e-03
  1.5193149e-02
 -6.7376243e-03
 -1.4967454e-02
 -4.0849606e-03
  4.8212325e-03
 -7.0216870e-03
 -2.0535339e-03
  4.2755185e-03
 -4.0813009e-03
 -3.9003887e-03
 -9.1854590e-01
  1.8574384e+00
 -7.2717971e-01
  1.8274065e+00
  2.0099576e-01
 -3.7721258e-01
 -2.4405694e+00
 -1.5453483e+00
 -7.0194072e-01
 -1.0278982e+00
 -8.7419128e-01
 -3.5627773e-01
 -3.2175970e-01
  1.2257669e+00
  3.6585534e-01
 -1.1237779e+00
  3.0486050e+00
  1.5774652e+00
 -1.5211738e+00
 -1.1102277e+00
 -3.3020740e+00
 -1.3346395e+00
 -1.9604330e+00
 -2.3653598e+00
  1.2491194e+00
 -4.8258957e-01
 -3.0932054e-01
 -2.1290057e+00
  9.3463546e-01
 -2.1057539e+00
  2.4558146e+00
  1.2720966e+00
  2.7222979e+00
 -7.6633918e-01
  8.8461764e-02
  4.7397310e-01
  1.3094312e+00
  1.0901588e+00
 -8.2078356e-01
 -2.3800863e-01
 -1.8761041e-02
 -1.3313593e-02
 -6.5054209e-03
  1.1876075e-03
  1.3081126e-02
 -1.4333360e-02
 -1.1810065e-02
 -1.3441710e-02
  2.6735270e-02
 -9.0024881e-03
 -8.1239995e-03
 -5.9365207e-01
 -6.9250646e-03
 -7.9733701e-03
 -4.6850715e-02
 -1.4094824e-02
 -2.8856446e-03
  1.2528673e-02
 -2.5641777e-02
 -6.1171730e-03
 -1.7952086e-02
 -1.1422924e-03
  8.3539635e-03
 -1.2595003e-03
  1.1041082e-02
 -7.9583172e-03
  6.8792311e-04
 -9.4161945e-04
 -1.7995646e-04
 -4.3467344e-03
  2.7412169e+00
 -4.1864175e-01
  9.2430890e-01
  7.2023976e-01
  4.0160575e+00
  3.3533540e-01
 -1.8532620e-01
 -1.4903077e-01
  1.5977079e-01
  9.3786734e-01
 -1.2453973e+00
  2.4255887e-02
 -1.3146147e+00
 -2.6136348e-01
 -2.4158008e+00
  8.3799422e-02
 -7.1870074e-02
  6.6660768e-01
  4.6552765e-01
 -3.7840705e-02
  3.6766961e-01
 -8.9482598e-02
 -3.2051685e-01
  4.8910043e-01
 -1.3493805e+00
  1.5666271e+00
  3.7188325e-02
  1.2167819e+00
  5.1178299e-02
 -8.9346468e-02
 -1.8640906e-03
  1.9770442e-02
 -1.2303862e-01
 -6.1394874e-02
 -1.1192854e-01
 -4.1813949e-01
 -1.1812644e+00
 -8.7225145e-01
  8.4816581e-01
  2.9702571e-01
  1.1478537e-02
  1.5593887e-02
  5.0383126e-03
  6.6154357e-03
 -1.4062340e-02
 -5.6377337e-03
  1.5854636e-02
  3.3296049e-03
 -6.2145251e-03
  3.7152166e-03
  1.5123027e-02
  6.3118143e-03
  6.7636133e-03
  2.7632158e-02
  3.4444068e-02
 -9.2654107e-03
 -2.8440168e-03
  7.9475539e-03
  5.4372652e-03
 -4.8689251e-03
  1.2810677e-03
  5.3129587e-03
 -1.5708731e-02
 -6.2658120e-04
  6.1892858e-03
 -1.0153997e-02
  7.2180661e-03
 -5.4180152e-03
  7.5251033e-04
  8.3518671e-03
  3.1739113e-01
  7.9625171e-01
 -5.5229765e-01
  1.1957316e+00
 -3.6209717e+00
 -2.2558954e+00
  6.2200516e-01
 -3.4028587e-01
 -6.7674226e-01
  2.6696405e+00
  1.7346339e+00
 -4.8194524e-02
  1.8833015e+00
 -3.7430790e-01
  4.7379594e+00
  6.1749172e-01
  6.0970771e-01
 -4.1569713e-01
 -6.1141491e-01
  1.4344923e+00
 -1.3681784e+00
  1.6936681e-01
  3.8770244e-01
 -6.0140330e-01
  1.9409887e+00
 -6.9056034e-02
  1.9856125e-02
 -2.4214125e+00
 -1.9106482e-01
  3.9195412e-01
  2.8848872e-02
 -4.8755672e-02
  1.2569031e-02
 -1.3289282e-01
  2.4076730e-01
 -1.6144249e-01
 -1.1177217e+00
  1.2388073e+00
  1.8815863e+00
  7.1984100e-01
 -1.7816836e+00
 -3.5203651e-01
 -1.2845268e+00
  6.3674176e-01
 -2.9784432e-01
 -3.9320484e-01
 -1.6121174e+00
 -6.3460314e-01
  1.2161826e+00
  1.5877769e+00
 -4.1779089e-01
  3.9221239e-01
 -6.6026133e-01
  2.1305662e-01
  1.5791702e-01
  5.7785362e-01
  7.0508070e-02
 -1.0781546e+00
 -6.5625769e-01
  1.5532317e+00
 -1.9432083e-01
  4.2331025e-01
 -3.9125901e-02
  8.1731737e-02
  5.0002629e-01
 -5.5707026e-01
 -4.5715818e-01
  1.0185647e-01
 -5.7410710e-02
  5.6091018e-02
  1.1943723e+00
  1.2305173e+00
  6.6822016e-01
 -6.8581945e-01
 -5.0990134e-02
 -7.3681609e-03
  4.9906825e-03
  1.5081586e-04
  6.3334351e-06
  3.2186508e-02
  8.1070662e-03
 -8.8994444e-04
  4.9795862e-02
 -1.7782750e-02
 -3.0024054e-02
 -4.6073604e-02
 -2.0758531e-03
  7.4397856e-03
 -1.1770185e-02
 -2.7041223e-03
 -2.0417353e-02
 -2.2623981e-03
  4.1512195e-03
 -1.1258414e-02
  6.3917441e-03
  7.7195102e-03
  3.8482756e-03
 -1.8159812e-02
 -8.7896729e-04
  1.3867482e-02
 -3.8413287e-03
  2.2175182e-03
  2.2160574e-03
  7.8383684e-03
  8.7214895e-03
  3.1178042e-01
  1.5926220e+00
  8.3210343e-01
 -9.6624458e-01
 -2.4989116e-01
  4.0032589e-03
 -6.3295597e-03
  4.8132804e-03
 -6.0927179e-03
  1.9289749e-03
  1.9327257e-02
 -1.9684859e-02
 -2.6003991e-03
 -8.2438262e-03
 -1.7183131e-02
 -4.8754662e-02
 -1.1247180e-02
 -1.0721818e-02
 -5.4213041e-03
 -2.0012701e-02
 -1.5971968e-02
  3.9116424e-03
  7.4106259e-03
 -7.5343866e-03
  2.7080794e-04
 -2.7467571e-03
 -2.1172429e-03
 -1.8708605e-02
  2.4827309e-03
  4.3847961e-03
  4.1253520e-03
 -2.3859628e-03
  7.1827848e-03
  3.8446535e-03
  2.2347339e-03
  5.0424266e-01
  9.3356484e-01
  9.4466054e-01
 -5.7911444e-01
 -1.3062973e-01
  2.0340463e-02
  5.9969216e-03
 -1.0237196e-02
 -7.6274732e-03
  2.8020551e-02
  2.1681331e-02
 -6.5111760e-03
 -3.3891362e-03
  4.0621292e-03
  2.4939894e-03
 -6.0545072e-02
 -2.9719004e-03
 -3.5709611e-03
 -3.9335784e-02
 -2.1147251e-02
 -1.8080441e-02
 -1.1334066e-02
  2.4462692e-03
 -9.3286848e-03
 -1.3121220e-01
 -7.3537608e-03
  7.6889843e-03
 -4.1647861e-03
 -1.8867522e-03
 -1.6213758e-02
 -6.2653380e-03
  5.4895356e-03
  5.3207339e-03
  4.5080488e-03
  1.6877918e-02
  1.6097063e-01
  3.2284677e+00
  1.7540471e-01
 -1.5622307e-01
 -7.6405197e-02
  4.7715159e-05
 -2.7780111e-03
 -1.3648570e-03
 -1.4684401e-02
 -1.4307552e-02
 -1.6447840e-02
  1.3641153e-02
 -2.9746760e-03
  2.4812758e-01
 -6.7973736e-04
 -9.2571685e-03
 -1.0559406e-02
  4.2909589e-03
 -6.1833761e-03
 -1.8902140e-03
  1.7928658e-03
  2.0859744e-03
 -3.3943353e-03
 -6.7498465e-04
  7.7405747e-04
  1.5149284e-03
  8.0492320e-03
  2.4454452e-03
 -6.8388353e-03
 -3.3116830e-03
 -5.6635095e-03
  1.1574022e-02
  2.0865302e-03
 -2.4763895e-03
  3.5284923e-03
 -4.4474691e-01
 -1.0814147e+00
 -8.7741876e-01
  8.5128504e-01
  1.7675516e-01
  1.8786881e-02
 -1.8445218e-02
 -1.2479727e-02
  1.9607781e-02
 -4.2023910e-03
  8.3712011e-04
 -2.3174975e-03
 -3.0616442e-02
  9.2363860e-03
  1.4982684e-02
  6.2737100e-02
 -1.9357130e-02
 -1.5869897e-02
  3.7322300e-03
  3.6917172e-02
  5.4488364e-03
  6.3595967e-03
  1.3142835e-01
  1.1205902e-02
 -1.9069303e-02
  1.5439398e-02
  1.7852947e-03
  4.7984291e-02
 -1.3987272e-03
  1.1460328e-02
 -2.2203312e-03
 -1.4771831e-02
 -1.0007170e-02
  4.3018172e-03
 -6.4737648e-03
 -4.3278089e-01
 -9.3671042e-01
 -9.3845296e-01
  7.7303708e-01
  4.2031136e-01
  1.2134833e-02
  3.9624525e-03
  3.4450680e-02
 -3.1796146e-05
 -1.5336191e-02
  5.6273574e-03
 -1.1329704e-03
  2.1662889e-02
 -8.2687633e-03
 -2.5871245e-03
  2.4761233e-02
  2.5659965e-05
 -7.0168721e-03
  5.6651313e-02
  7.4195145e-03
  8.0936458e-03
 -7.0269662e-04
 -2.4236476e-03
 -1.3542389e-02
 -2.5326164e-02
  2.9377388e-03
  8.9136278e-03
  1.5562667e-03
  7.9698057e-04
 -1.5021682e-01
  3.5133602e-03
  3.6829789e-03
 -1.1262286e-03
  1.3956279e-02
  5.4527080e-04
 -6.0318500e-01
 -1.2410444e+00
 -8.6253452e-01
  1.3633617e+00
  2.1320923e-01
  1.0229820e-02
  1.4826147e-02
  1.4785486e-02
  3.9625941e-03
  7.9065003e-03
 -1.3278016e-02
  1.6968371e-02
  2.4812028e-03
  1.6071348e-02
 -7.3201549e-03
  8.7612823e-02
  6.9111232e-03
  3.8243446e-04
  4.0134769e-03
  4.6908997e-02
  2.9882456e-03
  1.1009644e-02
 -6.6125114e-03
  2.2029467e-02
  7.6816375e-03
 -1.5804337e-02
 -7.4503873e-03
  2.0253163e-02
  1.0807610e-02
 -3.2084277e-03
  3.5719068e-03
  6.2176068e-03
 -3.8333109e-03
 -3.1887332e-03
  1.2980524e-02
 -3.7935680e-01
  1.1605234e+00
 -6.4837551e-01
 -4.1899219e-01
  2.9715648e+00
  3.8146505e-01
  1.0042826e+00
 -3.5325184e-01
 -2.9548211e+00
 -8.7397414e-01
  3.8360259e-01
  8.1519550e-01
  6.5748453e-01
  5.1924453e+00
 -1.5060871e+00
 -1.6259198e+00
  1.0277781e+00
 -1.8721672e+00
  2.0482713e-01
  9.6676147e-01
 -3.8798859e+00
 -3.9170294e+00
 -1.2722108e+00
 -1.1855124e+00
 -1.2973832e+00
 -6.6004831e-01
 -2.4029300e+00
  8.6119604e+00
  5.6972831e-01
  1.0405369e+00
 -5.0341862e-01
  1.3596029e+00
 -1.5368234e+00
  8.9709508e-01
 -7.9026595e-03
 -6.2895691e-01
 -1.5694168e+00
 -4.7471431e-01
  8.0431074e-01
  1.2252117e-01
  1.6566247e-02
  9.4431173e-03
  2.3895722e-04
 -1.9800381e-03
 -8.2582142e-03
 -2.4520889e-02
 -6.0539343e-03
 -1.0046571e-02
  7.5101252e-03
 -8.9477003e-04
  4.1768351e-03
  1.3960501e-02
 -8.7654572e-03
 -2.4897488e-02
  1.3106449e-02
  5.7947221e-03
 -5.9802807e-03
  1.5726188e-01
  2.4841181e-03
 -1.8969044e-02
  7.6542324e-03
  5.9800223e-03
 -5.1547755e-03
 -4.7174785e-03
  3.5935501e-03
 -8.5638667e-04
  1.9381978e-03
 -1.1194049e-02
 -3.3369062e-03
  4.5578512e-03
  4.1482502e-01
  1.0156374e+00
  8.4956926e-01
 -6.1750591e-01
 -2.3803164e-01
 -2.0691486e-02
 -4.4506215e-03
 -1.0948001e-02
 -1.6208280e-02
  9.2066508e-03
 -6.5201852e-03
 -1.3114619e-02
  1.6257224e-03
 -8.8049527e-03
  4.5145289e-03
 -2.8063349e-02
 -1.8939043e-03
  6.7998101e-03
 -3.0124906e-02
 -1.2451061e-02
 -5.6996121e-04
  3.8478384e-03
  2.4723945e-02
 -3.5545579e-03
  1.1735224e-02
 -7.8016748e-03
 -5.9017101e-03
 -1.0378632e-02
  5.7987664e-03
  2.0668628e-02
 -1.4640952e-03
 -1.9304033e-03
 -6.1788014e-03
  4.2132670e-03
  5.5048722e-03
  5.4619384e-01
  1.1885864e+00
  1.1633060e+00
 -6.2506348e-01
 -9.7309887e-02
  3.5472595e-04
 -6.4940983e-03
 -1.4637267e-02
  2.2546461e-01
  1.2962583e-02
 -2.7990732e-03
  8.6716097e-03
 -6.6525335e-03
  3.2954179e-02
 -1.7157782e-02
 -5.6854887e-03
 -4.2349971e-03
 -7.6552466e-03
 -1.1799466e-02
 -1.5577332e-02
  4.7007754e-02
  3.0861879e-03
  5.7468191e-04
 -1.5833816e-02
  1.1257571e-02
  3.4291130e-03
 -1.0240687e-03
  2.9177947e-03
 -4.7402363e-03
  1.7575869e-02
 -1.0027396e-03
 -7.4437358e-03
 -6.6316295e-03
 -2.4248268e-03
 -1.4669648e-02
  4.2418078e-01
  8.4134340e-01
  6.4204854e-01
 -7.4350446e-01
 -3.1291533e-01
 -1.0086359e-02
  2.4220706e-03
 -1.1014743e-02
 -4.5577162e-03
  2.2596447e-02
  2.8364542e-03
 -1.9059734e-03
 -1.9247683e-03
  2.5703702e-02
  3.9984323e-03
 -4.7764950e-03
 -2.9885701e-03
  4.9292017e-03
 -1.7832182e-02
 -1.7939871e-02
 -5.6594219e-02
  1.0223700e-03
  4.2250240e-03
  1.8050555e-02
  1.2675683e-02
  5.0140789e-04
 -1.0450737e-02
 -1.3631631e-02
  2.4895212e-03
 -1.1055440e-03
 -4.7703921e-03
  6.4384765e-03
  6.5421602e-03
  6.1124686e-02
 -9.6749846e-04
 -4.6153650e-01
 -1.4293748e+00
 -1.0146240e+00
  9.7063679e-01
  3.2134748e-01
  1.2987833e-02
  1.9811770e-02
  4.5962413e-03
  1.2647710e-02
  1.8392397e-02
  8.5127363e-03
 -1.7442619e-02
  5.1161838e-03
  1.0370263e-02
  3.2250222e-02
  7.4448860e-03
 -1.0068748e-02
  5.9137344e-03
  1.0689657e-02
  1.7840555e-02
 -1.3844009e-03
  5.8337445e-03
  2.8912988e-03
  2.0741962e-03
 -1.0364559e-02
 -6.2426557e-03
 -2.2439486e-03
  1.3892395e-04
  1.2414081e-03
 -6.9527188e-03
  7.8835320e-03
 -7.3178643e-03
 -1.5652818e-03
 -1.6335382e-03
 -1.8535848e-03
 -9.8247163e-02
 -5.1649034e-01
  1.0449439e+00
  8.2559407e-01
 -2.2377822e+00
  9.1851431e-01
  6.6255218e-01
  1.1764597e+00
 -1.5628598e+00
  7.8883427e-01
  7.5636029e-02
 -7.5275105e-01
 -2.3594995e+00
 -4.5779347e-03
 -3.5114489e+00
  1.6638489e+00
 -3.1600428e+00
  4.4556079e+00
 -3.9082932e+00
  2.3027210e+00
 -3.9329693e+00
 -2.2453649e+00
 -2.4235640e+00
 -3.2924030e+00
 -1.6651851e+00
  9.4335899e-03
  2.7994239e+00
 -2.1737220e+00
 -4.7417417e+00
 -2.4067893e+00
  6.8553853e-01
 -2.6582668e+00
 -1.3771135e+00
 -1.4991804e+00
 -1.3475578e-01
  6.0711092e-01
  1.3305705e+00
  1.0435070e+00
 -9.3820882e-01
 -1.7618060e-01
  8.9338226e-03
  2.8551924e-03
 -2.8533724e-04
 -2.6943471e-02
  1.3035581e-02
 -5.1812590e-03
 -1.4773950e-02
 -7.1606366e-03
 -2.2336096e-03
 -2.5138924e-02
 -1.1893554e-02
 -4.9976587e-02
  3.4092639e-03
 -1.4732173e-03
 -3.1600241e-02
 -5.0619771e-03
  3.0443436e-03
 -1.9306936e-03
  1.1807806e-05
  3.1805779e-03
  2.6030021e-02
 -6.5051746e-03
 -2.7030390e-03
  2.4945969e-03
  1.9871746e-03
 -6.7340082e-04
 -2.5100092e-04
  3.0704596e-04
  7.0466022e-03
 -6.8637072e-03
 -4.3922165e-01
 -1.4917755e+00
 -8.9883739e-01
  7.1422327e-01
  2.7449819e-01
  4.2927125e-04
  9.6559655e-03
  9.2256675e-03
  1.0500050e-02
 -2.7144563e-03
  3.8075603e-03
  2.1115493e-02
  7.7433186e-03
 -3.3337129e-03
 -1.1847251e-04
  2.2994101e-02
  5.0582509e-03
 -1.1617308e-02
  5.2385856e-03
  1.3486504e-02
  9.2145195e-03
  5.0887181e-03
  3.7348184e-03
 -2.3753343e-03
 -7.4797636e-03
 -1.0780466e+00
  3.0477410e-03
  1.5103392e-03
 -5.2768029e-03
 -6.0964981e-03
  4.9783913e-03
  8.1456685e-03
 -7.2543584e-03
 -2.9440750e-03
 -2.2402122e+00
  5.7218379e-01
  1.4906597e+00
  7.8106898e-01
 -8.3354795e-01
 -1.9048473e-01
  1.5058374e-03
 -1.2365575e-02
  9.5611503e-03
 -1.2078664e-02
 -3.8811166e-03
  9.5931292e-03
 -1.5123000e-02
  2.4414264e-02
 -2.2725971e-02
 -1.8616289e-02
 -1.0250455e-01
 -5.8208210e-03
  5.1162271e-03
 -3.5852600e-02
 -1.0914847e-02
 -5.1722098e-02
 -1.4102258e-02
  2.3681435e-03
 -2.1433305e-02
 -2.9187707e-02
  1.6378151e-03
 -1.3443118e-02
 -5.6156004e-03
 -4.6265125e-03
  1.2031758e-02
 -4.8267329e-03
 -9.7787520e-03
 -9.2996461e-03
  2.8174245e-03
  1.1935284e-03
  3.2313114e-01
  1.0685689e+00
  8.3846432e-01
 -7.7618289e-01
 -2.0491946e-01
 -2.3980254e-02
 -2.4128219e-02
  4.4731970e-04
 -4.0126864e-02
  4.0050205e-02
  1.2626398e-02
  1.7177895e-02
 -4.1555267e-02
 -1.8166106e-02
 -8.6242845e-03
  5.4194983e-03
 -2.7763401e-03
  3.3071283e-02
 -6.4718425e-02
 -2.0979114e-02
 -5.6010757e-02
  1.4915282e-03
 -1.9261269e-02
  4.3899208e-02
 -1.2696341e-03
  4.7991678e-02
 -7.8891171e-03
 -2.6875571e-03
 -1.4285383e-02
 -3.2703530e-02
 -5.2713937e-01
 -5.4894463e-04
 -1.7027422e-03
  2.9832416e-03
  4.4320067e-03
  4.3234095e-01
  1.2614503e+00
  8.6578000e-01
 -8.3402443e-01
 -1.3074982e-01
 -1.5237207e-02
 -3.2609326e-03
 -9.8983059e-03
  6.4040897e-03
  7.2617168e-03
 -2.0985076e-02
  3.4027893e-02
 -2.3438422e-02
  1.0546566e-02
 -2.5749849e-03
 -2.8969036e-02
 -3.7056913e-03
  3.2119714e-03
 -1.5920073e-02
  1.0592674e-02
 -8.2369596e-03
  4.4623883e-03
 -2.3371587e-03
  6.4910562e-03
  6.7173503e-03
  9.6416706e-03
  4.4521648e-03
  4.2106076e-03
 -3.5654348e-03
  1.1875639e-02
 -8.5742548e-03
  6.2429374e-03
  1.0163958e-02
 -5.6305095e-03
 -8.0839610e-03
  5.8811408e-01
  1.1681210e+00
  8.2786286e-01
 -8.1458783e-01
 -2.7093670e-01
 -1.3050945e-02
  7.4795266e-03
 -1.6871270e-02
  2.8605286e-03
 -7.7249957e-03
 -8.5090958e-03
 -2.1592675e-02
  8.9413645e-03
  8.2102269e-03
 -1.4260436e-02
 -5.7354972e-02
  8.7801367e-03
 -2.8626984e-03
  4.1818945e-03
  2.0794533e-02
 -8.0966083e-03
  5.6604254e-03
 -7.8797287e-01
 -1.3156435e-02
  1.4892799e-02
 -1.8272931e-02
  6.2869708e-03
 -4.1358173e-03
 -1.2837285e-02
 -8.8267419e-03
 -5.5153272e-03
  6.5190066e-03
 -1.9507101e-02
  6.6412240e-03
 -8.8969182e-04
  9.6956629e-01
 -4.4594249e-01
  2.6326258e+00
 -1.9190850e+00
 -7.7346241e-01
 -1.8843777e-02
  7.8470056e-04
 -2.4392487e-02
 -4.6791065e-02
  6.0896266e-02
 -3.7256718e-02
  1.1166045e-03
  1.6380978e-03
  3.8574632e-02
 -1.8175958e-02
 -3.0215865e-02
 -4.5760451e-03
  6.9223628e-03
 -4.9016666e-02
 -8.3607428e-02
 -2.8739976e-02
 -7.7034356e-03
  1.9723075e-03
 -3.8723513e-02
  6.7759398e-03
 -2.7600475e-02
 -2.3530822e-03
 -6.8205958e-03
  4.1719507e-03
  2.6776221e-02
 -4.2180435e-04
 -2.9869378e-03
  1.4856166e-03
  3.2052146e-03
 -3.2647105e-04
  3.6649975e-01
  1.4957459e+00
  7.7364624e-01
 -7.7720326e-01
 -9.3551427e-02
 -3.5817917e-02
  7.8596603e-03
  1.2625909e-03
  5.1718852e-03
  7.3955669e-03
 -5.7567973e-03
 -1.4012028e-02
  7.8005409e-03
 -1.5827866e-02
 -8.2445965e-04
 -6.5649198e-03
  1.5334347e-02
 -5.5862078e-03
 -4.0494613e-02
 -3.8876797e-03
  7.4677044e-03
  2.4080314e-02
 -5.0207893e-03
  2.8661912e-02
  3.4599128e-04
 -1.1023657e-02
  2.9558144e-03
 -4.0164501e-03
 -4.9901851e-03
 -1.3246124e-02
 -1.0906972e-02
 -8.6105969e-03
  5.6302059e-03
  5.3150379e-03
 -9.2192441e-03
 -4.2787445e-01
 -1.2603400e+00
 -9.7520208e-01
  8.8559055e-01
  2.5234175e-01
 -4.8654497e-02
  6.5887314e-03
 -3.5660836e-04
  5.7063182e-03
 -5.9707267e-03
  2.5807353e-02
  1.5776921e-02
 -7.0462265e-04
 -8.3078258e-03
  7.9857875e-03
  4.6652190e-02
 -3.3906254e-03
 -1.0875940e-02
  1.3891807e-02
  1.4392279e-02
  6.8754219e-03
  4.9389228e-03
 -2.7982967e-03
  7.0844628e-03
 -5.2878349e-03
  1.3326010e-02
 -9.4332239e-03
  8.4211510e-03
 -7.7180094e-03
 -1.5201899e-02
  9.1805583e-04
  7.2243498e-03
 -7.3704924e-03
 -8.9150881e-03
  4.3974682e-03
  2.8185263e+00
  5.9174973e-01
 -7.8559488e-01
 -7.4209541e-01
  1.0732571e-01
 -7.9826134e-01
 -7.3023432e-01
 -1.9416350e+00
 -4.8017061e-01
  8.3993691e-01
 -1.0171596e+00
 -1.7926793e-01
 -2.2332379e-01
 -4.6029758e-01
  2.9956654e-01
 -5.4150629e-01
 -1.9218312e-01
  2.8207466e-01
  1.0126702e-01
  4.0997306e-01
  2.2839022e-01
 -1.8006630e-01
  9.7563632e-02
  3.0282560e-01
 -1.8717046e-01
  1.1851263e-02
  2.5824105e-02
  1.1822463e+00
  2.7461544e-02
 -5.4288983e-02
  8.0955651e-04
  1.8143335e-03
 -3.3755276e-01
 -6.7524947e-02
 -9.2530027e-02
 -1.9718872e-01
 -1.2117702e+00
 -7.0913947e-01
  9.4220400e-01
  2.2872145e-01
  1.4069027e-02
 -1.2073221e-03
 -1.9592675e-03
  9.4809867e-02
 -2.2739505e-02
  1.2800703e-02
  2.3343164e-02
  5.0448412e-03
  1.9197861e-02
  2.0396668e-02
  1.7916266e-02
  8.0978265e-05
 -1.6749719e-02
 -2.8675597e-03
  1.6358860e-02
 -7.8107980e-03
 -8.6460821e-03
 -4.9657244e-03
 -1.9614713e-02
 -4.6778214e-03
 -8.7757350e-04
  4.7885629e-04
  6.0383752e-03
 -4.7016465e-03
  5.9737000e-03
  6.2754182e-03
 -2.3616971e-04
 -7.8241259e-04
  8.2637795e-04
 -1.7817084e-03
 -6.0840493e-01
 -1.3994524e+00
 -9.1094941e-01
  8.0859673e-01
  9.1768354e-02
  3.2049333e-04
 -2.5522199e-03
 -1.3632457e-02
  3.0899369e-03
 -1.3909446e-03
 -1.8799007e-02
 -3.9434000e-03
  2.4938833e-03
 -1.3384275e-02
  1.0554816e-03
  2.7803706e-02
 -3.6241037e-03
 -1.0237482e-03
  1.3582274e-02
 -4.0808432e-03
  2.0270525e-03
  8.7993555e-03
 -5.5772052e-03
  1.3949348e-03
 -1.9814227e-02
 -3.1910443e-03
  2.3753239e-02
  1.5840190e-02
  9.3006005e-04
 -8.0073755e-03
 -3.5813472e-03
 -9.5106037e-03
 -9.0058539e-03
 -3.7870333e-03
 -4.1286442e-03
  6.9647402e-01
 -1.7316586e-01
  1.2300481e+00
  9.8081690e-01
  1.6434984e+00
 -1.1043231e+00
 -3.4915286e-01
 -1.3324305e+00
 -5.3489190e-01
 -1.5338275e+00
 -1.2242434e+00
  6.9700074e-01
 -9.3381071e-01
  8.9294779e-01
 -1.4584824e+00
 -1.5615114e+00
  1.7311753e+00
 -1.3762494e+00
  1.0635849e+00
 -2.7192838e+00
 -2.2800756e+00
  2.4624784e-01
 -4.7808266e+00
  2.7320259e+00
 -4.7653522e+00
 -5.3607661e-01
 -7.9973173e-01
 -5.5721253e-01
 -3.0808517e-01
 -1.3877939e+00
  2.0172467e+00
  1.0111636e+00
  2.2544625e+00
  1.8340355e+00
 -4.4292506e-02
 -3.6659563e-01
 -1.1497535e+00
 -1.0000277e+00
  8.0456144e-01
  2.8571486e-02
 -4.6126146e-02
  1.2117712e-03
  1.1641232e-02
  2.7568131e-03
 -6.5807127e-03
 -3.9281454e-03
  4.2296392e-03
  1.4653776e-02
  1.1804929e-02
  1.2153481e-02
  5.8940761e-02
  5.4158783e-03
  4.0254998e-03
  1.7905682e-02
 -2.4277149e-02
  1.0065963e-02
  1.0918851e-02
  2.8673655e-03
 -8.7138461e-03
  2.2692861e-02
  1.5019772e-03
 -6.8577267e-03
  7.8508155e-03
  9.5826847e-04
 -7.2511043e-03
  5.6379624e-03
  9.0867076e-03
 -6.9845282e-04
 -7.0025921e-03
 -8.4963338e-03
 -2.5805464e-01
 -6.2100905e-01
 -1.0586219e+00
  1.8650954e+00
  6.8833448e-02
  6.3857310e-03
  3.2321963e-04
  9.1062831e-03
  9.9270474e-03
 -1.1156752e-02
 -9.9269245e-03
  7.1724574e-03
  2.3385702e-02
  1.6159831e-02
  1.8088810e-02
  1.6246928e-03
 -2.3623367e-03
  2.9100707e-02
  1.0707196e-02
 -5.2954052e-03
 -4.0160418e-03
  1.2047384e-03
 -3.7507591e-04
  7.7309678e-03
 -4.0243701e-03
 -5.3033786e-04
  1.0205872e-03
 -8.9903222e-04
  2.0858969e-03
 -1.1521096e-02
  9.7780051e-03
  4.4309506e-03
  1.7931089e-03
  6.2181079e-03
 -6.5298838e-04
  4.6322072e-01
  1.0472442e+00
  1.3424137e+00
 -7.9696590e-01
 -1.8085709e-01
 -3.0567939e-03
 -4.4247127e-04
  6.0454719e-03
  3.1534799e-03
  1.3124922e-02
 -7.0236083e-03
 -9.5964503e-03
 -1.9886095e-02
 -2.7739497e-02
 -1.3591958e-02
 -2.5255423e-02
 -4.4398396e-03
  2.6351043e-03
  9.7443881e-03
 -3.9723329e-02
  5.5681895e-03
 -6.3403510e-03
  1.4279981e-02
 -7.0073907e-03
 -3.2939275e-03
 -1.7257648e-02
  5.1188380e-03
 -8.5609648e-03
  8.4188655e-03
  9.0989899e-03
  3.0531825e-03
 -6.0225867e-02
  3.3191513e-04
  6.4791851e-03
 -2.5666608e-03
 -2.2628564e-01
 -5.3988773e-01
  1.4179626e-01
  2.5935509e+00
 -6.7149633e-01
 -1.3787787e-01
  7.4869734e-03
 -1.4875320e-01
 -2.1248800e-01
  3.6162183e-01
 -2.3912862e-01
  3.6711540e-02
 -1.8637154e-02
  1.0532884e-01
  9.1968656e-02
 -5.5238599e-04
 -3.7513955e-03
 -3.9729368e-02
 -2.9591985e-02
  1.1219231e-02
 -2.0805107e-01
  1.3517621e-02
  6.9820839e-03
 -8.1292577e-02
  2.7889650e-02
 -3.7993789e-02
 -1.2284705e-02
  9.9283038e-03
 -3.3395015e-02
  9.8380797e-02
 -9.1223838e-03
 -7.1467245e-03
 -6.3488698e-03
 -2.3431194e-03
  2.4647424e-02
 -3.4567326e-01
 -1.0016510e+00
 -1.0243196e+00
  1.3468375e+00
 -3.2497361e-01
  1.0470153e-02
 -5.7027081e-04
  1.5950335e-02
  1.6307494e-02
  5.0462265e-03
  1.8140906e-02
  1.3052682e-02
 -1.1652801e-03
 -3.7571909e-03
 -3.9086034e-04
  6.4182036e-02
  4.8853825e-03
  2.2960216e-02
  9.5029008e-03
  1.6470401e-02
  1.9902238e-03
 -7.8058947e-04
 -1.7786777e-02
  1.2518502e-03
 -5.3489255e-03
  2.9969418e-02
  9.1483472e-03
 -7.3418566e-03
  1.6490862e-03
  1.6998667e-02
 -6.6437423e-03
  5.1170550e-03
 -8.2378658e-03
 -7.2144526e-03
 -1.4773197e-02
  4.5238504e-01
  8.7724596e-02
 -4.1542168e+00
  6.8961895e-01
 -3.7204297e+00
  6.7047381e-01
  9.7513897e-03
  2.1524324e-01
  3.8834777e-01
 -4.5569435e-01
  6.4586043e-01
 -6.1770149e-02
  8.0382071e-02
 -1.7788327e-01
 -4.2384546e-02
  2.5515893e-02
  4.6983102e-04
  2.7879173e-02
  1.5126009e-02
  1.0379950e-02
  7.0323445e-02
 -1.8432418e-02
 -1.4229702e-02
  7.2394900e-02
 -6.0047008e-02
  8.3560832e-02
  2.4181245e-02
 -6.7231492e-03
  1.5410808e-02
 -1.2216948e-01
  5.1074643e-02
 -6.9692512e-03
  6.5695383e-03
  3.0380618e-03
 -7.7458275e-03
  5.5445874e-01
  1.0075330e+00
  1.3876735e+00
 -8.0944300e-01
 -1.8086527e-01
 -7.0292754e-03
 -1.1301331e-02
 -1.3113413e-02
  4.4559012e-03
  1.6777592e-02
 -8.2935421e-03
 -4.7691599e-03
 -5.0853537e-03
  3.7182029e-04
  2.4376667e-04
 -1.9803807e-02
 -1.3240729e-03
  4.7536595e-03
 -1.0990718e-03
 -3.4756749e-03
  8.1779314e-03
 -3.8132141e-03
 -1.3150508e-02
 -1.3602206e-02
 -1.4840205e-02
 -3.5248748e-03
 -7.0939059e-03
  1.1481429e-02
 -1.3172123e-02
  1.3572598e-02
  5.0151674e-03
 -4.8052678e-03
  5.3743967e-03
  3.2527347e-03
 -9.3889087e-03
 -3.6574048e-01
 -1.1245335e+00
 -8.4840995e-01
  6.7799389e-01
  4.4283114e-02
  1.0020324e-02
 -7.6079499e-03
  3.8679971e-03
  1.0368131e-02
 -1.7494639e-02
 -1.2633496e-02
  1.5945721e-02
  1.5481156e-02
 -1.0085043e-02
  1.1622030e-02
  2.1790814e-02
  4.6000364e-03
 -3.7862663e-04
 -3.6533023e-03
  3.1831327e-03
  8.1960913e-03
 -8.7237312e-03
 -8.1188530e-03
  5.6144902e-03
 -1.0074708e-02
  2.9999174e-03
 -3.8501662e-03
 -9.5057543e-03
  2.0024471e-03
  5.5674370e-03
  5.9565254e-03
 -1.6200574e-02
  1.2693265e-02
  3.5709860e-03
 -6.2664035e-03
  5.2646410e-01
  1.5125170e+00
  7.8564620e-01
 -6.9221187e-01
 -2.7271414e-01
 -1.4874602e-02
 -3.4362271e-03
  3.2769935e-03
 -2.4726540e-02
  1.1021446e-02
 -6.3186325e-02
  7.4648526e-03
 -1.1257605e-02
  6.1519216e-03
 -4.9032131e-03
 -4.3240998e-02
 -3.9828476e-03
 -1.2213409e-02
 -2.0019349e-02
 -9.5934868e-03
 -3.3617803e-01
 -1.0185077e-02
 -4.5799986e-03
 -7.3217587e-03
 -5.0037182e-03
  5.7277791e-03
  4.6058586e-03
 -1.6199994e-03
  6.5139537e-03
 -1.5219322e-02
 -1.1958727e-02
 -3.3573769e-03
 -4.0461901e-03
  3.9803544e-03
  1.7350892e-03
 -3.2272327e-01
 -1.9723097e+00
 -5.8630162e-01
  5.8149308e-01
  1.9700015e-01
  5.6082197e-02
  9.8593030e-03
 -1.6867765e-03
  2.7378296e-02
 -7.7888556e-03
 -3.2737323e-03
  1.5686333e-02
  3.4258135e-02
 -1.8077515e-02
  3.8322318e-02
 -3.6914069e-02
 -9.5273452e-03
  1.5326275e-02
  4.3998990e-02
  1.2951721e-03
  5.7146594e-02
 -1.1358561e-02
  1.5213719e-03
  2.7068766e-02
  1.5332051e-02
  3.3064799e-03
  1.9140228e-03
  6.1161723e-03
 -3.8255402e-03
 -6.5441793e-03
 -1.9134478e-01
  3.3149600e-03
  4.9907467e-03
  1.6115388e-02
  8.7384721e-03
 -4.1577843e-01
 -1.4141742e+00
 -8.4581572e-01
  6.3158578e-01
  2.7210772e-01
 -1.0689109e-02
  3.4717391e-03
  7.8160539e-03
 -4.8899138e-03
 -1.2531227e-03
 -6.5253936e-03
  2.2981581e-03
  2.0254417e-03
 -1.6000567e-02
 -7.1126590e-03
  1.6103946e-02
  2.3616150e-03
  4.8274538e-03
  1.7482167e-02
  2.8633406e-02
 -4.4379295e-03
  5.8786329e-03
 -2.4408537e-03
  1.2456743e-02
  6.9393720e-03
  4.7026083e-04
  6.0003037e-03
  1.0158711e-02
 -8.7226359e-03
 -8.5079987e-03
  7.6726815e-03
  4.4361304e-04
  2.1705714e-03
 -5.7499027e-03
 -5.0505083e-03
 -5.4925382e-01
  9.5044577e-01
 -4.1745410e+00
  6.6265422e-01
  1.8757923e+00
  5.8418144e-02
  1.1071765e-02
  3.2433603e-02
  1.9348541e-02
 -5.3626820e-02
 -2.5361646e-03
 -2.5937723e-03
  2.5637101e-02
 -3.4209479e-02
  1.6337766e-03
  1.2264005e-02
  1.0080451e-02
  3.0842383e-04
  1.2477803e-02
  1.3085513e-02
 -8.2912836e-03
  5.8871009e-03
  1.6345469e-03
  1.5034407e-02
 -5.9354655e-03
  5.4724501e-03
  6.9376715e-03
 -3.4383161e-03
  4.1641863e-03
 -1.5884275e-02
  2.5013101e-03
  1.1327387e-04
 -2.7083058e-02
 -5.1608253e-03
  2.8758030e-03
  3.4558183e-01
  1.4815503e+00
  4.1085574e-01
 -7.9486918e-01
 -1.1738887e-01
  1.2913601e-02
  9.6615165e-02
  6.2703627e-01
 -3.9982530e-03
 -4.1818749e-02
 -1.9750912e-03
  1.5382643e-02
 -2.5769722e-02
 -2.8479859e-02
 -1.9298490e-02
 -6.7257690e-03
  2.5731733e-02
  8.6076400e-04
  7.7985437e-03
  1.1415807e-02
 -6.4903651e-03
  1.3754198e-02
  1.6168004e-02
 -6.3476139e-03
 -1.8559312e-02
  7.9976954e-03
 -2.4885530e-02
 -4.5337356e-03
  6.0427203e-03
  1.9000633e-02
 -4.2502349e-03
  2.9722599e-03
  1.3428885e-02
  2.9422529e-03
 -5.2501811e-03
  1.2209083e+00
 -1.4790279e+00
  3.9605007e+00
  2.0588341e+00
 -1.2608263e+00
 -1.5251383e+00
  1.5054547e+00
  7.8709888e-01
 -2.0497015e-01
 -4.2791283e-01
  4.1342959e-01
 -7.9583085e-01
  5.5074650e-01
  7.9081497e+00
 -3.0786155e-02
  4.4331422e-01
  3.8003354e+00
  3.1809769e+00
  1.7262576e+00
  8.6494699e-02
 -1.6289854e+00
  1.1046183e+00
 -2.4915262e-01
  4.4791445e-01
 -4.3024269e-01
 -8.2792066e-02
 -1.6508534e+00
 -1.0908339e+00
  2.4284856e+00
  1.9425381e-02
  1.0263782e-02
  5.5975074e-01
  8.8243864e-02
  6.7206569e-02
  1.0583201e-01
 -1.0237573e+00
  2.1341906e-01
  3.7361593e+00
  1.7601366e-01
 -1.7536974e+00
  1.9300480e+00
 -6.0118150e-02
  4.6768281e-01
  8.0988282e-01
 -1.1687726e+00
  1.1590306e+00
 -1.0561822e-01
  1.4480583e-01
 -4.3912467e-01
  1.7199405e-01
  9.7385921e-02
 -1.0770982e-02
  4.4927027e-02
  2.6340690e-01
  2.3684092e-01
  2.2823025e-01
  3.0334494e-03
  1.7338599e-03
  3.2876098e-01
  2.4038905e-02
  1.7416476e-01
  8.1129625e-02
 -2.1124210e-02
  3.9638486e-02
 -1.8850842e-01
  3.5967949e-01
 -8.6261495e-04
 -1.1248194e-02
  2.0302285e-02
 -2.0199006e-02
  6.0446620e-01
  1.1730613e+00
  9.7217935e-01
 -7.3618215e-01
 -2.3527232e-01
 -9.1334311e-03
 -4.4904812e-03
 -2.1831722e-03
 -6.6005103e-03
  4.6315227e-02
  5.2412737e-02
 -1.3488556e-03
  1.5447157e-02
  2.8204522e-03
  2.7625931e-03
 -7.9879882e-03
 -3.2234581e-03
 -1.4395852e-03
  6.5815416e-03
 -1.3798115e-05
 -1.7898809e-03
  2.8640497e-03
  9.3604494e-03
  3.7285797e-03
  1.2487469e-02
 -7.8380546e-03
  1.2869570e-02
 -4.2002588e-03
  2.9091191e-04
  2.3171643e-03
 -8.3467951e-03
  7.8491969e-03
  3.2501956e-03
  7.8120125e-03
  1.4313331e-02
  3.1539577e-01
  1.3573780e+00
  8.9551479e-01
 -9.0388936e-01
 -2.6308492e-01
 -3.0703447e-03
  2.1106687e-03
 -5.3904479e-04
 -3.4417396e-03
  2.2345770e-02
  9.7595192e-03
 -1.3012224e-02
 -4.6018339e-03
 -2.8213752e-03
 -1.4941407e-02
  1.6877581e-03
 -1.9549970e-03
 -1.9108711e-02
 -4.0223659e-03
  6.4676971e-04
 -6.2397858e-03
 -7.9427082e-03
  6.5751593e-03
 -6.7812428e-03
  2.4192909e-02
 -1.3521962e-02
  2.7253744e-04
 -2.9894637e-03
 -1.0182404e-02
  3.7076441e-03
  9.6105738e-03
 -4.4943942e-03
  1.4358275e-02
  4.8791314e-04
 -5.0150701e-03
 -4.0795773e-01
 -1.4206641e+00
 -6.8768179e-01
  7.9822809e-01
  2.0974524e-01
 -2.9123912e-03
  5.1027462e-03
 -3.0852263e-04
  4.7132270e-03
 -4.7447914e-03
 -1.1384033e-03
  1.1274745e-02
  1.3516852e-02
 -7.5476535e-02
  2.1289589e-02
  1.3178061e-02
  1.0042957e-02
  1.6568169e-02
  8.5050957e-03
  1.1546434e-02
  4.2973115e-04
 -7.9390565e-03
 -6.0851891e-03
  6.4829267e-03
  1.1248753e-03
  4.5241453e-03
  4.7072941e-03
  5.2672275e-03
  8.0819463e-04
 -7.5179734e-04
  2.6318389e-03
  3.8709250e-04
  2.3229962e-04
 -9.3324913e-04
  1.5441024e-03
 -4.5349592e-01
 -1.0863117e+00
 -5.3514802e-01
  1.0907522e+00
  1.1120699e-01
  1.6983800e-01
  6.2510488e-03
  1.0865285e-02
  3.0276891e-02
  2.6857753e-03
  8.0966828e-03
 -3.7566529e-04
 -3.5729024e-03
  2.4193257e-02
  2.0310016e-02
  2.6915707e-02
 -1.0225200e-03
 -2.8710535e-03
  1.3921302e-02
  9.2392229e-03
  1.1884925e-02
  3.4983174e-03
  2.1632951e-02
 -6.8192729e-03
 -2.6012647e-03
  2.9778057e-03
  6.2246632e-04
  9.9079516e-03
 -3.5157304e-03
 -2.8109527e-03
 -1.3021833e-02
 -4.9338178e-03
 -1.0633062e-02
 -1.2025083e-03
 -9.3339551e-03
 -3.5121208e-01
 -1.7860582e+00
 -8.8236427e-01
  6.0076523e-01
  2.2399633e-01
 -1.5301899e-02
 -1.9821567e-02
 -4.2107683e-03
 -2.1040305e-03
 -1.0672127e-02
 -3.6583212e-03
  6.0305927e-05
  1.5523850e-02
 -1.2840419e-02
  1.1159312e-02
  4.1817956e-02
 -3.2516276e-03
  1.0525882e-02
  7.8603365e-03
  1.0581345e-02
 -1.1601446e-03
  1.3583470e-03
 -1.1418384e-02
 -4.9026129e-03
  9.4595859e-03
  3.9297198e-03
  5.1632938e-03
 -8.8264663e-03
 -1.9035671e-03
 -1.4270414e-03
  2.1157605e-03
  4.0746550e-04
 -1.2844318e-02
 -4.1665970e-03
  4.3029133e-03
  3.6577955e-01
  2.4746265e+00
  4.7969940e-01
  2.4145477e+00
  1.4987122e+00
  2.0071044e+00
  3.1390196e-01
  1.6174233e+00
  6.7984438e-01
 -2.5878184e+00
  1.7011156e+00
 -9.7453296e-01
  1.9180926e+00
 -4.4622341e-01
 -8.9941579e-01
  3.6060765e-02
 -6.2398118e-01
  2.7605373e-01
 -3.1142783e-01
  2.7192634e-01
  2.4340452e-01
 -2.7177215e-01
  1.0068409e+00
  6.9396131e-02
 -1.0877739e+00
  5.5607545e-01
 -8.0766916e-02
 -2.1563303e+00
 -2.5550452e-01
 -3.6148524e-01
  1.9484846e-01
  4.0390459e-01
 -1.6933723e-01
 -1.4657491e-01
 -8.8784739e-02
  9.0355140e-01
  1.2649764e+00
  1.6866851e+00
  3.9287242e-01
 -3.8765791e-01
  1.6542248e-02
 -4.5160926e-03
  2.5636388e-03
  1.9874519e-02
  3.8698353e-02
  2.2906899e-02
 -1.0483050e-02
 -6.4220745e-03
  2.2648377e-02
  5.1027928e-03
 -1.3585881e-02
  9.6763549e-03
 -1.0923690e-02
  1.3318372e-02
  8.4507773e-03
  3.8608287e-03
 -7.0937653e-03
  1.6260736e-02
 -1.0515143e-02
  6.8171378e-03
 -7.1806698e-03
  2.7813539e-03
 -4.4082454e-03
  1.4843724e-03
  5.2505308e-03
 -4.6196855e-03
  2.7749476e-03
  2.5344747e-03
  4.7064950e-03
 -9.7764586e-04
  1.8310509e+00
  9.7453731e-01
 -3.0081001e-01
 -5.6454456e-01
  3.4062383e-01
  5.5865055e-01
 -3.9381318e-02
  7.1714211e-01
 -1.8075556e-01
  4.2289403e-01
  9.8800737e-01
  9.6001422e-01
  2.0152175e+00
  1.9566883e-01
 -2.0563617e+00
 -2.5413674e-01
  2.5720719e-01
  6.0947690e-02
  1.1617409e-01
  1.3847328e+00
  8.9226627e-01
  4.4994441e-01
 -1.8969458e+00
 -1.0257525e+00
  1.6737317e+00
 -4.4261011e-01
  4.6784687e-03
  1.0091186e-01
  3.1057817e-01
  5.0053376e-01
 -7.2748250e-01
  1.2894188e+00
  1.0818181e+00
  8.9036083e-01
 -2.6222158e-02
  5.5990756e-01
  1.5283126e+00
  6.6507071e-01
 -7.6987928e-01
 -3.0943820e-01
  3.2031301e-02
  9.6628111e-04
  5.4580908e-02
  7.2439370e-04
  8.3180994e-01
  1.9168427e-02
 -9.5588667e-03
  2.4322527e-03
  2.1808418e-02
  6.7037269e-03
  5.1351164e-02
  9.4838273e-03
  4.3519333e-02
 -1.0796506e-02
  2.0748245e-02
  4.9346335e-02
 -1.2140942e-03
  3.1073239e-02
  3.5414834e-02
  5.6362651e-02
  2.2886259e-02
 -1.5693668e-03
  3.1641382e-03
  1.4540046e-02
 -1.1028381e-02
  6.9780811e-03
  7.6503716e-03
  8.3028199e-03
  6.1236597e-03
  3.1286899e-03
  2.2543927e-01
  3.2410905e-01
 -3.5129267e-01
  2.7816972e-01
 -2.1328047e-01
  1.8553592e-01
  1.2490153e-01
  1.5822774e-01
 -1.5504530e-01
 -3.0363992e-01
  1.4932661e-01
 -3.3185461e-01
 -2.3004523e-01
  6.4317417e-01
 -2.2416006e-01
  2.7357522e-01
  1.2349056e-01
 -3.5086429e-01
 -5.9038001e-01
 -2.7337250e-01
 -4.2599863e-01
  2.1175659e+00
  4.0609241e-01
  1.8394367e+00
 -3.5847798e-01
 -1.2786052e-01
  2.8576404e-01
 -4.5722899e-01
  8.6891490e-01
 -3.3345327e-01
 -1.2936313e-01
 -2.7276930e-01
 -4.9605947e-02
  3.1708476e-01
  2.1874785e-01
  3.7143621e-01
  1.4899597e-02
  3.0612871e-01
 -2.7044928e-01
 -3.7671170e-01
 -9.9125132e-02
  3.9223304e-01
 -1.0238171e+00
 -4.9804994e-01
  3.4629253e-01
 -3.9791238e-01
 -2.4920967e-01
 -2.9050115e-01
 -2.7557987e-01
  5.4489481e-01
 -5.4479653e-01
  3.4171262e-01
 -1.0586715e+00
  1.7865546e-01
  3.9614466e-01
 -1.7336012e+00
  3.4186590e-01
  3.4268779e-01
 -4.2761439e-01
 -7.7911419e-01
  4.2777842e-01
  5.3406978e-01
 -3.7393692e-01
  3.1785738e-01
 -3.2163301e-01
  2.2516821e-01
  2.6853430e-01
 -4.1141334e-01
 -3.4735450e-01
  3.0019459e-01
  2.4226799e+00
 -3.2795155e-01
 -2.9286912e-01
  3.1860927e-01
  3.3138049e-01
  3.3224380e-01
 -9.6041076e-02
 -2.3274407e-01
 -2.1352389e+00
 -3.1657815e-01
  4.2807703e+00
  4.6096931e+00
 -4.7487969e+00
  2.9739649e+00
 -1.4050308e+00
  1.2659487e+00
 -2.6389116e-01
 -5.7453685e+00
 -1.2377207e+00
 -2.9679706e+00
  2.5815592e+00
 -5.2241592e+00
 -3.3931651e+00
 -5.3031526e+00
 -1.5537347e+00
  2.4747174e+00
  3.8502531e+00
 -3.6609225e+00
 -4.5223889e+00
 -3.3340504e+00
 -4.7986679e+00
  6.1647916e-01
  5.3658891e+00
  7.8746122e-01
 -5.9337211e+00
 -2.0281443e-01
  2.6956277e+00
  1.0691715e-01
  3.2042081e+00
 -2.2994058e+00
 -4.5358095e+00
 -8.3799225e-01
 -2.0705454e+00
  2.3805041e+00
  1.6604766e+00
  7.2131014e+00
 -1.4907079e+00
  4.0013080e+00
 -8.1360686e-01
 -4.1022520e+00
 -6.7603850e-01
  7.1449952e+00
  5.3921461e-01
 -6.2060204e+00
  5.6095419e+00
 -5.5872908e+00
 -1.7813714e+00
 -3.3956935e+00
 -2.1347682e+00
 -3.9106526e+00
 -3.6513281e+00
  4.2128215e+00
 -2.2889178e+00
  1.6281533e+00
  4.9453511e+00
 -1.5946172e+00
  2.2561755e+00
  3.0296307e+00
 -3.9555829e+00
 -1.1297679e+00
  3.1900730e+00
  6.1544409e+00
 -5.0627971e+00
  1.2041602e+00
 -4.5796175e+00
  3.9757457e+00
  3.0495276e+00
  3.9400148e+00
 -1.4253858e+00
 -2.7122381e-01
  2.2285323e+00
 -3.0887847e+00
 -3.6031873e+00
  3.3825688e+00
  2.5233943e+00
  7.7639461e+00
 -1.1689093e+00
 -4.6718974e+00
  1.6460631e+00
 -4.5510044e+00
  5.2068418e+03
  1.1480638e+00
 -6.1727328e+00
 -5.1166320e-01
 -3.3279490e-01
  2.4948754e+00
 -8.0673628e+00
 -4.6531625e+00
  3.3932671e-01
  7.8988028e-01
 -3.0038865e+00
 -1.7217493e+00
 -6.1805409e-01
 -1.6174386e+00
 -2.2504158e+00
 -3.5296128e+00
  3.6987612e-01
  1.9434385e+00
  1.3802003e+00
 -2.1290557e+00
  3.0297384e-01
 -1.5889922e+00
 -3.3628018e+00
 -8.7283516e-01
  2.3410978e+00
 -7.0576233e-01
  5.0022509e-02
 -4.1449819e+00
  2.1602433e+00
  3.6823854e+00
 -5.0302368e-01
  1.0474317e-01
 -1.1286185e+00
 -2.2737075e-01
 -1.7181077e+00
 -2.7436805e-01
  5.9730667e-01
 -1.7967792e+00
  2.1800010e+00
 -5.7166586e+00
  3.2775590e+00
  3.9688418e+00
 -3.1829360e+00
 -1.9798673e+00
  7.2471935e-01
 -1.8434618e+00
 -1.3807967e-01
 -3.8545158e+00
  8.3129680e-01
 -1.5218275e+00
  4.3565297e+00
 -7.1168756e+00
 -5.3465974e-01
 -3.2256691e+00
 -2.5309274e-01
 -3.8496740e+00
  3.3179879e+00
  9.8093517e-02
 -4.3634586e+00
 -3.9670839e+00
  3.0869222e-01
  1.6819528e+00
 -1.3284562e+00
 -8.8206034e+00
  1.6169967e-01
  1.3233508e+00
 -3.6291537e+00
 -4.4130054e+00
  2.1808665e+00
  3.0244520e+00
 -2.0053811e-01
  1.5347132e-01
  1.8111732e+00
  7.7954404e-02
  3.4184904e+00
 -5.2131171e+00
  1.6710131e+00
  1.4814988e-01
 -1.0689731e+00
 -3.1977499e+00
 -4.7863421e-01
 -5.4688621e+00
  1.7385164e+00
 -1.4533349e+00
  4.6217200e-01
  4.8367796e+00
  1.5782691e+00
 -1.4623818e+00
  8.2028198e-01
 -4.1651521e+00
 -9.9664158e-01
 -3.0652275e+00
  1.0222443e+00
  3.3180487e+00
  4.0003533e+00
 -2.1804252e+00
 -4.2587975e-01
 -3.2239082e+00
 -3.9639273e+00
 -3.6151638e+00
  8.3014518e-01
 -1.2643793e+00
  3.0841572e+00
 -5.7315454e+00
  1.7882584e+00
  1.1077760e+00
 -1.6577992e+00
 -4.0379686e+00
 -2.5022967e+00
 -2.7628908e+00
  1.7344328e+01
  1.8834519e+00
 -1.7413049e+00
 -1.8598270e+00
  2.8875282e+00
  6.4937124e+00
 -4.1359568e+00
 -5.9667677e-01
  3.6660037e+00
  1.8705556e+00
 -3.2460001e+00
 -3.5091577e+00
  8.7424355e+00
  2.6191802e+00
 -6.5321440e-01
 -2.7861106e-01
  8.4477673e+00
  4.8043132e+00
  9.9320382e-01
 -5.7895374e+00
  1.7028677e+01
  4.2780123e+00
  1.4155502e+00
 -7.3251742e-01
  1.7897962e+00
  3.8114216e+00
 -3.8726318e-01
 -1.5763910e+00
  8.7657690e+00
  2.1122015e+00
 -8.8981682e-01
 -3.8582559e+00
  2.5691307e+00
  3.3980455e+00
  3.8870127e+00
  7.1433556e-01
 -6.1006708e+00
 -2.2954452e+00
 -5.1187664e-01
 -2.9215922e+00
  1.6210736e+00
  1.6059660e+00
 -4.4901042e+00
 -2.1979825e+00
 -1.4988439e+00
  7.1993166e-01
 -2.6345384e+00
 -1.3022358e+00
  5.0251897e-02
  8.1073833e-01
 -1.7892690e+00
 -2.0314572e-02
 -4.4077077e+00
 -3.5292116e-01
  8.5379618e-01
  7.2834954e+00
 -9.4430286e-01
 -1.6301810e+00
  8.2435811e-01
  4.7984868e-03
 -4.4833813e+00
  3.1910751e+00
  1.1293935e+00
 -8.7470293e-01
 -3.8403459e+00
  4.5500116e+00
  1.0629567e+00
 -8.1085443e-01
 -4.4658620e-02
  8.1342727e-01
 -3.5877812e-01
  2.1224649e+00
 -2.7053261e+00
 -1.2458547e+00
  8.7287450e-01
  3.3228817e+00
 -2.1347322e+00
  2.0364521e+00
  5.8523558e-02
 -3.0201099e+00
 -1.1796178e+00
 -2.6811743e-01
 -1.3531748e+00
  1.0011566e+00
  3.9087896e+00
 -9.3976271e-01
 -8.4594285e-01
  4.0773436e-01
 -1.5132262e-01
 -1.7314839e-01
  3.1071052e-01
  5.3824896e-01
  1.6173758e-01
  1.0212662e+00
  8.6459547e-01
 -2.2921345e+00
 -6.8530053e-01
  1.1858362e+00
  2.1967508e-01
 -2.4185104e+00
  9.5868331e-01
  8.5156590e-02
 -1.0395931e+00
 -1.9814199e-01
  1.2913245e+00
  6.6588365e-02
 -1.1535161e+00
 -1.0167639e+00
  9.1302967e-01
  2.2802952e-01
  1.8356869e+00
 -7.5790100e-02
 -1.6815803e+00
  2.0920539e+00
 -4.5457849e-01
  1.8537403e+00
  7.6446098e-01
 -1.2072157e+00
 -6.2241632e-01
  1.8094592e+00
 -2.6240590e-01
 -1.1191168e+00
 -6.5543610e-01
  2.2930303e+00
 -1.9345700e+00
  1.6583109e+00
 -1.5720644e+00
  7.9804617e-01
 -9.2303872e-01
  1.3581789e+00
 -1.2946955e+00
 -6.2611520e-02
  1.2108186e+00
  5.6727052e-02
 -3.1090441e-01
 -1.5498974e+00
  1.0642362e+00
 -8.6878258e-01
  4.2708889e-01
 -7.1495318e-01
  4.8595488e-01
 -4.7927342e-02
  1.5754156e-01
  1.5868901e+00
  2.6078200e-01
 -1.4722557e+00
  3.2719511e-01
 -1.5724305e+00
  2.5904086e+00
 -1.4897022e+00
 -8.4905422e-01
 -2.3387196e+00
  2.4907296e+00
  6.0323633e-02
 -2.4290694e-01
 -1.2032239e+00
  1.6682626e+00
  1.6210890e+00
 -3.6722749e-02
 -9.7093511e-01
 -1.9842664e+00
  1.3254430e+00
  2.8037904e-03
  1.6299319e-01
 -3.5819359e+00
 -1.0473365e+00
 -1.7906908e+00
  7.9567981e-01
 -1.8244817e+00
 -4.8747566e-01
 -2.1401803e-01
  7.3702466e-01
  5.9881157e-01
  7.8568846e-01
  9.9954873e-01
  9.1264540e-01
  1.6571635e+00
  1.4416463e+00
  1.3612993e+00
 -1.6964211e+00
 -3.1966472e-01
  3.7128545e-02
 -6.5781558e-01
 -1.0200119e+00
  6.0341811e-01
 -4.6774995e-02
 -2.6383467e+00
 -2.3400852e-01
  2.1083834e+00
  4.3349153e-01
  1.7028625e-01
  1.3833129e-01
  5.7383674e-01
  7.3393196e-01
  3.8047546e-01
  2.4037042e+00
  6.1009669e-01
  1.6952170e+00
 -6.4732820e-01
  2.9155581e+00
 -8.9166021e-01
  4.8825026e-01
 -7.1444499e-01
  1.4724668e+00
 -1.5888393e-02
 -4.7151208e-01
  1.1296921e+00
  8.2086366e-01
  4.2862883e-01
 -1.5230358e+00
  1.2259381e+00
 -6.1471868e-01
  1.2515061e-01
 -7.8076303e-01
  6.0466456e-01
  9.5480204e-02
 -2.4758644e-01
 -3.0224228e-02
  2.2628171e+00
 -1.0862420e+00
 -1.1835278e+00
  2.1512940e+00
 -1.4657266e+00
  1.4554114e+00
 -2.6770905e-02
  5.7681966e-01
 -5.5929917e-01
  1.2980528e+00
  4.2242151e-01
 -1.8137368e+00
 -1.2875495e+00
  9.7653341e-01
  1.0768039e+00
 -7.7861208e-01
  2.1450499e-04
  6.1307108e-01
  6.5826046e-01
  4.6313810e-01
 -3.3411250e-01
 -1.2948713e+00
 -3.3318859e-02
  8.1447607e-01
 -5.7452190e-01
 -2.1893437e+00
 -5.3005338e-01
 -7.2497331e-02
 -1.0993940e+00
 -1.8231471e+00
 -5.9764493e-01
  1.1188186e-01
 -4.3140888e-02
  2.2581233e-02
  2.2581233e-02
  2.2581233e-02
  2.2581233e-02
  2.2581233e-02
  5.8373779e-01
  5.8373779e-01
  5.8373779e-01
  5.8373779e-01
  5.8373779e-01
  2.9064590e-01
  2.9064590e-01
  2.9064590e-01
  2.9064590e-01
  2.9064590e-01
  8.6230174e-02
  8.6230174e-02
  8.6230174e-02
  8.6230174e-02
  8.6230174e-02
  2.9099487e-02
  2.9099487e-02
  2.9099487e-02
  2.9099487e-02
  2.9099487e-02
  6.2883735e-01
  6.2883735e-01
  6.2883735e-01
  6.2883735e-01
  6.2883735e-01
  7.3011661e-01
  7.3011661e-01
  7.3011661e-01
  7.3011661e-01
  7.3011661e-01
