nep4_zbl 2 Cu Zn 
zbl 1 2
cutoff 6 5 97 61
n_max 4 4
basis_size 8 8
l_max 4 2 1
ANN 80 0
  3.2922468e-01
 -4.5493367e-01
 -1.7748854e+00
  2.9647446e-01
 -1.7671679e-01
 -8.2021967e-02
 -9.7926408e-01
  8.8176739e-01
 -5.9063590e-01
  3.8133545e+00
 -7.5607240e-02
  1.0898452e+00
  1.4206810e+00
 -8.7728417e-01
  2.3546302e+00
 -2.4734654e+00
 -1.5184157e-01
  1.8011262e+00
  1.4720100e+00
  1.8079692e+00
 -1.0310038e+00
  3.3694656e+00
  8.0246592e-01
  1.0108267e+00
  4.5006296e-01
 -9.0874451e-01
 -2.3244429e-01
 -1.3469415e+00
 -1.3778088e+00
 -2.4122505e-01
 -3.6799356e-01
 -1.0801834e+00
  1.1111233e+00
 -1.3213848e+00
 -5.9813857e-01
 -7.2395301e-01
  9.9071848e-01
  3.8877332e-01
 -2.6998129e+00
  2.7921212e+00
 -1.7754544e+00
 -1.6685079e-01
  2.5979108e-01
 -4.8011700e-03
  6.4868462e-01
  7.8361183e-01
  2.4376377e-01
 -5.1296735e-01
 -2.4139574e-01
  2.2550181e-01
 -1.0111957e-01
 -1.8798068e-01
  5.7079293e-02
  1.0430428e-01
  2.4089767e-01
 -4.0145954e-01
  5.1930971e-02
  2.6910296e-01
  1.9969536e-01
 -8.7444997e-01
 -1.4222609e+00
  2.3541303e-01
  3.7471208e-01
 -2.4058592e-01
 -3.1235191e-01
  1.4921980e-01
 -8.9362180e-01
 -9.3054110e-01
  1.7062931e-01
  3.6328886e+00
 -4.6781775e-01
 -7.9312253e-01
  1.8385947e+00
 -1.0075160e+00
 -6.2284279e-01
 -9.9926043e-01
 -1.3650961e+00
  4.7771341e-01
 -4.5222580e-02
  1.5708879e+00
  1.3535275e+00
 -1.0105220e+00
 -2.9434767e+00
  1.8350238e+00
  1.3657056e+00
  5.2921522e-01
 -7.0607084e-01
 -2.3658555e+00
  2.7057317e-01
  3.8844121e-01
 -2.3892832e+00
 -7.4441081e-01
 -4.1679254e+00
 -1.2773725e+00
  7.6266810e-02
 -5.7308966e-01
 -6.2214184e-01
  7.9483759e-01
  1.3785055e+00
  7.0193634e+00
  6.7453207e-03
 -1.8013573e-01
  6.5760934e-01
  2.1296775e-01
 -2.6226900e+00
 -1.3560314e+00
  1.0080268e+00
 -1.2648122e-03
 -2.3651931e+00
 -2.1921017e+00
 -1.7892357e+00
 -2.7742422e-01
  5.2650309e-01
  1.6388545e+00
 -1.1636319e+00
 -1.5177933e+00
 -1.1802205e+00
 -1.9736315e+00
  1.8452023e+00
 -1.8251457e+00
 -1.9955324e+00
  3.3187288e-01
  4.2067051e+00
  4.2734924e-01
 -5.7820952e-01
 -3.1852478e-01
  7.0910096e-01
 -2.2499177e+00
  1.0080216e+00
 -1.2141439e+00
 -2.5427735e-01
  3.8295379e-01
  4.1956767e-01
  6.0281694e-01
  1.2377708e+00
 -4.4684607e-01
 -7.3345417e-01
 -8.8945025e-01
  5.6441098e-01
  2.7146539e-01
  7.8541833e-01
  1.2220934e-01
 -1.3768330e-01
 -9.1407531e-01
 -1.0517457e+00
 -7.7613378e-01
 -7.3389179e-01
 -5.9520394e-01
 -6.6793472e-02
  4.1558990e-01
 -1.3059421e-01
 -4.2401648e-01
  6.9695920e-01
  1.1822126e-01
  2.4587545e-01
 -5.6117344e-01
 -4.0801045e-01
 -5.4757363e-01
  7.9562426e-02
  6.2854815e-01
 -2.2307603e+00
  1.8481290e-01
  6.7149562e-01
  3.6498022e-01
  1.5272756e-01
 -4.3773726e-01
  3.1880644e-01
 -9.3712814e-02
  3.9538033e-02
 -5.1804662e-01
 -1.8864737e-01
 -1.7266060e-01
  3.6211029e-01
 -3.6832175e-01
  7.9724514e-01
 -6.8838316e-01
 -8.3721029e-03
  1.6472508e+00
 -6.9728690e-01
  1.1764444e+00
 -6.3708293e-01
 -1.2139741e+00
  5.5630761e-01
  2.1185113e-01
  2.5017747e-01
  1.0148561e+00
 -5.8964628e-01
  7.1687959e-02
  2.0421368e-01
  4.3270320e-01
 -6.0843688e-01
 -1.7754582e-01
  5.4748636e-01
 -6.2713462e-01
 -1.1841086e-01
 -3.2712176e+00
  5.0719994e-01
 -7.5477266e-01
 -5.7318735e-01
 -7.1095312e-01
  1.8158191e+00
  6.8520141e-01
  1.2115730e-01
 -6.9983470e-01
  8.1883115e-01
  2.5592163e-01
  3.9538184e-01
 -5.5555189e-01
 -3.3084440e-01
 -2.2359602e-01
  1.8255597e+00
 -2.5964427e-01
 -1.1983832e+00
  4.4995877e-01
  3.0450675e-01
  1.1119694e-01
  4.5434502e-01
 -1.4417911e-01
 -1.1745183e+00
 -7.7651751e-01
  4.0186602e-01
 -1.2647660e-01
  7.3259312e-01
  7.2820738e-02
 -6.0392395e-02
  7.8751922e-02
  6.7760611e-01
 -3.6568579e-01
 -1.9064727e+00
 -5.6490934e-01
 -1.8267517e-01
 -7.6650769e-02
 -9.7971362e-01
 -3.0594718e-01
  3.2582110e-01
  7.9325235e-01
  8.2142115e-01
 -1.4120191e-01
  1.5731078e-01
 -1.4506371e-01
  4.1661981e-01
 -2.1767209e-01
  3.2771614e-01
 -2.8585762e-01
  5.8333665e-01
 -2.5012684e+00
  3.3661991e-01
  6.1493695e-01
  1.0580869e+00
 -7.0602643e-01
  2.4036360e-01
 -4.8767531e-01
  2.6873766e-02
 -3.5561293e-01
  7.6069027e-01
  6.2751687e-01
  9.8231655e-01
  6.5100378e-01
 -2.0056961e-01
 -6.1921030e-01
 -6.1469465e-01
  1.6023248e-01
  1.9846603e-01
  1.4735092e-01
  3.3611831e-01
  3.1233421e-01
  3.7759599e-01
  2.9481912e-01
 -8.7308109e-01
  2.5720569e-01
  4.8284635e-01
  2.6026549e+00
  9.1764927e-01
  4.6423945e-01
  7.2743654e-01
  4.1634205e-01
  2.6343030e-01
  3.1601796e-01
  2.2650269e-01
 -7.7964830e-01
  1.5370063e+00
  2.8010392e-01
 -2.3037574e-01
  1.9322798e+00
 -5.5491066e-01
  2.5620815e-01
 -1.2863117e+00
  1.1155577e+00
  1.1633177e-01
 -9.5986152e-01
  9.1987795e-01
  3.0355898e-01
  5.8941746e-01
  1.2147508e+00
  6.1476815e-01
  4.0469912e-01
  2.5289741e-01
  2.6927533e+00
  6.4610273e-01
 -2.5122416e-01
 -9.6820056e-02
  9.7194338e-01
  1.4658874e+00
 -4.8776427e-01
 -1.0451902e+00
  7.5800329e-01
 -1.0104970e+00
  1.0189772e-02
 -5.5030739e-01
  3.0890849e-01
 -4.9877301e-02
  1.5202747e-01
 -1.3402812e-01
 -8.7505758e-01
  5.3347176e-01
 -4.1111463e-01
  3.4096521e-01
  2.6947260e-01
  9.9917126e-01
 -1.7106533e-01
  1.1824841e+00
  2.3075753e-01
  4.9938053e-01
 -4.6956736e-01
  1.0195696e-01
 -1.2567060e-02
  5.7184172e-01
  1.5451160e-01
 -1.5539838e+00
 -2.0883958e+00
  9.3824260e-02
  1.7403127e-01
 -3.9623904e-01
 -6.2055516e-01
  2.4436243e-01
 -2.3860987e-01
 -1.0136940e+00
  1.9331372e-01
  2.1069065e-01
  9.2649412e-01
  1.6761512e-02
  2.4398153e-01
  1.6018021e+00
  1.9877696e-01
  7.0529026e-01
 -3.5539651e-01
  4.8569199e-01
 -3.4592706e-01
 -3.9223558e-01
  1.3603244e+00
 -5.5640119e-01
  2.4645026e+00
  1.3409648e+00
 -1.7541567e+00
  6.7945302e-01
 -1.5934511e-01
 -7.6975912e-01
 -1.6855904e+00
 -5.0175261e-01
 -3.4645051e-01
 -9.9525020e-02
 -4.3751717e-01
 -9.4514477e-01
  6.8097807e-02
 -1.1527873e+00
  2.0541463e+00
  2.0520943e-01
 -9.1888523e-01
  2.3496100e-01
 -3.5015145e-01
 -1.5163885e-01
 -4.8376378e-02
 -1.3701679e+00
 -1.3484031e+00
  1.8197619e+00
 -1.2093556e+00
 -1.2759157e-01
 -1.7562504e-01
  3.7772539e-01
 -8.3576813e-02
 -1.6443986e-01
 -3.9768867e-02
  6.0854846e-01
  4.0780216e-01
 -1.1678801e+00
 -1.4400123e+00
 -4.0955213e-01
  2.5901392e-01
 -1.8609024e+00
 -1.7349054e+00
  6.4529359e-01
  8.2072121e-01
  5.4467857e-01
 -4.0946791e-01
  1.5042990e-01
 -2.8989792e-02
 -5.8176875e-01
 -2.1748471e-01
  2.8756532e-01
  3.1799352e-01
  1.5774050e+00
  1.4674727e+00
  7.3674917e-01
 -3.7190890e-01
 -6.2680566e-01
 -1.8474284e-01
 -1.0905787e+00
  8.3115190e-02
  5.8517367e-01
 -4.0681851e-01
 -6.8396902e-01
 -1.4139655e+00
  8.0476952e-01
  1.0313268e+00
 -6.4342451e-01
 -1.3963369e-01
  1.0326196e+00
  2.4291744e-02
  1.5242717e-01
 -2.1362672e+00
 -2.0074344e+00
  3.0677927e-01
 -2.3171034e-01
  1.4872388e+00
  3.8758889e-01
 -1.9073611e-02
 -1.5653832e-01
  6.3165709e-02
  8.2259423e-01
  8.8424462e-01
 -3.0254596e-01
 -3.9570677e-01
  1.3462295e-01
  3.7103251e-01
  1.4975268e-01
 -1.9115623e+00
 -4.8102260e-02
 -4.6277039e-02
 -8.4596947e-02
  2.5398275e-01
  5.6061399e-01
 -5.3013784e-01
  8.2246047e-01
 -5.8008218e-01
 -5.6386834e-01
 -7.3233795e-01
  1.0226127e-01
 -2.0201477e-01
  2.6355156e-01
  3.3948845e-01
  6.8664655e-02
 -1.6095173e+00
  1.4885981e+00
 -3.6101958e-01
  5.9895432e-01
  5.4151553e-01
 -1.6888700e-01
 -7.0665884e-01
 -1.7727199e+00
 -1.7228720e+00
  5.2306527e-01
  1.1181162e-01
 -1.0544837e+00
 -1.1767809e+00
 -5.8266866e-01
 -3.3874013e+00
  4.1946247e-01
  3.2111727e-02
  3.6273032e-01
 -4.3457849e-03
  3.7378752e-01
  4.9818256e-01
  4.6644518e-01
 -1.7687175e-01
  5.5958730e-01
  3.1796411e-01
  4.8662852e-02
 -4.9328098e-01
 -9.7902256e-01
  5.2337401e-02
 -5.8970428e-01
 -7.1886492e-01
  9.7270999e-03
 -3.3757412e-01
 -7.1129471e-01
  1.2047769e-01
  4.8065549e-01
 -6.5669985e-03
 -6.6594368e-01
 -1.0712653e-01
  1.1630205e+00
  1.1152257e-01
  7.0207983e-01
 -2.5414431e-01
 -1.0515841e+00
  2.9809582e-01
  1.3007243e-01
  4.6885225e-01
 -4.9233751e+00
  3.8104970e-02
  7.5613517e-01
  6.2184725e-02
 -2.2981602e-01
  3.7455058e-01
 -8.6870059e-02
  2.8789761e-02
 -9.7854137e-02
 -3.6244750e-02
 -9.7719270e-01
 -2.8467661e-01
  4.1094252e-01
  3.8520867e-01
  6.6833414e-02
  1.4880885e-01
  8.9245331e-01
 -1.9275314e-01
  3.6264330e-02
  6.4607434e-02
  4.2677259e-01
  1.9492316e-01
 -2.2705109e+00
 -4.0162405e-01
 -6.3848788e-01
 -1.1754173e-01
 -1.6367900e-01
 -2.1186261e+00
  4.6228275e+00
 -1.9016246e+00
  1.0703741e+00
 -2.1220541e+00
  9.7094423e-01
 -1.3637914e-01
  1.9398452e+00
  4.9194055e+00
  4.4481568e+00
  8.1592619e-01
  6.9723956e-02
  2.1882699e+00
  4.6080151e+00
  4.6638007e+00
  8.4608835e-01
  8.5236579e-01
  7.5214285e-01
  2.8279064e+00
  2.8205080e+00
  1.7828171e+00
  8.2410145e-01
  2.4908935e-01
  2.1419082e+00
  1.9593616e+00
 -3.5766709e-01
  6.9207989e-02
  7.5891636e-02
 -6.2934868e-02
  1.6163096e+00
  3.5655358e-01
 -8.9610390e-02
 -1.2890201e+00
  7.2725348e-02
  2.7893794e-01
  1.7889374e+00
  1.8943328e+00
 -7.7647096e-01
 -6.4779550e-01
 -1.4740335e+00
  1.8323386e-01
 -9.1123372e-01
 -2.7375653e+00
 -7.0360619e-01
 -1.6463195e+00
 -2.2353199e+00
  9.7324574e-01
  5.0706363e-01
  4.9913365e-02
  3.6736247e-01
  1.9681066e-01
 -6.6847974e-01
 -1.6064808e-01
 -3.1755337e-01
  4.6611196e-01
  1.5590725e+00
 -1.4483553e+00
  1.3883123e+00
  7.3073649e-01
 -1.5682667e-01
 -1.9319086e-01
 -5.1819868e-02
 -9.9753064e-01
  5.1995200e-01
 -2.3000410e-01
  2.7289426e-01
 -1.1146466e-01
  3.9775863e-01
 -4.4838122e-01
  2.2614786e-01
 -1.6353207e+00
 -1.8055640e-01
  7.4435747e-01
 -5.9124249e-01
  4.1220683e-01
 -2.3122326e-01
  5.1598586e-02
 -2.5871328e-01
 -7.3962623e-01
 -5.0332379e-01
  4.1508067e-01
 -9.3778974e-01
  1.7013347e-01
 -7.2312182e-01
  7.5642216e-01
  1.4078398e-01
 -3.9662257e-01
  1.3386591e-01
 -1.4886917e-01
 -4.3374455e-01
 -6.2380403e-01
  7.9479051e-01
  1.1907079e-02
  3.1499985e-01
  2.2570640e-01
  1.4503560e+00
  1.9178213e-01
 -2.4062102e-01
 -1.2997214e+00
  2.7100143e-01
  2.4846469e-01
  5.0512046e-01
  1.7096025e-01
  1.5389833e-01
  3.1119290e-01
  3.5351648e+00
 -1.0181830e+00
 -2.1755588e-01
 -1.9847143e-01
  6.5904431e-02
 -8.6239386e-01
  2.0479100e+00
 -5.6875485e-01
  3.4727722e-01
  4.8676398e-01
  3.3067539e-01
  4.6729013e-01
  4.7414884e-01
 -2.7773750e-01
 -6.0338545e-01
  3.9760385e-02
  8.2874292e-01
  9.3470573e-01
  1.5877824e-01
 -1.6347520e+00
 -7.4840218e-01
  4.0448818e-02
 -7.0706022e-01
  2.3360665e-01
 -2.7665224e-02
  3.8191003e-01
  1.6811413e-01
 -7.2039151e-01
 -1.9444562e-01
  1.3988487e+00
  6.2587976e-01
  6.1246592e-01
 -6.0229367e-01
  6.5713137e-01
 -5.5062443e-01
  1.7440219e+00
  7.6480633e-01
 -6.1477430e-02
 -2.2555389e+00
 -2.3580692e+00
  2.2902435e-01
  2.7359506e-01
  3.0445534e-01
 -2.2045615e-01
  1.3203996e-01
  3.2046786e-01
 -6.6679710e-01
  6.8712153e-02
 -1.6562775e-01
 -1.3379881e+00
 -2.2735906e-01
 -7.7073574e-01
 -4.7086591e-01
 -2.3895150e-01
 -2.1648102e+00
  3.3251759e-01
  7.8125912e-01
 -1.0082725e+00
  2.1538327e-02
  3.4533268e-01
  6.4291680e-01
 -3.1482387e-02
 -3.6364165e-01
 -2.2348697e-01
  1.2372544e-01
 -4.9891782e-01
 -6.2211132e-01
 -4.8934022e-01
 -2.0095265e-01
 -1.4041284e-01
 -6.6108239e-01
 -6.2721890e-01
 -7.2658038e-01
  2.7206054e+00
 -6.7781228e-01
 -2.0873424e-01
  7.2827019e-02
  2.5068516e-01
 -3.4833103e-01
 -7.5777575e-02
  5.6660652e-01
  8.8970524e-01
  2.5909927e-01
  9.1302201e-02
 -6.4640528e-01
 -2.4066789e-01
 -6.3191193e-01
  5.4229832e-01
 -3.6806609e-02
 -9.3661457e-01
  3.3285120e-01
  2.4008103e-01
  1.6977365e+00
 -5.5658486e-02
  8.4348015e-02
  7.6125763e-02
  3.0514520e-01
  2.2057177e-01
  7.2131193e-01
  7.9050338e-01
  5.7543796e-01
  1.4343631e+00
 -6.5867651e-01
  6.9948234e-02
  1.3346581e-01
 -3.2405145e-02
  3.3751577e-01
 -4.8803423e-02
 -6.3283402e-01
  1.4442735e+00
 -1.2004243e-01
 -3.2401487e-01
  8.1698382e-01
 -5.3290117e-01
 -7.1949536e-01
  7.5980686e-03
  1.7077318e-01
  3.3836529e-01
 -1.9557206e-01
 -4.1427380e-01
  6.4848441e-01
 -5.0191885e-01
  2.8538391e-01
 -8.4422920e-03
 -1.6981355e+00
 -3.5167617e-01
  2.8863710e-01
  9.6655166e-01
  7.0073795e-01
  7.1516931e-02
  6.4369726e-01
  2.5217164e-01
  3.9023820e-01
 -1.4122695e-01
  1.5425540e+00
  6.4795679e-01
 -1.2468231e-01
  3.2363344e-02
  1.6116002e-01
 -2.8534514e-01
 -1.0165211e-01
  2.0037913e+00
  2.8822646e-01
  1.0222154e+00
  5.5566400e-01
 -2.8624320e-01
 -7.0891690e-01
 -1.5988569e+00
  2.2058606e-01
  5.7688415e-01
 -6.3352436e-01
  1.6962595e-01
 -1.8595511e-02
  3.8046890e-01
 -7.0080036e-01
 -5.5753165e-01
 -8.0761433e-01
 -3.9447176e-01
  1.0828524e-01
  7.3201358e-02
 -9.1446124e-02
 -1.0249076e-01
 -5.7207406e-01
  2.6298130e-01
 -5.5755466e-01
 -1.6062942e-01
  2.1542918e-02
 -1.9782250e-01
 -2.2706929e-01
 -7.2882110e-01
 -3.4747207e-01
 -1.7147264e-01
  7.3983908e-02
 -1.9371964e-01
  2.7396563e-01
 -2.8171551e-01
  3.1564522e-01
  1.0611378e+00
  7.8316115e-02
  8.1841123e-01
 -1.8980068e+00
 -7.9446191e-01
 -3.8592191e+00
  3.3113220e-01
 -8.7000802e-02
  4.2977387e-01
 -4.0917569e-01
 -3.0287263e-01
  7.5734422e-02
 -6.3221268e-02
  5.6422031e-01
 -3.3712545e-01
 -2.8242311e-01
  2.0330381e+00
 -3.9630663e-01
 -2.6177878e+00
 -4.3385375e-01
 -7.0897591e-01
  3.6503166e-01
 -2.0559295e-01
  3.3205575e-01
 -2.1801497e-01
 -3.3445859e-01
 -2.1733525e-01
 -6.6142432e-02
 -1.5466870e-02
 -1.1947012e+00
 -1.0282559e-01
 -8.5027039e-01
  2.4024962e-01
  1.6089234e+00
  7.4227691e-01
 -7.0064998e-01
 -5.8459139e-01
  1.1495486e+00
 -1.8557866e-01
  5.8056325e-01
  2.4811625e-01
  1.3906401e-01
  3.1089750e-01
 -5.2848464e-01
 -3.4409335e-01
  4.5460322e-01
  1.4866488e-01
 -7.1011856e-02
  1.1656619e+00
 -1.2416993e-01
 -3.1574726e-02
 -4.5606396e-01
  3.8977206e-02
 -1.5987042e-01
  6.8526134e-02
  5.6378913e-01
 -5.7780486e-01
 -3.4645465e-01
 -4.9359936e-01
 -1.3978015e-01
 -1.2195282e+00
 -6.4351869e-01
 -6.8171912e-01
  2.6718059e-01
 -3.7550923e-01
  1.2284083e-01
  1.0510120e+00
 -1.2122962e+00
 -6.2280148e-01
  2.2582836e-01
 -6.2414634e-01
 -2.2690644e+00
  1.0185073e-01
 -1.2523256e-01
 -3.1615737e-01
  9.6987653e-01
 -1.2864327e+00
  8.8777858e-01
 -5.1400048e-01
  3.0529454e-01
  1.7901047e+00
  2.3057197e-01
  1.2921378e-01
  1.7299874e-01
  4.8429084e-01
  9.9935865e-01
 -7.6923436e-01
  8.8758743e-01
 -1.0673835e+00
  2.3184958e+00
 -7.5832230e-01
 -4.8278373e-01
 -3.4964469e-01
 -2.1942002e-01
  1.4216693e-01
 -4.1208413e-01
  3.1807756e-01
  5.2259699e-02
 -3.9408609e-01
 -5.5629206e-01
  1.4287268e-02
 -2.5937173e-01
  9.3028885e-01
 -5.3526455e-01
 -1.9318790e+00
  3.9960673e+00
 -1.8809990e+00
 -2.1890049e+00
 -5.1003140e-01
 -7.3157811e-01
 -3.1488585e+00
  9.2065150e-01
 -1.6915532e+00
  8.0581892e-01
 -1.4511638e+00
  1.1350974e-01
 -3.9911026e-01
  1.3400930e+00
  1.0073875e-02
 -5.5115646e-01
 -1.6211292e+00
  3.2423487e-01
  3.4747335e-01
 -8.1228697e-01
  1.4237691e+00
 -7.1199670e-02
 -1.9591860e-01
  1.2457434e+00
  9.5304108e-01
  2.1680585e-01
  8.0327916e-01
 -4.6789974e-01
  5.7438016e-01
 -5.5140078e-01
 -1.6078615e-01
 -9.0644479e-01
 -1.6387618e-01
  7.9385746e-01
  1.0532925e-01
  5.5173481e-01
  1.2498078e+00
  2.0457644e+00
 -2.9322526e+00
 -2.2090471e+00
 -2.2779496e-01
  1.0871263e+00
 -1.4628546e-01
 -1.0200773e+00
 -4.0184450e+00
  3.0899602e-01
  1.4823586e+00
 -3.3247310e-01
 -1.5535026e+00
 -1.9403151e+00
  2.7479735e-01
 -6.0926241e-01
  8.9831853e-01
  9.4933522e-01
  5.0309163e-01
  1.2415642e+00
  5.9274024e-01
 -3.3847851e-01
 -1.8445219e-01
  1.1272659e+00
  1.2679148e-01
  9.2221510e-01
 -3.7944812e-01
  3.5067514e-02
  5.2833408e-01
  1.4637835e-01
  1.2550098e-01
  7.4895650e-01
 -3.0056882e+00
  2.5782710e-01
 -1.8935937e-01
 -1.7121103e-02
 -1.4393479e+00
 -1.3186401e+00
  5.7200734e-02
  4.4130075e-01
 -4.7413789e-02
 -6.2198424e-01
  5.0930150e-02
 -7.3813182e-01
  1.6766849e-01
  2.2049499e+00
  2.5690421e-01
 -1.5840260e+00
 -7.5960702e-01
 -1.9969945e-01
  1.6612338e+00
 -2.1199320e-01
 -7.6165187e-01
  5.0404578e-02
 -4.3921062e-01
  5.4536808e-01
  1.5218486e-01
 -1.3346620e-01
  2.7142115e-02
  8.2378572e-01
 -2.9544654e-01
  4.7507450e-02
 -5.7796687e-01
 -2.5246683e-01
  3.8063824e-01
 -1.0483329e+00
  1.3131885e-01
 -7.0190704e-01
 -1.7921855e+00
 -1.4955214e-01
  1.8187401e+00
  8.5997218e-01
  4.8574013e-01
  2.5706798e-01
 -6.6405475e-01
  3.9819121e-01
 -1.5585837e-01
 -9.5891160e-01
 -4.9757624e-01
 -1.0307186e+00
  6.5273690e-01
 -2.2740947e-01
  1.3691960e-01
  5.0949979e-01
 -6.0515809e-01
 -1.8823875e-01
  3.4857234e-01
  4.5363688e-01
 -7.8829104e-01
 -2.2576133e-02
  5.5353773e-01
 -3.0824208e-01
 -8.5153721e-02
 -6.9026493e-02
 -1.8215619e-01
  3.9923465e-01
 -4.6050641e-01
  2.9262669e-02
 -1.1326445e+00
  1.4197445e-01
  1.0670614e-01
  2.7412081e-01
 -7.8296620e-01
 -1.8824320e+00
 -3.0614963e-01
  6.3499552e-01
  3.3984864e-03
  5.0541908e-01
 -2.2646762e-01
 -3.1282699e-01
  2.2066467e-01
 -2.0556021e+00
 -2.1326104e-01
  2.2584571e-01
 -2.5321993e-03
  2.9967797e-01
 -2.1522011e-01
  1.7482354e-01
  6.1942297e-01
  6.2628448e-01
  1.0849781e+00
  6.5467286e-01
  4.5893225e-01
 -2.1056123e-01
 -2.3187301e+00
  1.1577018e-01
 -3.4810743e-01
  3.0928320e-01
 -3.0976886e-01
  8.8356726e-02
 -3.5573626e-01
 -1.9675124e-01
  1.2108193e-01
 -2.0248002e-01
 -1.8458561e+00
 -9.5411971e-02
 -2.5329405e-01
 -4.1919824e-01
 -1.8847535e+00
  2.9704961e-01
 -2.9066327e-01
  3.3404064e-01
  7.0204782e-01
  6.4282632e+00
 -6.3348377e-01
  1.9994567e-01
  3.2250643e-01
  4.3103415e-01
  5.8152145e-01
  1.8692126e+00
 -1.0409866e-01
 -1.1799141e+00
 -1.4930399e-01
 -4.7214855e-02
 -4.3790287e-01
  6.8395036e-01
 -1.9465343e+00
 -2.1415727e-01
  5.5852503e-01
 -1.9803812e-01
  1.6496594e-01
 -1.0432278e-01
  7.0902601e-02
 -3.4486043e-01
 -7.0742494e-01
  1.3861632e-01
  1.5863690e-01
 -2.9295224e-01
  1.3689777e-01
  4.1372214e-02
 -1.3766794e+00
 -1.7039162e-01
 -9.1716282e-02
 -1.2670586e+00
 -3.5039976e-01
  2.7994573e-01
 -3.5198893e-02
 -8.3242515e-03
 -4.3992892e-01
 -4.4740686e-01
  1.8287483e-01
  2.9038957e-01
 -4.4802839e-01
  8.3836126e-01
  6.3400340e-01
 -1.6100764e-01
  7.0665258e-01
  2.2766519e-01
  5.7573694e-01
  2.4304979e-01
 -3.9493886e-01
 -1.0114929e-01
 -5.9542544e-02
  1.7806339e-01
  1.1793034e+00
  2.8829855e-01
  2.7690220e-01
  2.5873965e-01
 -7.2590500e-01
  4.1566223e-01
 -2.8449795e-01
  1.1918642e-02
 -5.7597309e-01
 -2.0521207e+00
 -3.9073592e-01
 -4.9546742e-01
  4.6879861e-01
 -1.2938966e-02
  1.2314293e+00
 -3.7801298e-01
 -3.9806135e-02
 -3.1915834e+00
 -8.3770353e-01
 -4.7375700e-01
 -3.6733545e-02
 -2.9400131e-01
  1.1093917e+00
  2.6280862e-01
  1.5941155e+00
 -5.3523517e-01
  1.2803763e-01
 -1.2550366e+00
 -4.4059440e-01
  8.9476585e-01
 -1.0858207e+00
  4.3459836e-01
  2.3778373e-01
  8.1630152e-01
  1.9825608e-01
 -1.5444630e-01
  6.4527619e-01
 -8.7254226e-02
  5.1295125e-01
 -4.8584007e-02
  1.1940199e+00
 -3.3157602e-02
  4.3687147e-01
 -5.3896725e-01
 -4.3869203e-01
  1.5803052e-01
 -4.8111930e-01
  3.0540273e-01
  1.1904414e+00
  6.9734544e-01
  3.8578671e-01
  3.5645345e-01
  4.1536948e-01
  3.6589243e-02
 -1.0235435e+00
  1.7086353e+00
  3.5797745e-01
  7.3055375e-01
  4.9453627e-02
 -1.1312716e+00
 -2.1446018e-01
 -1.2287751e+00
 -3.6023173e-01
 -7.5526786e-01
 -8.4122322e-02
 -3.1690124e-01
  5.8079928e-02
  2.1578705e-01
 -2.4453850e+00
  3.0772567e-01
 -5.5548614e-01
 -2.1787608e-01
  7.0244275e-02
 -4.6988383e-02
 -1.2033670e+00
  1.1836041e-03
  9.0403551e-01
  1.2909353e-01
 -7.1894717e-01
 -7.0118612e-01
  7.7165252e-01
 -1.8948749e-01
  7.4577427e-01
  1.7130518e-01
 -1.1156228e+00
 -9.7079426e-01
 -1.4773501e+00
  7.1993691e-01
  3.1357023e-01
  9.5922077e-01
  4.7380710e-01
  5.3082639e-01
  5.1420832e-01
  7.6808339e-01
  7.8786039e-01
  5.0496393e-01
 -3.4467191e-01
  2.5353697e-01
  6.6654086e-01
  3.7918365e-01
 -2.9478011e-01
 -4.7404811e-01
 -1.1453989e+00
  2.3632997e-01
  6.9739020e-01
  1.6172554e-01
 -4.0607035e-02
  5.6490254e-01
 -9.9304784e-03
 -7.7897006e-01
  1.7738949e+00
 -4.1109934e-01
  2.2682972e-01
 -3.3012825e-01
 -5.8254216e-02
 -3.4389713e-01
  2.8362451e-02
 -2.5129691e-01
 -5.3003849e-03
 -1.9727458e-01
  8.8585007e-01
 -5.1517028e-01
 -1.0190148e+00
 -1.5303456e-02
 -4.6172509e-01
  2.9442901e-02
  1.0479430e-01
 -1.2970933e+00
 -4.3365408e-02
 -2.9443467e-01
 -3.3100655e-03
  5.9855300e-01
  1.2238751e-02
  1.2707934e-01
 -9.1983952e-02
 -6.0905226e-02
  3.9738480e-02
  2.2614233e-02
  3.3729590e-02
 -3.5456887e-01
  1.2915224e-01
 -1.7428025e+00
  1.7155357e-01
  1.4697638e-02
 -1.0673878e+00
  3.4665188e-01
  3.8963217e-01
  3.4291196e-01
  1.5598799e+00
 -2.3389570e-01
 -6.7029738e-01
  6.0898244e-01
 -9.0178996e-01
 -5.6148988e-01
  3.8274565e-01
  3.9195174e-01
 -1.1748300e+00
  1.7145078e-01
  3.2619531e+00
 -5.2903593e-01
  2.9420736e-01
  5.6556308e-01
  4.9654033e-02
 -7.1640414e-01
 -1.5331302e+00
  5.0100839e-01
 -9.1261280e-01
  6.3182288e-01
  5.7222432e-01
  4.8004740e-01
 -6.0798305e-01
  4.1677606e-01
  7.5569578e-02
 -1.0992358e+00
  5.2004331e-01
  1.5870122e+00
 -3.1560230e-01
  2.5224624e+00
 -5.1352924e-01
 -4.8976508e-01
  1.9610830e-01
 -3.1540731e-01
 -5.3266179e-02
  3.0955175e-01
 -5.9780574e-01
  3.3522785e-02
 -1.8490897e+00
 -2.7326050e-01
  9.6521907e-02
  2.4796097e+00
 -1.1371541e+00
 -6.2543130e-01
 -1.2990457e-02
 -2.9122072e-01
  2.5244612e-01
 -1.9637872e-01
  3.7183096e+00
  4.1229868e-01
 -9.2974269e-01
  4.9104443e-01
 -2.2074685e-01
  4.4804466e-01
  9.2036501e-02
 -2.1363176e-02
  8.3794825e-02
  2.2044063e-01
 -9.7455233e-02
 -3.2228310e-02
  1.1512418e+00
  2.4949448e-01
 -3.1507802e-01
  3.8790402e-01
  4.4133383e-01
  9.0788752e-01
  7.0250320e-01
  5.2367363e-02
 -4.7782215e-01
 -5.7960045e-01
 -3.3118606e-01
  5.6403601e-03
  4.2837793e-01
  2.6013708e-01
 -4.1998023e-01
  2.9677406e-01
  1.3185958e+00
  3.4129378e-01
 -9.8614550e-01
 -2.0591540e+00
  3.9988112e-01
  6.8312240e-01
  1.8985030e-01
  1.3597897e-01
 -4.9878880e-01
 -5.1231533e-01
 -5.5242288e-01
 -3.8676648e+00
 -1.3398445e-01
 -6.6720217e-01
 -3.9665878e-01
  3.0850181e-02
 -1.3931279e+00
  5.2975190e-01
 -6.1553526e-01
 -1.3880876e-01
 -1.4849583e+00
 -3.4531805e-01
  3.5711578e-01
 -2.4731579e-01
  5.1146988e-02
 -5.3360528e-01
 -1.2339840e-01
 -5.4043072e-01
 -1.1435468e-01
 -6.0205001e-01
  3.5842752e-01
  3.0133232e-01
 -3.3893846e-02
  2.8411302e-01
  4.4392368e-01
 -1.5906775e+00
 -8.6697647e-03
 -1.0559270e+00
 -7.5718290e-01
 -1.0910546e-01
 -2.7159366e-01
 -2.3738867e-01
  2.1734138e-01
  1.6752964e-01
  9.6300907e-02
  3.3142176e-02
 -8.7150264e-01
  6.3916254e-01
 -1.3933891e-01
 -4.1710439e-01
  2.4850571e-01
 -3.3443257e-01
  1.6343132e-01
  8.8741571e-01
  1.0457239e-01
  1.6278166e-01
 -4.8117559e-02
  1.9028339e-01
 -3.2115629e-01
  1.2975384e-01
  5.4723382e-01
  3.3541182e-01
 -1.1959060e-01
 -2.9583436e-02
 -5.1188719e-01
 -5.8131325e-01
  1.2660568e+00
 -6.6044348e-01
  2.0327555e-01
  4.8859295e-01
 -1.1667850e+00
  3.1547406e-01
 -4.4078100e-02
  8.3221555e-01
 -4.9521261e-01
  1.2940488e+00
  2.2385013e-01
 -1.3537301e+00
 -9.8366272e-03
 -1.7290772e-01
  1.7979215e-01
  1.2837113e-01
  2.5718650e-02
  1.4704490e+00
  3.5894012e-01
 -1.7733449e-01
  1.2633722e-02
  1.0057056e-01
  4.8044229e-01
 -1.1615857e+00
 -5.4568619e-01
 -3.7611213e-02
  4.1448602e-01
  1.2393299e-01
 -1.0528029e-01
  2.9883584e-01
 -9.5678240e-02
 -2.1634707e-01
 -7.6466143e-01
  6.6336274e-01
 -4.1694054e-01
  2.6964435e-01
  1.1307446e-01
 -6.9647625e-02
  3.1088903e+00
  3.4470421e-01
 -2.1595648e-02
 -4.8912504e-01
  3.4905496e-01
  2.4472114e-01
 -8.9122027e-01
 -3.4611024e-02
  9.9689102e-01
  3.9826903e-01
 -4.9347094e-01
 -6.8231529e-01
 -1.3222550e-01
 -2.0273723e-01
 -1.9234776e-01
 -4.8397552e-02
  1.1924533e+00
 -2.3508394e+00
  9.7394115e-01
 -9.6966410e-01
  8.0525857e-01
 -4.7087109e-01
 -1.7793165e-01
 -5.3787816e-01
  1.3946113e-02
 -5.5235398e-01
 -4.4651967e-01
  5.0827354e-01
 -5.8761400e-01
 -2.9757279e-01
  2.1330546e-01
  3.0324101e+00
 -2.6505096e-02
  8.6531267e-02
 -4.7900839e+00
  3.1859463e-01
 -1.1274318e+00
  1.1189536e+00
  8.4617847e-01
  1.1879785e+00
 -1.5289426e-01
 -1.9811790e-01
  6.6693068e-01
 -1.3668801e-01
 -9.2577666e-02
  1.4448908e-01
  1.2874144e-01
  3.4791213e-01
  4.1080389e-02
  1.3364499e+00
 -3.9810491e-01
  5.3997326e-01
  5.2333528e-01
 -2.9690513e-01
 -3.6838436e+00
 -2.6593116e-01
 -8.5536629e-01
 -3.8078737e-01
 -5.5894518e-01
  4.3148198e+00
 -1.1427504e+00
  3.5957181e-01
  8.7633640e-02
  2.3963827e-01
 -1.4549951e-01
  4.6666890e-01
  2.3994640e-01
 -1.0885344e+00
 -1.3434863e+00
 -1.1924902e+00
  1.1757929e+00
 -1.0418189e+00
  1.5498108e-01
  1.4620819e+00
 -9.0397060e-01
  4.7485583e-02
  4.0772533e-01
  7.2356877e-03
  2.0980752e-01
 -4.9275872e-01
 -8.5727400e-01
 -7.0683718e-02
 -2.6472809e+00
 -3.1624070e-01
  5.9843457e-01
 -3.3678001e-01
 -5.5613674e-02
 -1.5501148e+00
  2.3957740e-01
  2.2543250e-01
  5.1402110e-01
 -3.6890599e-01
  2.3875704e-02
 -1.6429467e-01
 -4.3277156e-01
 -9.3436962e-01
  2.2194062e-01
  8.4409714e-01
 -3.0654615e-01
 -8.6786920e-01
  1.7032245e-01
  6.1347032e-01
  1.0455348e-01
 -7.7757645e-01
  5.0014067e-01
  7.8413677e-01
  3.3564885e+00
 -6.9933403e-01
 -5.7315361e-01
  2.1349447e+00
 -3.0404646e+00
 -5.1571459e-01
  3.2548401e-01
  5.1780468e-01
  7.6820076e-01
  1.3839056e-02
 -4.7911750e-03
  4.4003036e-02
 -2.5227395e-01
  1.0394008e+00
  1.1466273e+00
  1.3316051e+00
  1.0280260e+00
 -1.2435562e-01
 -3.1106591e-01
  4.4404817e-01
  3.7160853e-01
  1.6758977e-01
  4.8759960e-02
 -4.5224860e-01
 -4.4778579e-01
 -3.5468742e-01
 -3.9630964e-01
  1.9003112e+00
  3.3419767e-01
 -1.6575225e-01
  6.3197710e-02
 -1.2651451e+00
 -3.1969899e-01
 -4.9446326e-01
  1.2385332e-01
  9.9006557e-01
 -1.4583710e+00
  1.4672241e+00
  2.6946082e+00
  1.1768914e+00
 -6.0094458e-01
  4.6850440e-01
 -1.3188025e-01
 -2.9561150e+00
 -9.5280921e-01
  9.4239897e-01
  7.1469806e-02
 -5.0138330e-01
 -4.5277694e-01
  6.1444151e-01
  2.2394869e-01
 -1.3431159e-01
 -5.6243192e-02
  3.2870948e-01
  1.5004123e+00
  8.4534872e-01
 -1.4853213e+00
 -1.6209185e+00
 -1.3530228e-01
 -5.6976753e-01
 -8.2092178e-01
 -5.7596207e-02
  1.4602438e-01
 -5.1888561e-01
  4.2458168e-01
  1.9404060e-01
 -1.7680638e+00
 -6.1258972e-01
  6.3060069e-01
  1.1056174e-01
  3.4631041e-01
 -1.4214344e-02
  3.7813357e-01
 -2.2594558e-01
  8.6378700e-01
  1.4967275e+00
 -5.6352860e-01
  4.0328294e-01
  5.6968147e-01
  9.4920814e-01
  2.0591507e+00
 -5.4716510e-01
 -1.6723200e+00
  2.0624776e+00
  3.9962870e-01
  2.6035936e+00
  1.1321710e+00
  2.9223335e-01
  2.1481886e+00
  3.4294746e+00
 -1.6029236e+00
  3.7072301e-01
 -1.1889104e+00
  2.0852306e+00
  1.0460751e+00
 -1.1153167e+00
  7.0726448e-01
  3.4687199e-02
 -7.9750353e-01
  1.3751731e+00
 -1.9941956e-01
  1.9910874e-02
 -1.7290204e+00
  1.0315195e+00
 -1.0642949e+00
  1.5823690e+00
 -8.5430928e-02
  1.3183497e+00
 -3.9024889e-01
 -3.0510989e-01
 -9.2825127e-01
 -1.6141696e-01
 -1.0650598e-01
  9.4890672e-01
 -9.7486816e-02
  4.5108762e-02
 -1.6476250e-01
  3.4128759e-02
 -3.1331122e-01
  2.1885329e-01
 -7.8621015e-02
 -1.2002918e-01
  5.0796145e-01
  1.2448731e-01
 -1.9400215e+00
  2.4453953e-01
  2.0007890e-01
 -2.7459362e-01
 -1.5298945e-01
 -2.0615199e-01
  7.0237160e-01
 -1.3564050e+00
  3.5914603e-01
  2.6933575e-01
 -8.6227216e-02
 -2.4895281e-01
  5.3877735e-01
  7.1098106e-03
  4.7565363e-02
 -3.2701090e-01
  8.9864695e-01
  1.5979403e+00
  3.2099600e+00
 -1.7030362e+00
 -2.5276788e-02
 -5.9850186e-01
  5.4917872e-01
 -9.8358035e-01
  9.0887666e-01
 -8.6946599e-02
  7.1856183e-01
 -9.8143786e-01
 -6.9094366e-01
 -1.5400199e+00
 -8.9737171e-01
  4.3001976e-02
 -1.6255351e+00
 -2.3038974e+00
 -1.6834124e+00
 -1.1838152e+00
  2.6867273e+00
 -7.5803065e-01
 -1.1985945e+00
  3.3041686e-01
  1.0646474e+00
  2.0863731e-01
  1.6799972e+00
 -7.8008557e-03
 -2.1712914e+00
  1.3602272e+00
  7.3846513e-01
 -1.9748857e+00
  2.1890527e-01
  4.0411127e-01
  4.6895224e-01
  9.0460593e-01
 -1.1500275e+00
 -7.4215806e-01
  3.5211208e+00
 -8.2774872e-01
  3.8745567e-01
  4.1168815e-01
 -1.4024636e+00
 -3.5643274e-01
 -2.7413046e+00
  1.6065767e+00
  9.3114722e-01
  2.6248689e+00
 -2.0526158e-02
 -2.3472650e+00
 -5.1433116e-01
 -5.4956931e-01
  1.4383513e-01
  4.6861780e-01
  1.7402774e-01
 -8.9280866e-03
  1.5209222e+00
 -3.2663441e-01
 -2.4007928e+00
 -2.4479085e-01
 -1.4094560e-01
 -3.5671932e-01
  7.0610338e-01
  3.2815737e-01
 -6.7683138e-02
 -1.2161443e-01
 -4.4668868e-02
  1.3006580e-01
 -6.0080975e-01
 -1.6043103e+00
  1.0191878e+00
  7.7699542e-02
  1.4188330e+00
 -2.5671065e-01
 -4.8970330e-01
  1.2147967e-02
  2.3591739e-01
 -1.9512822e-01
 -7.0419037e-01
  1.4499927e-01
 -1.7590954e+00
 -2.5007889e+00
 -6.1557031e-01
  1.3041518e+00
 -2.8099218e-01
  4.5751116e-01
  5.6831341e-02
 -7.6706189e-01
 -1.5551616e+00
  4.7705114e-01
  4.9956385e-02
  5.7256854e-01
 -1.7165887e-01
 -7.9879612e-01
 -3.9528474e-01
 -1.4290218e-01
 -3.8504949e-01
  1.4578830e-01
  4.6674517e-01
 -1.2548161e-01
 -1.4980257e+00
  1.0400256e+00
  4.6441886e-01
  6.8536156e-01
  6.4367169e-01
  2.6017632e+00
  4.0771547e-01
 -8.8669676e-01
 -8.7589616e-01
  1.5633556e-01
  1.7117745e-01
  6.4722300e-02
 -6.0054719e-02
  5.9274691e-01
 -1.9817677e-01
 -5.5528623e-01
  2.3345795e-01
 -2.1686734e-01
 -2.5955144e-01
  3.8227934e-01
  8.5453242e-01
 -1.9974454e-01
 -7.2536999e-01
  2.3246333e-01
  2.3179972e-01
 -5.3248620e+00
 -4.9739709e-01
  1.9358311e-02
  3.0489168e-01
  5.0370729e-01
 -3.9842641e-01
 -3.2961618e-02
 -7.0361666e-02
  8.5538971e-01
 -6.1351717e-01
  3.6151230e-01
 -9.5417701e-02
 -3.0434224e-01
  1.0265672e+00
  3.3915356e-01
  1.1676749e+00
 -3.1452358e-02
  9.8783082e-01
  2.3851657e+00
 -1.0243363e+00
 -3.1960955e-01
 -5.5823934e-01
 -5.2022743e-01
 -9.2042029e-01
  5.2212280e-01
  1.9406325e+00
 -3.4742933e-02
 -1.3005379e+00
  2.1847519e-01
  7.8209591e-01
  4.2961743e-01
  2.9261759e-01
 -6.3089943e-01
 -3.8366348e-01
  1.1404128e-01
 -3.0832574e-01
 -2.4950323e+00
  2.8434986e-01
 -8.2281128e-02
  1.0121993e-01
 -7.5278592e-01
  2.6068410e-01
 -6.7738062e-01
  7.3792562e-03
  2.0224044e+00
 -1.9225593e-01
  1.9462998e-01
  5.0533056e-02
 -2.5615340e-02
 -3.4273219e-01
 -1.5986561e+00
 -2.3089777e-01
  9.1291094e-01
 -1.0248499e+00
 -2.6709265e-01
 -6.1552044e-02
 -8.4287636e-02
 -6.5199572e-01
  8.3728790e-01
 -4.1251448e-01
  5.1205075e-01
  7.2112739e-02
  1.5868235e-01
 -6.2478739e-01
  6.5672398e-01
 -2.8512296e-01
 -1.7879416e+00
  2.7908443e-02
  4.8952758e-02
  1.3056250e-01
  8.7203002e-01
  3.4618035e-01
 -5.6522000e-01
 -9.9603608e-02
 -1.2625264e-01
  4.6368369e-01
 -3.8158539e-01
 -9.1490620e-01
 -1.2320844e+00
 -7.7109034e-03
  1.2412266e+00
  2.0991230e-01
  1.9653417e+00
  4.7419661e-01
  5.0316286e-01
 -4.0770072e-01
 -9.6098745e-01
  4.8787132e-01
 -1.5683874e+00
  1.6500784e+00
 -1.4481179e-01
 -1.5978754e-03
  5.1710409e-01
  9.1010720e-01
  2.7151796e-01
  1.2442693e-01
 -3.6032581e-01
 -5.3304094e-01
  7.3084451e-02
 -5.4969513e-01
  4.2065274e-02
 -4.4914433e-01
 -2.1017456e-01
 -2.5407121e-01
  9.1929458e-02
 -4.9816981e-02
  2.2485536e-01
 -1.0091525e+00
  3.9617389e-01
 -1.1543377e-01
 -1.1049702e+00
 -1.1787011e-01
 -4.9193555e-01
  2.9910691e+00
  4.2205594e-02
  8.9117959e-02
 -4.9424199e-03
 -4.1042843e-01
 -1.0883140e-01
 -4.5395201e-01
  3.6308718e+00
 -1.7172287e-01
 -4.4227177e-01
 -6.4003080e-01
 -5.2958941e-01
 -8.5689150e-02
  6.6488922e-01
 -8.5694253e-01
  4.3475720e-01
  1.3011815e-01
  4.2342186e-01
 -6.8641907e-01
 -2.2014698e-01
  1.0103838e+00
  1.8745580e-01
 -3.3013168e-01
  1.3628227e+00
  2.0058666e-01
  5.1232821e-01
 -3.8677618e-01
  2.2996755e+00
 -6.6099244e-01
  2.2563189e-01
  2.6217234e-01
  3.5551822e-01
 -2.0067386e-01
  6.9084889e-01
  8.6814553e-02
  6.3070804e-02
 -4.0033928e-01
  5.7338830e-02
 -3.9439663e-01
 -7.0128247e-02
  4.3700948e-02
  2.5823241e-01
  5.2516502e-01
 -8.1516415e-01
 -7.4035281e-01
  3.3418982e+00
 -3.9828572e-01
 -7.6874936e-01
  6.6529477e-01
 -8.0026738e-02
  4.7466062e-02
  8.4918350e-01
 -6.3271976e-01
 -1.0152773e+00
 -8.0695570e-01
  1.0621327e-02
 -9.9105692e-01
  5.6550789e-01
  4.3965197e-01
 -4.7309711e-04
  3.4964275e-01
  1.2619795e-01
  2.1136620e+00
 -3.2777163e-01
  6.9487855e-02
  5.7928987e-02
 -1.7767417e-01
  1.9641533e+00
 -6.2002629e-01
 -1.1577636e-01
  5.8196455e-01
 -2.2850151e-01
 -1.0206085e-01
  3.2421052e-01
 -1.0344620e-01
  6.3736129e-01
  3.6658844e-01
 -3.7134175e+00
 -5.1331677e-02
  8.6424106e-01
 -1.2892510e+00
 -3.0572534e-01
 -6.1741054e-01
 -6.0378218e-01
 -3.9387292e-01
 -2.1735888e+00
  3.2658154e-01
 -1.2848508e-01
 -1.7703378e-01
  1.6422913e+00
  1.9996141e-01
 -5.9759879e-01
  5.4661083e-01
 -3.1263450e-01
  2.2445458e-01
 -5.9380252e-02
 -3.9996660e-01
  6.5499961e-01
  9.3120205e-01
  2.6559476e-02
 -1.3835195e-01
 -2.0487207e-01
 -4.3600777e-01
 -2.5626257e-01
  2.3808886e-01
 -1.8775463e-01
 -4.2956254e-01
  2.1341081e-01
  1.9635042e-02
  4.4913054e-01
 -1.2229726e-01
  4.8621789e-01
  2.7784348e+00
 -4.4744417e-01
 -1.5524565e+00
 -3.6092812e-01
 -1.8443778e-01
 -5.1479256e-01
 -3.2631546e-01
 -3.3366629e-01
  3.8401961e-01
  3.6381063e-01
 -4.8015654e-01
  3.1652611e-01
  2.0190568e+00
 -1.8973300e+00
  1.1967225e+00
  5.2262968e-01
 -5.3018892e-01
  4.2238125e-01
 -3.8256902e-01
 -2.0422174e-01
  3.0836847e-01
  3.7508616e-01
  2.7870649e-01
 -2.8746155e-01
  3.2010124e+00
  2.9204044e-01
 -4.9799606e-02
  9.7611964e-01
 -9.9020445e-01
  1.9750513e-01
 -3.9739212e-01
 -7.1741092e-01
 -1.3303053e+00
 -1.2716564e+00
 -8.9968991e-01
  4.0793104e+00
 -1.3896917e-01
  1.2687731e+00
 -1.7434542e-01
  4.1278854e-01
 -9.5186509e-02
 -4.7185683e-01
  3.2506540e-01
 -3.0515668e-01
  4.3510690e-01
  2.8078464e-01
  8.6917929e-02
  1.5317639e+00
  3.8573247e-01
  7.1091485e-01
 -2.8977473e+00
 -4.9125382e-01
  2.6979232e-01
  5.3393954e-01
 -2.2930692e-01
  4.4637117e-01
  1.3251601e-01
 -3.3929905e-06
  1.4889147e+00
 -2.3710599e+00
  1.3194741e+00
  1.7742544e-01
  8.4383667e-02
 -2.7182603e-02
  4.4943985e-01
 -8.4517777e-02
  2.6816201e-01
 -1.8653277e-01
 -3.0579147e-01
  1.2040388e-01
  4.0067688e-01
  8.9987838e-01
 -6.3453704e-01
  3.9556116e-01
 -4.5708385e-01
  2.7504587e+00
 -4.5773324e-01
 -7.6339483e-01
 -1.2817611e+00
  2.1577778e+00
 -2.2404966e-01
  5.3760636e-01
  2.5150578e+00
 -9.1611511e-01
 -1.4802102e+00
  1.9495802e-01
  4.7400102e-02
 -2.6478851e-01
  7.3245063e-02
 -6.8046689e-01
 -8.7573272e-01
  1.9910436e+00
  4.4259810e-01
 -3.3933431e-01
 -1.8685590e-01
  4.2794931e-01
  1.2990280e+00
 -3.6814314e-01
  6.5854448e-01
  8.8586521e-01
 -8.3056189e-02
 -3.5767841e-01
 -5.4975694e-01
 -4.9761634e-02
  7.9503465e-01
 -1.8009623e+00
 -2.2403512e+00
  5.9977895e-01
  1.4559066e+00
  1.0541084e+00
  7.1490049e-01
 -1.7259955e-01
  1.5424307e-01
 -6.1840135e-01
 -2.6653403e-01
  3.8702425e-01
  8.8038784e-01
  2.2205818e+00
  1.8070266e-01
  3.7927184e-01
 -1.0843829e+00
  4.5976463e-01
 -5.7764500e-01
 -3.0705485e-01
 -2.0896067e-01
 -2.1098843e-01
  1.7014050e+00
  3.2657409e+00
  6.4146888e-01
 -1.7147620e-01
  8.0840409e-02
 -3.3724129e-01
 -2.0140314e-01
  3.9330116e-01
 -2.9485548e-01
  4.0983000e-01
 -7.1392372e-02
  2.7181423e-01
 -5.0141889e-01
 -7.9607034e-01
  1.7898836e+00
  5.6061459e-01
 -6.2496372e-02
  1.3938285e-01
  3.8919437e-01
  4.6084103e-01
 -1.0203271e+00
  2.2669959e-01
  5.6871122e-01
 -3.3305478e-01
 -1.8920103e-01
 -2.3982954e-01
  4.9231309e-01
  3.0435553e-01
  2.3202816e-01
  3.8044205e-01
 -3.8184423e-02
 -5.4047161e-01
  5.8917230e-01
 -4.6268076e-02
 -1.8137152e+00
 -3.1997216e-01
  6.6124505e-01
 -2.0457006e-01
 -1.9668935e-01
 -3.8043189e-01
  3.5621038e-01
 -2.8317958e-01
  5.2631867e-01
 -2.9535037e-01
 -5.6478941e-01
  9.5912792e-02
 -2.4856217e-01
  1.8591277e-01
 -1.0773765e+00
 -6.2621194e-01
  1.0461675e-01
 -9.7894132e-01
  2.0587794e-02
  1.3968940e-01
 -5.8823454e-01
 -4.1210987e-02
  1.9010730e-01
  3.5348740e-01
 -6.5148942e-02
  1.6622791e-01
  2.3407426e-01
 -4.9697784e-01
 -7.7790523e-01
  6.2199777e-01
  7.3474415e-02
 -7.4248737e-01
  6.0591459e-01
  1.5811355e-01
  5.5484903e-01
  2.5553328e-01
 -3.5619173e-02
  6.6748434e-01
  4.2252028e-01
 -6.6009706e-01
  3.9886400e-01
 -1.9902699e-01
  2.9650462e+00
  1.3277958e-01
  4.9416751e-02
 -2.2566822e-01
  3.7206203e-01
  2.5182703e-01
 -2.5673702e-01
  1.2651893e+00
 -1.1141796e+00
  1.3272988e+00
  9.5322627e-01
 -4.0895123e-02
 -2.7522409e+00
 -5.1882826e-02
  9.3572700e-01
  1.4368843e-01
  3.2330173e-01
 -5.8677876e-01
  2.6303820e-02
  2.1313354e-01
  1.0462393e+00
  3.8609198e-01
 -1.6924696e+00
  8.3511867e-02
  8.6705923e-02
  1.9549488e-01
  1.1152750e-01
  1.1163624e-01
  1.6882645e-01
 -5.3257942e-01
  4.2536977e-01
 -8.9657652e-01
  4.6199337e-01
  5.5585301e-01
  1.2409633e-01
  8.3923995e-02
 -5.3888378e-03
 -9.0690695e-02
  2.3149231e-01
 -5.3565180e-01
 -3.7075374e-02
  2.3986299e-01
  6.6664837e-02
  1.2746551e+00
  3.8210881e-01
  5.4687965e-01
  8.3750010e-01
  6.1235152e-02
  4.8003662e-01
  6.6802514e-01
  1.6222730e-02
 -3.7786809e-01
 -3.1064367e-01
 -4.3459579e-01
  3.8651747e-01
  5.0267273e-01
  1.5549731e+00
 -5.1456052e-01
 -6.1174083e-01
  3.2247865e-01
  1.6925275e-01
 -4.5995513e-01
  1.1028193e+00
 -2.7591953e-01
 -4.3649955e+00
  3.5195072e+00
 -1.4601569e-01
 -3.9336079e-01
  4.9764618e-01
 -7.9396173e-02
  6.7464136e-02
 -7.0725882e-01
  1.1254236e+00
 -2.2870190e-01
 -3.5207622e-02
 -7.4528408e-01
  5.9528947e-01
 -4.6070766e-01
 -2.3173444e+00
  6.4344656e-01
 -1.0526727e+00
  6.1638397e-01
  1.4305489e+00
  7.4668938e-01
  3.4978291e-01
 -1.5191631e-01
 -5.8840889e-01
 -3.7967175e-02
 -6.7893529e-01
 -4.0605154e-02
 -7.1672451e-01
  4.1057086e-01
 -8.4509492e-02
 -2.5900913e-02
 -5.9591599e-02
  3.4968448e-01
 -1.0277112e-02
  8.8719010e-01
  1.5274009e+00
 -2.4542668e-01
  3.1480637e-01
  1.5571992e+00
 -2.4994650e-01
  7.8321673e-02
  1.3671910e+00
 -4.2948553e-01
 -2.0906143e+00
 -1.1844411e+00
  1.7753059e-01
 -2.8334412e-01
 -4.2432949e-02
  1.2304993e+00
 -8.3556408e-01
  1.8339283e+00
  2.1808875e-01
  8.4702414e-01
 -8.3318508e-01
 -3.4742644e-01
  2.7899888e-01
 -1.2852962e-02
  3.4997118e-01
  1.6195990e-01
 -4.2805260e-01
  4.5153890e-03
  4.0886459e-01
 -3.5653326e-01
  7.2982788e-02
 -8.6480111e-01
  2.0134030e-01
  8.9320868e-01
 -4.5120314e-01
  3.3012742e-01
  1.3582619e-01
  5.8988529e-01
 -7.0076376e-01
  5.3351659e-02
 -5.2397889e-01
  2.7789968e-01
  5.0498116e-01
 -5.1172501e-01
 -3.9280638e-01
 -5.0506896e-01
 -3.1380773e-01
 -4.8697621e-01
 -1.5032853e-01
  1.7702703e-01
  1.0450292e+00
  2.4168693e-01
  1.0526280e+00
  1.5305924e-01
 -2.3161098e-01
 -2.7830250e+00
  1.2536685e-01
 -4.0660164e-01
  1.6210864e-01
 -4.0162611e-01
  1.6905719e-01
  9.6473008e-02
 -6.5587014e-01
 -5.6457989e-02
  7.4882001e-01
  4.5961073e-01
 -8.0860883e-01
 -2.9688099e-01
  1.7063363e-01
  1.0925046e-01
  5.8514291e-01
  3.5248062e-01
 -9.7455166e-02
 -1.7687431e-01
  7.4903794e-02
  1.1668236e-01
  3.2772043e-01
  7.7518773e-01
 -3.6188841e-01
  1.6165712e-01
 -4.2944886e-03
 -9.1325343e-02
  2.5669765e-01
 -3.7110296e-01
 -2.0025507e-01
 -4.3238258e-01
 -3.1910124e-01
 -1.6253664e+00
 -6.6996950e-01
  2.9873025e-01
 -1.6461267e+00
 -2.5754552e+00
 -4.7047025e-01
  2.5350851e-01
  1.0028656e+00
 -2.1941760e+00
 -2.6714342e+00
  5.8169180e-01
 -4.8432848e-01
  1.4508967e+00
 -4.5297828e-01
  1.9918933e+00
 -5.5311435e-01
  1.1762139e+00
  9.6016389e-01
  1.7760324e+00
  1.0945966e+00
  1.3401936e-01
  2.7124498e+00
  1.1884086e+00
 -4.2481013e-02
  9.2096567e-02
  3.6781496e-01
 -2.2685730e-01
  2.1303561e+00
 -1.2868253e+00
 -7.8515375e-01
  2.1283829e-01
  2.0451272e-01
  6.8271911e-01
  7.5848597e-01
 -2.5896335e-01
  1.3318354e+00
  3.4712229e+00
  2.2664194e+00
 -7.7036932e-02
 -1.7191184e+00
 -1.3153972e-01
 -8.7395406e-01
 -1.1989003e+00
 -4.9841607e-01
  2.0674229e-01
 -1.4157805e+00
 -1.8195890e-01
 -4.8325974e-01
  3.8053453e-01
  1.5520713e-01
 -1.7477827e+00
 -2.6042822e-01
 -4.4425815e-01
 -1.0113317e+00
 -1.8282218e-01
  1.7228980e+00
 -5.9605993e-02
 -4.3274656e-01
  1.8857648e+00
 -1.0674924e-01
  8.5720688e-02
  7.3389250e-01
 -7.0910919e-01
 -4.5409092e-01
 -8.2257085e-02
  1.0232213e+00
  4.6491733e-01
  8.0460340e-02
  9.4147521e-01
 -4.9554306e-01
 -1.4497516e+00
 -6.9361758e-01
 -4.8931894e-01
  7.0082396e-01
 -1.6564434e+00
 -1.0342877e+00
  3.1857997e-01
 -2.1069130e-01
 -5.9413862e-01
 -7.1868372e-01
  2.8523865e+00
 -2.7895686e-01
 -9.3396765e-01
  8.8328236e-01
  1.1100147e+00
 -1.1667723e-01
  8.9005935e-01
 -6.9304444e-02
  1.1141722e+00
 -1.1101855e+00
 -2.2336016e+00
 -7.8491074e-01
  4.2707682e+00
  2.4878829e+00
 -2.2023330e+00
 -1.5117751e+00
 -4.3239078e-01
  3.3542371e-01
 -1.0260084e-01
  2.1628680e+00
 -7.7958792e-01
 -5.2328151e-01
  8.1345990e-02
 -8.7005341e-01
  2.8772935e-01
 -2.1299429e-01
  3.9192894e-01
  1.7740988e+00
  2.2207105e+00
 -3.1943598e+00
  3.0172136e-01
 -8.5448849e-01
  1.6064085e-02
  1.3628381e+00
  2.9864833e-01
 -3.7865874e-01
 -8.6317681e-02
  1.4647542e-01
  6.1957926e-01
 -1.2854279e+00
 -1.5375620e-01
  5.0717103e-01
 -5.4713702e-01
 -2.3727460e-01
 -1.2013821e-01
  1.3573813e+00
  4.8541212e-01
  1.8080352e-02
 -1.0014748e-01
 -1.2646013e-01
  3.2845801e-01
  2.4815155e-02
  6.0536146e-01
 -1.0665292e-01
 -1.0034806e+00
  3.9740029e-01
  7.7904582e-01
 -6.5739167e-01
  3.6500227e-01
  6.6798812e-01
 -1.0529670e+00
 -7.0618224e-01
  1.7645510e+00
 -1.4451578e+00
 -3.4660716e+00
  4.6169490e-01
  1.1036137e+00
  4.9517572e-02
 -2.7074144e+00
 -2.4710386e-01
  3.4329057e-01
  9.5757395e-01
 -1.2165705e+00
  9.8947930e-01
  1.0150142e+00
  1.2834816e+00
  2.7216572e-01
  2.9740331e+00
 -2.0227301e-01
 -8.4835148e-01
  7.8496224e-01
 -9.3534428e-01
 -6.3612175e-01
 -9.6070993e-01
  1.9137777e-01
  1.8648038e+00
 -2.6405790e-01
 -6.2544930e-01
 -4.6972454e-02
 -1.2214599e+00
 -1.4907444e-01
  3.5520855e-01
 -7.0628643e-01
 -1.1258887e+00
  2.6741081e-01
  1.0505944e+00
 -1.7075574e-01
 -7.7129823e-01
  1.1837748e+00
 -1.5853772e-01
 -2.0363519e-01
 -5.6112421e-01
 -3.2448241e-01
 -4.5476452e-01
 -2.0959973e-01
 -4.3214738e-01
  2.2524958e+00
 -1.7957461e+00
 -3.6365333e-01
 -8.2602285e-02
  1.6546078e-01
  3.2632288e-01
 -9.9780470e-02
  2.6158622e-01
  6.1571062e-01
 -1.2531114e+00
  7.6086158e-01
  1.1109742e+00
  1.8447247e-01
 -9.1577774e-01
  7.8938669e-01
  6.0335208e-02
 -8.0765134e-01
  2.4322133e+00
 -3.2121525e-03
 -3.3759624e-01
 -5.2950090e-01
 -1.9824393e-01
  3.1802693e-01
 -1.4382349e-02
  1.8601251e+00
 -2.1618230e+00
 -5.9591115e-01
 -9.1269302e-01
 -6.1453348e-01
  1.3353121e-01
  2.8459463e+00
 -3.5600135e-01
 -2.1813260e-01
  5.8263916e-01
  4.1465357e-02
 -1.5695660e-01
 -4.6027997e-01
  6.8704867e-01
  2.0154740e-01
 -1.1556527e-01
 -2.0121159e-01
  7.0171356e-01
  1.6798968e+00
 -2.9917830e-01
  5.5487788e-01
  9.5012063e-01
  6.9995672e-01
  2.0012164e-01
  6.1077867e-03
 -3.1923461e-01
 -8.9114481e-01
 -1.5201233e-01
  4.2397267e-01
  2.3278983e-01
 -2.7744889e-01
  8.3014965e-02
 -2.1782525e-01
  5.7898557e-01
  1.9547778e-01
  1.3133290e-02
  6.0217947e-01
 -3.5761815e-01
 -6.2629259e-01
 -3.2037920e-01
 -4.6402764e-01
 -8.3869725e-01
  3.6872730e-01
 -2.2146071e-01
  5.9738946e-01
 -4.2142794e-02
  2.6787266e-01
 -1.8892543e-01
  1.1402927e-01
  7.6692379e-01
  9.2938852e-01
  1.2273089e-01
  1.0846884e+00
 -2.3545399e-01
  1.1835395e-01
  1.7741777e-01
  5.5393654e-01
 -8.3072209e-01
 -2.2512707e-01
 -1.5589063e-01
 -1.1099321e+00
  4.0561530e-01
 -1.0488657e+00
  5.6096649e-01
 -1.0497357e+00
  2.9563975e-02
  2.1615137e-01
  7.3568976e-01
  1.2850267e-01
  7.0772392e-01
 -2.3031569e+00
 -1.0365418e+00
  2.9077476e-01
  8.0161005e-01
  1.5568882e+00
  1.3639578e-01
 -2.0977614e+00
  2.2375600e-01
  7.1149874e-01
 -2.9741800e-01
 -7.1034318e-01
  1.2663596e+00
  6.0224050e-01
  4.2903525e-01
  4.2988384e-01
 -9.4497643e-02
 -3.6532080e-01
 -4.2730498e-01
 -3.4728417e-01
 -3.1191182e-01
  4.5611438e-01
 -7.6300222e-01
  4.6351922e-01
 -1.1546955e-01
 -4.8758769e-01
 -1.4637941e+00
  3.2607488e-02
 -6.4266413e-01
  4.1476598e+00
  1.2898201e-01
  3.6934254e-01
 -1.2712590e-01
 -9.3501514e-01
  4.8163164e-01
  9.0099406e-01
  1.3409002e-01
  6.7181331e-01
 -1.5995672e+00
 -2.9669518e-02
 -2.1173851e+00
  4.4806827e-02
 -2.8569150e-01
  1.8040657e-01
 -5.1798817e-02
  8.2258004e-01
  2.1611908e-01
 -4.3283406e-01
 -5.0263202e-01
 -1.0103359e+00
 -7.7630491e-03
 -1.6622033e+00
  3.0557367e-01
 -4.6730617e-01
  2.2840446e-01
  4.5953211e-01
  1.6534142e-01
  1.4272989e-01
  2.4372526e-01
  2.4492325e-01
  6.7166424e-01
  1.6157889e-01
  5.3227431e-01
 -4.3506388e-02
 -3.5132051e-01
  2.2728159e+00
 -1.5213753e-01
  3.5311401e-01
  2.4646163e-01
 -2.3541163e-01
 -1.7475207e-01
  2.6668042e-02
 -1.3311360e+00
  4.6276286e-01
 -1.2910215e+00
  1.8901314e+00
 -8.5365993e-01
  1.0618665e+00
 -3.1351447e-01
  1.4776230e+00
 -2.2058687e+00
  3.4242496e+00
 -2.8233974e+00
 -1.2766502e+00
  1.6582462e+00
  2.0449033e+00
  4.2122393e+00
 -1.2934550e+00
 -2.0950687e+00
 -1.1131855e-01
  7.2395056e-01
 -1.4397147e+00
 -1.9209363e+00
 -1.3935766e+00
 -2.9747815e+00
  1.1208311e+00
  2.1270251e+00
  3.8055322e-01
 -2.2218528e+00
  1.4407123e+00
 -1.1929598e+00
 -1.6388124e+00
 -1.0776802e+00
 -1.6251786e+00
  1.4078046e+00
 -2.1500087e-01
 -2.0780988e+00
  2.9042895e+00
  1.5886632e+00
  8.6380160e-01
  1.0605607e+00
 -9.6524233e-01
 -2.3178155e+00
  2.4880795e+00
 -1.4839861e+00
 -2.1851342e+00
 -8.4411230e+00
 -1.2906930e+00
 -7.4573761e-01
  2.0506637e+00
 -3.9988127e+00
  7.5990623e-01
  2.0432930e+00
  5.6388301e-01
 -3.8614650e+00
 -2.2415993e+00
  1.7026355e+00
 -3.5879296e-01
  4.0960970e+00
  3.7688272e+00
  4.1850477e-01
  2.5613502e-01
  2.3169692e+00
 -1.2895136e-01
  1.2436491e+00
  1.6585222e+00
 -2.2653565e+00
  2.4849994e+00
 -1.5266862e+00
  1.1167657e+00
  1.1080794e+00
  3.3040464e+00
  9.2216998e-01
  2.6245525e+00
 -1.0614104e+00
  2.7678710e-01
  2.1225464e+00
  1.7125158e+00
  2.6578848e+00
  2.6164443e+00
  2.3645730e+00
  2.8105405e-01
 -1.2750944e-01
 -2.4136271e-01
  3.3585903e-01
  2.7275057e+00
 -3.0645853e-01
  7.9384518e-01
 -1.4510021e+00
  2.0613067e+00
 -2.8552914e+00
  3.1471941e+00
 -6.1149297e+00
 -5.2675619e+00
  5.7436228e+00
  3.0792742e+00
  8.8030696e-02
  8.9884597e-01
 -4.1021271e+00
  5.1006041e+00
  1.9654369e+00
 -1.8584265e+00
 -2.6876643e-01
 -1.8197637e+00
 -5.9425154e+00
  1.0528635e+00
  3.2542672e+00
 -1.4389418e-01
  4.3992472e-01
  1.2412214e+00
 -3.6807356e+00
 -2.6342983e+00
 -1.5323611e+00
 -1.7254951e+00
  2.0669725e+00
 -3.9626360e-02
 -2.2291923e+00
  2.1653128e+00
  9.2037302e-01
  3.0907891e+00
  2.2201495e+00
 -3.1267062e-01
 -6.5382762e+00
  2.3023915e+00
 -1.3860466e+00
 -4.6807895e+00
 -4.8741755e+00
 -7.7514231e-01
  4.0906987e-01
  3.3007641e+00
 -9.0524864e-01
  1.0576645e-01
  4.3526473e+00
  2.7087364e+00
 -4.6205997e+00
 -3.9411740e+00
 -1.5601490e-01
  2.4152889e+00
  1.4026113e+00
 -5.4030113e-02
  5.1749182e+00
  1.2628801e+00
  2.9376261e+00
 -7.3912585e-01
  1.1838045e+00
  5.5766929e-02
 -1.6802717e+00
  1.8098686e+00
 -7.7186656e+00
  1.0818343e+00
  2.7040858e+00
  2.0622282e+00
  1.1391399e+00
  4.7130880e-01
 -1.6418747e+00
 -2.3919424e-01
  2.7396023e+00
  7.1959910e+00
  3.7322245e+00
  1.5851982e-01
  6.3532968e+00
 -5.4264758e-02
 -4.3240932e-01
  5.2469983e+00
  3.7727314e-01
  1.6188946e+00
 -1.6514333e+00
 -1.6385112e-02
  1.6057643e-01
  2.1196650e-01
  3.1609383e-01
  1.7587151e-01
  8.4257334e-01
 -1.8220612e-01
  2.5223976e-01
  1.2554254e-01
 -6.7538208e-01
  1.9947253e-01
 -4.0349282e-02
  2.0692148e+00
  2.2239349e+00
  6.2705323e-02
 -7.0930165e-01
  1.2758642e+00
  1.2725343e+00
 -1.0968383e-01
  2.0534231e-01
  2.7899763e-02
  7.2892302e-01
  2.8795375e-02
  5.0231153e-01
  2.6377949e-01
  3.6213269e+00
 -5.4080653e-01
  1.4881543e+00
  6.0225284e-01
  9.1202563e-01
  3.1976908e-01
  4.4908062e-02
 -2.9337448e-01
 -1.0385600e+00
  1.6089572e+00
 -1.1304224e+00
  9.3484037e-02
  4.9546742e-01
 -2.0064661e-01
  1.2314351e-01
  4.4384235e-01
  3.5444981e-01
 -1.7517111e-01
  5.0029606e-03
 -2.5040758e+00
  4.4180635e-01
  4.7440764e-02
  7.7106106e-01
 -1.5633339e-01
 -9.3197443e-02
  3.0545741e-01
 -4.5309848e-01
 -2.8660554e-01
  6.9469279e-03
 -2.7071384e-01
  7.5516331e-01
 -2.9703981e-01
  2.1303580e-03
  1.6321734e-02
 -5.2869582e-01
 -1.0873455e-01
  1.4702381e-01
 -1.2593988e-01
 -1.1665670e-01
  4.0149346e-02
 -1.9723585e+00
 -1.1919271e+00
  1.2354041e+00
 -8.0811185e-01
 -3.2704487e+00
  4.5326856e-01
  3.9028425e-02
 -6.0880003e+00
  1.0021219e+00
  9.5459241e-01
  3.9377216e-01
  1.1316064e-01
  2.9033130e-01
 -8.2296310e-03
 -1.6127311e-01
 -2.7669314e-02
 -2.0378068e-02
  7.4283457e-01
  1.0303323e-01
 -8.1289196e-01
 -3.4054369e-01
 -4.9600169e-01
  1.3522332e+00
 -2.4331573e-01
 -2.1694021e+00
 -3.0149990e-01
 -1.1425629e-01
 -5.9405082e-01
 -6.7835647e-01
  1.5614340e-01
 -3.8979676e-02
 -2.1118237e-02
  1.3027326e+00
  2.5003469e-01
 -2.1873538e+00
  2.1913898e+00
  1.4883692e+00
  5.7146937e-02
 -1.7937436e+00
  1.8111020e+00
 -7.3688132e-01
  3.4457762e+00
  1.6397011e+00
  4.1509470e-01
  2.8228596e-01
 -6.3697141e-01
 -1.4827185e+00
  3.5615873e+00
 -1.6915805e+00
 -4.3149810e+00
 -7.9682159e-01
  7.9157150e-01
  1.0706640e+00
 -1.5419962e+00
  1.2674208e+00
 -1.2449874e-01
  7.2812200e-01
  5.2744962e-02
 -1.5814211e+00
 -1.2671717e+00
  4.4643551e-01
 -2.5929290e-01
  5.2028233e-01
 -7.3090992e-03
 -1.0772864e+00
  6.6653937e-01
 -5.9596735e-01
 -1.3275349e+00
 -1.9589224e-01
 -1.1293702e+00
 -2.8216806e-01
 -3.0823371e-01
  1.7053089e-01
  2.7534802e+00
 -3.5560969e-02
 -2.6466915e-01
 -1.7164302e-01
 -2.2863223e-01
  2.2828329e-01
 -5.6314969e-01
  3.8998172e-01
  4.2596686e-01
  5.5100337e-02
 -1.1596976e-01
  2.1079536e-01
  1.3044791e-01
  2.5861010e-01
 -6.4809930e-01
 -7.8972793e-01
 -3.0835479e-01
 -6.5126663e-01
  3.7662980e-01
 -5.1440042e-01
 -5.6337690e-01
 -1.5291941e-01
  7.2642916e-01
  4.0267894e-01
  8.5245812e-01
 -3.4167722e-01
  1.9295494e-01
 -1.3206701e-01
 -3.2148969e-01
 -2.3838972e-01
  1.3942535e-01
  6.7901373e+00
 -3.4220678e-01
 -1.5483282e+00
  1.9952743e-01
  1.8724394e+00
 -9.0752566e-01
 -4.1283169e-01
 -6.3725001e-01
 -9.9943954e-01
 -3.5138047e+00
  1.9120018e+00
  1.1147017e+00
  1.6711587e-01
 -8.6823797e-01
 -2.1990929e+00
  2.3347369e-01
  3.2424518e-01
 -4.5522305e-01
 -2.3744424e-01
  2.8477311e+00
 -3.1913257e-01
 -1.9326070e-01
 -3.8173109e-02
  8.5577846e-01
 -1.1465158e+00
 -1.0050404e-01
  1.0120877e+00
 -1.0809472e+00
 -4.7615829e-01
  1.6631070e+00
  3.8949859e-01
 -6.0222888e-01
  4.5308656e-01
  1.9833146e-01
 -5.9255731e-01
  3.1589801e+00
  1.3158487e+00
 -1.6854337e+00
 -1.0999517e+00
 -2.8855929e-01
  3.6422122e-01
 -2.1918228e-01
 -1.0615426e+00
  1.5224077e+00
 -7.0337677e-01
 -4.8670432e-01
 -1.7015998e-01
  3.7678421e-01
  2.6141399e-01
 -7.1933377e-01
  9.3833886e-02
 -1.5000059e-01
  5.5009842e-01
  2.9149476e-01
 -1.2523188e-01
  5.3108907e-01
  1.1180243e-01
  4.0109622e-01
 -9.7332709e-03
 -1.2236452e+00
  2.1607831e+00
  1.7435457e-01
  6.6116720e-01
 -4.0190968e-01
 -6.8511695e-02
 -9.9381149e-02
 -4.8336172e-01
 -8.1996806e-02
  1.0113422e-01
  1.0026498e+00
 -3.6599308e-01
 -5.2069610e-01
  1.0755043e-01
 -2.0160651e+00
  2.6059738e-01
  1.3902955e+00
 -8.3571327e-01
  5.0846070e-01
 -2.2444880e+00
  1.3984828e-01
  2.1573021e+00
 -1.6931748e-01
  1.6146514e+00
  1.8100521e-01
  1.4891800e+00
 -3.6595547e-01
 -5.9897435e-01
  3.3764538e-01
 -8.1664123e-02
 -5.6632519e-01
 -7.9371256e-01
  3.0809572e-01
  5.2914959e-01
  9.4378397e-02
  1.2757456e+00
  6.3229012e-01
 -5.3064573e-01
  2.3147543e-01
 -1.0517516e+00
  2.1733931e-01
 -1.3351357e-01
  3.4912121e-01
 -8.5736895e-01
  2.9146811e-01
  9.5945776e-02
 -1.0375959e+00
 -1.1675500e-01
 -1.0575309e+00
 -9.0658784e-02
  6.1456863e-02
  2.1513459e-01
  4.1765302e-01
  6.1864662e-01
  9.2819221e-02
 -4.7664022e-01
  4.3843541e-01
 -4.1461647e-01
 -4.4294930e-01
  1.6272485e+00
  2.0259923e-01
  1.0776343e+00
 -4.4324896e-01
  1.7253722e-01
  3.8457785e-02
 -4.6269696e-02
  1.6391791e-01
  7.8375614e-01
  6.9880342e-01
 -4.9224684e-01
  7.0843406e-02
 -5.6269056e-01
  3.8744423e-01
 -2.1612927e-01
  1.7898819e-01
 -2.3657683e-01
  4.6540612e-01
 -4.8967473e-02
 -3.2360983e-01
 -5.0713110e-01
  2.0303844e-01
 -1.0631338e+00
 -1.1432414e-01
 -6.9590157e-01
 -5.8114462e-02
  5.4764980e-01
  3.4852717e-02
 -3.0417591e-01
 -1.9842838e+00
  1.6938064e+00
 -6.8984264e-01
  8.2170057e-01
  4.1850096e-01
 -1.3992075e+00
  5.9663641e-01
 -1.0190068e+00
  3.0460542e-01
 -2.6803523e-01
  8.0065703e-01
 -5.6056410e-01
 -6.8260103e-01
  1.6652681e+00
  2.5873098e-01
 -2.6624197e-01
  2.1433286e-01
 -8.8040042e-01
 -1.7310224e-02
 -1.4446445e-01
 -1.0508214e+00
  1.1226971e-01
 -2.4421872e-01
 -8.0406321e-03
  7.2328764e-01
  3.0538041e-02
  1.3426518e+00
 -7.3191833e-01
  9.3917543e-01
 -1.1956722e+00
 -1.5658060e+00
 -2.2598915e-01
  3.8844860e+00
  8.5500169e-01
  5.4932839e-01
  8.1949997e-01
 -1.2036957e+00
 -1.2481675e+00
 -4.0226689e-01
 -1.0950511e-01
 -8.0380487e-01
 -4.4703370e-01
  8.4945607e-01
  7.5379902e-01
  6.6604728e-01
 -3.3188823e-01
 -3.1914473e-01
  1.4424254e-01
  1.1771219e-01
  4.4038719e-01
  3.5620150e-01
  5.4844022e-01
  4.4783023e-01
 -6.4031613e-01
 -2.1244127e-01
 -2.1210799e-02
  1.0430636e-01
 -4.2322156e-01
  8.8679188e-01
 -2.7709460e+00
 -6.3634843e-01
  1.1129992e+00
 -1.0069679e+00
  1.5733447e+00
  2.8195803e+00
  1.8307744e+00
 -3.4757879e-01
 -1.2117814e+00
  3.5015470e-01
 -2.5526899e-01
 -1.1043641e-01
  4.1458365e-01
  2.8491123e-02
 -3.3693883e-04
 -1.7976648e-01
 -1.3003231e+00
  5.7649189e-01
 -1.4744230e-01
 -3.3520784e-02
  8.3453047e-01
  6.0678947e-01
 -1.1106325e-02
 -4.4025138e-02
  2.1897854e-01
 -4.3517140e-01
  2.1833318e-01
  5.0246769e-01
 -1.7650865e-03
  6.5648772e-02
 -1.8345621e+00
 -1.3694112e-01
  4.9655306e-01
 -2.1892359e+00
 -1.0393168e+00
 -3.2471916e-01
 -2.2113075e+00
 -3.9590931e-01
  3.6496946e-01
  1.3099246e+00
  3.4145270e-02
  5.7199955e-01
  1.5338387e+00
  7.8513741e-01
  6.8771547e-01
  1.1950400e+00
  6.9529635e-01
  4.6502843e+00
 -3.6273012e-01
  1.3003086e+00
  3.1109539e-01
  5.7244146e-01
  8.0811799e-01
 -7.0114760e-03
  7.0105475e-01
  3.6752754e-01
  7.6813430e-01
  9.8462850e-01
  3.6882144e-01
  3.2078579e-01
 -7.6495446e-02
 -4.6826988e-01
  1.5662065e-01
  1.7698041e-01
 -5.6449181e-01
  2.2201745e-01
  1.6786973e-01
  5.2872002e-01
 -2.9475829e-01
  8.8987929e-01
 -7.8014231e-01
 -4.3954352e-01
  2.5450075e-01
 -7.0564830e-01
  1.1657392e+00
 -1.3328753e+00
  6.6699576e-01
 -6.9954187e-01
  3.9508486e-01
 -1.5137833e+00
 -1.6733099e-02
  1.6052252e+00
  5.7648093e-01
  4.0652272e-01
  1.7096108e-01
  6.5978639e-02
  5.7553601e-01
  1.0745432e+00
  1.5044108e-01
  2.2614239e-01
 -9.0343378e-02
  2.4955270e-01
 -4.4290566e-01
  6.3862020e-01
  2.2564922e-01
  4.6543962e-01
 -6.2788773e-01
 -5.8006126e-01
 -5.1750634e-02
 -1.1209624e-01
 -1.7891736e-01
 -4.5300668e-01
 -6.3672282e-02
 -3.8047987e-01
 -4.9974942e-01
  9.6479774e-02
 -3.9136344e-01
 -2.0980363e-01
 -6.9290614e-01
  2.1933638e-01
 -7.9091328e-01
  8.3725876e-01
  4.0022745e-03
  1.0384454e+00
 -1.9267020e-01
  3.0818519e-01
 -4.6880254e-01
  3.6175531e-01
  6.6042650e-03
 -7.5733155e-01
  1.9094743e+00
 -5.2581537e-01
  1.4178795e-01
  1.5575078e-01
  3.4682313e-01
  3.2447258e-01
  2.7364430e-01
  1.3400002e-01
 -2.5528949e-01
 -4.0549397e-01
  7.5140619e-01
 -8.0493885e-01
  3.3100060e-01
 -1.7691526e+00
  7.2648871e-01
 -6.6022538e-02
 -2.8967257e-03
 -1.2052669e-01
  8.1973992e-02
 -1.9637287e-01
  6.5407509e-01
 -2.8147700e-01
  6.9009513e-01
  3.4547409e-01
  5.4875660e-01
 -9.9405950e-01
  2.8804695e-02
 -9.2391139e-01
 -2.7276220e-02
 -1.7653519e-01
 -3.6188462e-01
 -3.5368791e-01
  1.7972903e-02
 -1.0426687e-01
  8.4502667e-02
  1.7737226e-01
  9.9259563e-02
  1.8080024e-01
  8.9652199e-01
 -1.3860425e+00
 -3.5451764e-01
  4.1684297e-01
  1.8111943e+00
 -4.5514506e-01
 -3.4578550e-01
  4.1635671e-01
 -2.2229889e-02
  2.3057285e-01
  3.4283170e-01
  1.6485761e-01
  4.6548361e-01
 -1.7207301e-01
 -1.6897532e-01
 -1.0574596e-01
 -6.8195033e-01
 -2.8342402e-01
 -1.1898714e+00
  3.2590970e-01
 -4.5593077e-01
 -9.7613800e-01
 -1.1552448e+00
  8.5682318e-02
  1.1188936e-01
  1.1683053e+00
 -1.0365052e-02
  5.7518667e-01
 -8.9697564e-01
 -1.4881067e+00
  1.7861513e+00
 -8.8680667e-01
  1.3537006e+00
 -3.3669448e-01
  3.9659944e-01
  1.2649775e+00
 -2.0917280e+00
  6.2599564e-01
 -1.2869964e+00
 -7.3023582e-01
  6.9817370e-01
 -6.3188571e-01
  7.1546495e-02
 -7.9065323e-01
  3.8129205e-01
  8.8613141e-01
  8.9682065e-02
 -6.0842305e-01
  4.0460038e-01
 -7.3328233e-01
 -5.6185448e-01
  8.8188428e-01
  4.0988275e-01
  3.7524396e-01
  7.8118324e-01
  4.7971898e-01
 -1.0377651e+00
 -5.7178831e-01
  1.7905434e+00
  2.1111081e+00
 -2.4018502e-01
  3.6664686e-01
 -1.2456326e-01
 -5.8149472e-02
 -2.6435262e-01
 -4.8835108e-01
  6.4235342e-01
  2.3580407e-01
  1.8725470e-01
  4.2809620e-02
  5.8288532e-01
  3.4134921e-01
 -7.8892432e-02
 -4.5090851e-01
 -5.6567933e-02
  3.2009888e-01
  3.5041949e-01
  5.5986100e-01
 -3.7006129e-02
  6.1687682e-02
 -3.3477169e-01
 -1.7032611e-01
 -1.3198241e-02
  5.2480936e-01
  3.9231086e-01
 -1.3101687e-01
  6.7638052e-01
 -1.9509250e-01
  8.0129957e-01
 -4.5615482e-01
 -1.2952505e+00
  7.4146576e-02
  7.5851005e-01
 -1.2186806e+00
 -5.6056046e-01
  2.8970602e+00
  6.1646199e-01
 -2.9539073e-01
 -3.8829915e-02
  3.1924125e-02
  1.1327320e-01
  5.8262396e-01
 -2.3776329e-01
 -1.0306760e+00
 -4.7394492e-02
 -1.0941321e-01
  6.7762363e-01
 -5.1540655e-01
  4.9866560e-01
 -3.6467124e-02
  1.8441704e-01
  3.3380356e-01
  1.9843184e+00
 -1.3999222e-01
 -2.8009182e-01
 -5.0257492e-01
 -3.9007276e-01
  3.3137301e-01
  8.0178726e-01
 -1.9593467e-01
  2.1203458e-01
 -2.1667643e-01
  2.1672584e-01
 -1.0065920e-01
  1.2701502e-01
  2.1364738e-01
 -2.4659965e+00
 -9.7514170e-01
 -6.9060904e-01
 -7.7566946e-01
 -3.0648348e+00
 -2.8385982e-01
  5.2694205e-02
 -2.9506361e-01
 -7.4480549e-02
 -1.7006390e+00
  9.4658214e-01
  2.9824114e-01
 -1.0915579e+00
  6.1999565e-01
 -1.0387008e+00
  1.6250707e+00
 -1.3348201e-01
 -2.0216968e+00
  5.6398326e-01
 -5.8922791e-01
 -5.3914614e-02
 -2.9768515e-01
  3.9231774e-01
 -4.5294824e-01
 -2.0052427e-01
 -8.3370692e-01
 -5.2080475e-02
 -8.1242305e-01
  4.5374772e-01
 -2.2426362e+00
 -6.1433756e-01
 -2.4099889e-01
  8.4105450e-01
 -1.0822214e-01
 -1.0583207e-02
  5.0634301e-01
 -5.3156596e-01
  2.1273234e+00
 -3.1187773e-01
 -1.0348372e+00
 -8.7056905e-02
  7.2761619e-01
  5.0687134e-02
 -2.1772066e-01
  2.9878756e-01
  9.8782855e-01
  3.5389048e-01
 -9.1533370e-02
  5.0933182e-02
  3.3533153e-01
 -2.3594698e-01
 -2.5333390e-01
  2.9879296e+00
 -2.0493685e-01
  1.6334018e-02
  3.4887472e-01
 -3.6090785e-01
 -1.6861233e+00
 -4.7435507e-02
  8.7807363e-01
  1.3550674e+00
 -2.0190640e-01
  4.3009229e-02
  2.1064810e-02
 -1.1058660e+00
  3.1012645e-01
  3.7850192e-01
  3.0789945e-01
 -1.6279253e-01
 -1.0651053e+00
  4.5679346e-01
 -1.1135759e+00
  3.6912319e-01
  2.4170050e-01
 -1.5516329e-01
 -8.0388963e-02
 -2.8776288e-01
 -1.4260388e-02
 -4.7687507e-01
 -2.3759101e-01
 -8.6917585e-01
  1.0843678e+00
 -6.8817854e-01
 -6.5040654e-01
 -9.1399379e-02
 -4.6387491e-01
 -2.2668360e-01
  7.9429960e-01
  1.4037614e+00
 -1.0904952e+00
  7.0343733e-01
  2.3385367e-01
 -1.0511248e+00
  1.6743773e-01
  1.3604793e-01
  1.6812846e-01
  4.4931015e-01
  1.3655344e+00
 -2.2469291e-01
 -9.2737848e-01
  5.3199929e-01
  6.7895824e-01
  6.5328002e-01
 -1.1576125e-02
  5.0455683e-01
  7.4734265e-01
  1.0218488e-01
  4.5270208e-01
 -5.5538112e-01
 -1.0497402e+00
 -4.1199240e-01
  1.4894500e+00
 -2.5942126e-01
 -3.8447577e-01
  1.1637424e+00
 -7.3844075e-02
 -3.7307450e-01
  1.9825064e+00
 -5.9792254e-02
 -5.2954191e-01
  3.9862622e-02
 -2.8936026e-01
 -6.3532323e-02
  6.0727113e-01
  3.0294079e-01
  2.1576400e-01
 -2.1224658e+00
 -3.2441068e-01
  1.9992033e-01
  7.6563209e-01
  1.0458973e-01
 -5.1816314e-01
  2.1962841e+00
 -9.7994320e-02
  5.1778704e-01
 -1.8473876e-01
 -1.7319773e-01
 -1.3771425e-01
 -4.3401790e-01
  9.6949267e-01
 -5.3110391e-01
 -1.4513721e-01
  9.0387005e-01
  1.7685591e+00
 -4.0975270e-01
 -2.8448594e-01
  7.3864895e-01
 -1.0561939e+00
  3.9455302e+00
  8.5414279e-01
 -2.3419303e-01
  8.8987678e-01
  3.1656414e-01
  4.2433015e-01
 -9.3615673e-02
  6.8524897e-01
  5.9613359e-01
  3.1501248e-01
  1.4147877e+00
  2.6727274e-01
 -2.5425925e+00
 -1.0954004e-01
  3.9510691e-01
  1.2329602e+00
  4.5399800e-01
  4.7863525e-01
  1.1229748e+00
 -6.5328217e-01
 -2.1014464e-01
  5.5839437e-01
 -1.3857333e-01
  5.0609708e-01
  1.1622502e-02
  1.3186796e-01
  1.4966583e-01
 -7.9407746e-01
  5.6291431e-01
 -1.5050110e+00
  2.7694178e-01
  7.7576578e-01
 -3.4921345e-01
 -6.2105948e-01
 -5.9103632e-01
  7.5482376e-02
 -1.8638270e-01
  2.1144245e+00
  1.4487351e-01
  6.2111014e-01
 -7.0634894e-02
  2.6734436e-01
 -5.8757496e-01
 -8.6860299e-01
  6.0720390e-01
  9.3528824e-06
 -3.6958116e-01
  3.0868500e-01
 -8.8907385e-01
 -2.9605323e-01
  7.1037978e-01
  1.5203121e-01
  3.5255843e-01
 -2.3102717e-01
  3.7182385e-01
  7.0382372e-02
 -6.1034006e-01
  6.7139721e-01
 -3.0110288e-01
  5.2477825e-01
  5.5622464e-01
 -3.4477901e-01
  2.9350185e-01
 -1.1462198e+00
  3.4453148e-01
  9.6596427e-02
  2.4052535e-01
 -2.1945600e-01
 -4.8873907e-01
 -2.4193457e-01
 -1.1546305e+00
 -2.5621620e-01
  2.1839303e-01
 -3.2123268e-01
  7.7289754e-01
  2.7543613e-01
  4.7220400e-01
 -9.4342627e-02
  3.8746074e-01
  2.5641099e-01
  7.5281493e-02
 -4.5796728e-01
 -2.1284737e-01
 -7.0453495e-02
  1.8176531e-02
 -5.9968740e-01
  2.0211636e-01
 -8.5528129e-01
  1.4641586e-01
 -1.0793623e-01
 -1.4164739e+00
  2.6326954e-01
  4.7513914e-01
 -3.3134368e-01
  2.6125286e+00
 -2.5733823e-01
 -1.5066227e-01
  3.7924090e-01
 -2.3486301e-02
  1.4810872e-01
  6.3175455e-02
  3.7648961e-01
 -2.0465729e-01
  9.9596702e-02
 -4.5526344e-01
 -6.9819582e-01
 -1.4906313e-01
  1.0485768e-01
  1.9362496e-01
  6.0631409e-02
  4.9705961e-01
 -9.7030073e-02
 -6.6852891e-01
  4.2447533e-02
 -7.9001713e-01
  3.3188229e+00
 -6.4708984e-01
 -2.4625328e-01
  1.1858326e-01
  2.9449451e-01
 -3.0234089e-01
 -1.1266310e+00
 -2.9758319e-01
  4.3252409e-01
  7.3376715e-01
 -5.1049881e-02
 -1.8040849e-01
 -1.0677361e+00
  2.6685221e-02
  4.4607326e-01
 -5.6751963e-02
  5.9025634e-02
 -1.8569207e-01
 -4.0697688e-01
 -6.2808597e-01
 -7.2547758e-01
 -3.3950290e-01
 -1.5942310e+00
 -3.8638774e-01
 -5.2133203e-01
 -3.9367521e-01
  2.2367857e-02
  4.8738205e-01
 -2.6963294e-01
  1.4714087e+00
  2.3845352e-01
  2.4859901e-01
 -1.6724475e-01
  3.2389304e-01
  1.5249878e-02
 -6.1510658e-01
  3.4985214e-01
 -4.6720412e-02
 -5.8687186e-01
  5.8273393e-01
  2.0152099e-01
 -1.3308906e-02
  5.9496105e-01
  3.1210515e-01
  2.2171171e-02
 -8.4504545e-02
  1.8941452e-01
  3.8525683e-01
  1.6570580e-01
  5.0156516e-01
  4.8952734e-01
 -2.1154541e-01
 -3.6753824e-01
 -1.5166001e-02
 -1.4538447e+00
  1.1574180e-01
 -7.2654659e-01
  5.1549566e-01
 -5.5243182e-01
  1.1219524e+00
  3.5916388e-02
  4.6091703e-01
  3.6359534e-02
 -2.6931944e-01
 -1.6997164e-01
 -4.2950499e-01
  2.6977655e-01
  3.6653757e-01
 -3.4178928e-01
 -6.1971530e-02
 -3.5733801e-01
  4.2829251e-01
  1.5631577e-02
 -1.5653645e-01
  3.0011317e-01
  9.5151937e-01
 -4.9211556e-01
  3.5544276e-01
  2.5381083e+00
  3.5074639e-01
 -3.1003231e-01
  2.5139523e-01
  3.4294277e-01
 -7.9463017e-01
 -2.3639552e-02
 -3.0332199e-01
  1.9573076e-01
  1.1941980e+00
 -2.5249854e-01
 -1.6937435e+00
  9.3272465e-01
 -2.7819054e+00
 -4.5221798e-02
  2.4232956e-02
  7.3716499e-02
  9.1213930e-01
 -8.8939089e-01
  1.0777686e+00
 -7.4078012e-01
 -5.7183862e-01
 -2.0981777e+00
  5.5577803e-01
  1.3022431e+00
 -5.3741086e-01
  1.8521981e+00
 -3.7451303e-01
 -1.9264451e+00
  1.6952833e+00
 -1.6393106e-02
  1.2663522e+00
  8.5086524e-01
 -1.9339577e+00
  4.5307237e-01
  1.4014377e-01
 -1.2709665e-01
  4.5647722e-01
  1.1133707e+00
 -1.4809996e+00
 -3.1305549e-01
  1.1670913e+00
 -2.9901811e-01
 -2.0426345e+00
  1.3909858e+00
 -2.4945861e-01
 -1.2511272e+00
  1.7687496e+00
 -8.9143860e-01
 -2.0877116e+00
 -1.2131572e+00
  1.1746298e+00
  2.0614293e+00
  1.3152099e+00
 -1.8039449e+00
  4.9204409e-01
 -1.1434834e+00
 -1.0523007e+00
  4.6779776e-01
 -2.0270426e+00
  9.5691735e-01
 -3.9275631e-01
  3.7840232e-01
 -8.8719428e-01
 -2.4113288e+00
 -9.2219651e-02
 -6.2761503e-01
 -1.2655346e-01
 -2.2876175e-01
  7.1147704e-01
 -8.6614370e-01
 -4.4922084e-01
  2.0955067e+00
  6.0291266e-01
  1.4862536e+00
  3.6462170e-01
  1.7883605e-01
 -9.9141109e-01
  4.2111626e-01
  5.2982092e-01
 -1.9051160e-01
 -1.3364364e+00
 -2.8570706e-01
 -1.3894956e-01
  4.2271841e-02
 -5.7642114e-01
  2.3109713e-01
  2.0753482e-02
  5.0898147e-01
 -2.0513942e+00
  1.2889281e-01
  7.4486476e-01
 -1.8516144e-01
  1.6705042e-01
 -7.3475726e-02
 -8.6716551e-01
 -3.1352252e-01
 -2.1922781e-01
 -2.9652402e+00
 -1.7480450e-02
 -6.2559807e-01
 -4.8728526e-01
  5.8774674e-01
 -9.6944493e-01
  9.1670908e-02
  1.9318783e-01
 -3.5877261e-01
  9.7350173e-02
  1.7327659e-01
  4.8699800e-02
 -3.2170913e-01
  5.5626533e-03
  9.7883649e-02
  3.7926099e-01
  4.5406303e-01
 -1.7831748e+00
  1.9759670e-01
 -6.6230720e-01
  9.4621658e-01
  4.0965989e-01
 -1.5184346e-01
  1.8384442e-01
 -1.1709934e-01
  2.4278237e-01
  4.7775054e-01
 -1.4187217e-01
  3.5568982e-01
 -7.1052335e-02
  4.7803169e-01
  1.4972869e-02
 -4.4602469e-01
  9.2737965e-02
 -1.3716512e+00
 -1.1630542e-01
  6.5980971e-01
  1.2821262e-01
 -3.2780833e+00
 -4.7872317e-01
  3.5065326e-01
  7.6063633e-02
 -4.3585917e-01
  1.0062999e-01
 -4.1713342e-01
  4.4566557e-01
  3.2760701e-01
  1.2790254e-01
 -2.0449673e-01
 -6.2119219e-02
 -4.7864693e-01
 -1.4553006e+00
  7.6201850e-01
 -6.8938613e-01
 -1.8523751e-01
 -1.7884877e-01
 -2.5747347e+00
  7.0994699e-01
 -1.6419636e-01
 -1.2287027e+00
  2.4368490e-01
  5.2588892e-01
  1.1231782e+00
 -2.6925156e-01
  5.6861377e-01
 -1.1309782e+00
 -2.9193401e+00
  7.5311387e-01
 -9.9826777e-01
  2.7062750e-01
  6.3023138e-01
 -1.7001332e+00
 -1.1470775e-01
  2.5639716e-01
 -1.8150872e-01
 -1.6424212e-01
 -1.8977545e-01
 -6.4369626e-02
  3.8921741e-01
  5.0968570e-01
 -2.3675580e-01
 -1.6040020e-01
 -5.8994019e-01
 -1.9129471e+00
 -2.4646083e-01
 -3.3937100e-01
 -3.4899836e+00
 -2.1307793e+00
 -5.0489157e-01
 -5.4005407e-02
  1.1275872e+00
 -3.3534855e-01
 -2.2867955e-01
  1.4093201e-01
 -8.2078093e-01
 -2.9496732e-01
  3.3954769e-01
 -2.8799751e-01
 -3.7830013e-01
  9.4537906e-02
  1.0967884e+00
 -4.3144023e-01
  7.1069402e-01
 -1.8344250e-02
 -1.1084853e+00
 -1.2517143e+00
 -3.6485729e-01
 -3.6381021e-01
 -2.0752496e-01
 -4.6073607e-01
  5.2107185e-01
 -2.9202998e-02
 -4.9016490e-03
 -3.9254296e-01
 -3.8809225e-01
  8.2006864e-02
  5.8588916e-01
 -1.1714634e+00
 -1.2736271e-01
 -5.0739455e-01
 -3.2974261e-01
  1.0813781e+00
  6.4335525e-01
 -1.0415463e-01
 -6.8965918e-01
 -4.1379055e-01
  5.3028829e-02
 -1.2018074e+00
  3.9431724e-01
  1.5207388e-01
 -3.4166253e-01
  1.6325846e-01
 -1.6135146e-01
 -1.7778618e+00
 -4.1436353e-01
  1.3815624e+00
  3.8769135e-01
 -2.2891991e-01
 -2.2717783e-01
  6.0542995e-01
  1.0346241e+00
 -1.6905925e-01
  1.2904444e-01
 -1.2697026e-01
 -4.8653913e-01
  4.1737121e-01
  1.9118851e-01
 -9.5637152e-03
 -6.0881220e-02
  1.9898985e-01
 -3.6754945e-01
  1.6248000e-01
  5.4746687e-02
  3.5747334e-01
  7.2103895e-02
  3.3659458e-03
 -1.6139135e+00
  1.0144740e+00
  1.6204886e+00
 -1.6028129e+00
 -2.0573871e-01
  2.4824181e-01
  1.7854300e+00
 -3.8818306e-01
  2.9874043e+00
 -1.6784732e-01
 -2.4384940e+00
 -1.2977251e+00
  1.0989966e+00
 -1.5966405e+00
 -7.6623565e-01
 -6.8635225e-01
  5.2758718e-01
  8.6032517e-02
 -7.6101017e-01
 -5.2955799e+00
  3.9907244e-01
  4.2108975e-02
  5.4196095e-01
  1.0230566e+00
 -2.8875995e-02
 -1.0182082e-01
 -3.1792378e-01
  4.9629694e-01
  2.8840956e-01
 -5.8643091e-01
 -2.2177312e-01
  5.6558877e-01
  2.5548860e-02
 -1.1123981e+00
 -4.3511376e-01
 -1.1023303e+00
 -2.3018877e-01
  6.5380830e-01
 -3.3757457e-01
  2.5629251e+00
 -1.2309359e+00
  8.5411853e-01
  3.5631269e-01
  1.2372572e-01
 -4.7004586e-01
 -1.1436525e-02
  2.3805484e-01
 -9.9811530e-01
  7.0833749e-01
  1.1074167e+00
 -4.4699912e+00
 -3.2350969e-02
  1.7222224e-01
  1.3442570e+00
  2.2824275e+00
 -1.6650381e+00
  5.5681491e-01
 -2.5894988e-01
  2.4739063e+00
  3.1265132e+00
 -1.5501866e+00
 -8.2363451e-01
  1.0688725e+00
 -3.9783260e-01
 -6.3663703e-01
 -5.0977242e-01
 -4.7520152e-01
  7.1514112e-01
  1.0535359e+00
 -6.4185560e-01
  6.8739289e-01
  2.9089493e-01
  5.9678876e-01
 -3.8472769e-01
 -5.4443848e-01
  4.9933630e-01
 -1.8718739e-01
  6.8576790e-02
  3.8814339e-01
  1.0597712e-02
 -2.9869786e-01
  2.7542201e-01
  5.0803982e-02
 -2.1137773e-01
 -3.2905582e-01
  1.0614321e-02
 -3.3646870e-02
  1.0043050e+00
 -3.7427118e-01
 -3.4631553e-01
 -5.4101020e-01
 -1.8806750e-01
  1.0317317e+00
 -5.3599906e-01
  2.7588367e-01
  6.6432595e-01
  6.7981464e-01
 -2.3924434e+00
 -8.3117276e-02
  6.0950452e-01
  8.4378546e-01
 -2.4976822e-02
  1.3348578e-01
 -9.2199415e-02
  5.1290536e-01
  3.5721731e-01
  1.7533020e+00
  5.4572350e-01
 -2.1979072e+00
 -1.2864071e+00
  1.2759693e+00
 -1.8184868e-01
 -1.9601842e+00
 -1.5228360e+00
 -2.8458519e+00
  3.9143527e-01
  1.6734916e-01
 -1.1894475e+00
 -4.3821254e-01
 -6.6935587e-01
  3.9209798e-03
  8.5855886e-02
 -4.4907829e-01
  7.5019407e-01
 -8.5707963e-01
  5.1146740e-01
  2.3160583e-01
  2.8907189e-01
  2.1797550e-01
 -5.7199335e-01
 -1.1211901e+00
 -3.2951868e-01
  4.7932014e-02
  1.0335822e+00
 -2.2558284e-01
 -5.8507200e-02
  1.8233528e-02
 -4.1853774e-01
 -2.7501867e+00
  1.1852672e+00
  1.6641759e+00
 -3.9289537e-01
 -6.4223772e-01
  1.0173869e-01
 -2.9791385e-01
 -2.8154567e-01
 -1.7609569e-01
  1.7407796e-01
 -3.8233736e-01
 -9.4078690e-01
  3.8243240e-01
 -1.1233605e-02
 -3.4116972e-02
 -4.8124749e-02
 -3.1325829e-01
  4.1968077e-01
 -7.0772219e-01
 -1.3579538e-01
  5.8099580e-01
  7.4546784e-01
  1.3550141e-01
  5.6136900e-01
  6.4867640e-01
  8.2172072e-01
  1.1736254e-01
 -1.4603060e-02
  2.1810491e-01
 -1.4363902e-02
  3.9185014e-01
  3.3684450e-01
  5.0591838e-01
  4.3960175e-01
 -3.5360491e-01
 -3.6031979e-01
 -9.3192957e-02
 -3.8704297e-01
 -2.7482073e+00
 -2.2862928e+00
  2.4706057e-01
 -1.7081668e+00
  4.9473044e-01
 -7.7076674e-01
  2.5543061e-01
 -1.4896621e+00
 -3.0705181e-01
  4.9522474e-02
 -1.5490490e+00
  5.9715992e-01
 -3.7261503e+00
 -1.2287186e+00
  1.0257834e+00
  2.6960278e+00
  1.0568068e+00
 -1.0557327e-01
  3.1349576e-01
  1.8701212e+00
  2.2422931e-01
  1.5876265e-01
 -7.0826679e-02
 -1.7120257e-01
  1.3852017e+00
 -3.3411053e-01
 -3.4140848e-02
  4.6804983e-02
  7.2616547e-01
 -3.3414220e-03
  4.1907150e-02
 -5.1626897e-01
  4.0705466e-01
  8.3743775e-01
  1.4753734e-02
  4.3523842e-01
  1.4855214e+00
 -3.3542603e-01
  3.3955023e-01
 -7.7660047e-02
  9.6257824e-01
  5.0506490e-01
  4.6027210e-01
 -3.4745127e-01
 -3.0639419e-01
 -2.4766949e-01
 -7.2766435e-01
  6.1613220e-01
  1.1282982e+00
  2.3247117e-01
  4.8280057e-02
  1.3163778e-01
  4.0134463e-01
  9.7970665e-02
 -2.3373172e-01
  2.4909596e-01
  3.0380902e-01
 -3.5603067e-01
  3.3095646e-01
  4.3361861e-01
  8.9782482e-01
 -2.3093811e-01
 -2.4472022e+00
 -4.2365555e-02
 -6.5127099e-01
 -5.3453915e-02
 -6.1137080e-01
 -6.3398935e-02
  5.9156619e-02
 -1.6995283e+00
  1.0868893e+00
 -8.3099711e-01
  6.3701934e-01
  3.5257185e-01
  3.0251941e-01
 -3.4890121e-01
 -6.2233025e-01
 -1.4947127e-01
  1.4665202e-02
  2.7113262e-01
 -5.6588399e-01
 -3.5363594e-01
 -1.0434189e+00
 -6.2046760e-01
 -4.9995810e-01
  1.1112036e+00
 -3.7777734e-01
  3.2102790e-01
  2.4575272e-01
 -6.8397157e-02
 -3.7270945e-01
  7.6993263e-01
  4.3893754e-03
 -5.2667791e-01
 -1.2008133e+00
  4.5716166e-01
 -2.9742825e-01
 -7.9374805e-02
  1.1966782e+00
 -1.3151468e-01
 -1.1222759e+00
  5.6270140e-01
  2.8309211e-01
  1.4895268e-01
  9.9325216e-01
 -3.6783037e-01
 -4.2089441e-01
 -2.1874220e+00
  7.4900854e-01
  5.2036631e-01
  2.1398339e+00
  9.4286472e-01
 -5.1044285e-01
  1.7614911e-01
 -1.9081935e+00
 -8.9692444e-01
 -1.4697611e+00
 -4.7275826e-01
  9.7498709e-01
  2.2799201e-01
  8.1863749e-01
  8.9388084e-01
 -9.0674855e-02
  6.1857045e-01
 -9.4044143e-01
  7.9823919e-02
 -4.4327834e-01
 -5.5397552e-01
  6.6654050e-01
  2.1484186e-01
 -2.9153439e-01
  3.3652857e-01
 -1.9685613e+00
 -3.7815111e+00
 -1.2988330e-01
 -4.5383573e-01
  8.8228887e-01
  2.0205243e+00
  8.3830035e-01
 -3.1425443e-01
  1.1507275e+00
  1.2120690e+00
 -3.6625533e+00
 -6.6891629e-01
 -8.3416063e-01
  2.1612406e-01
  1.5395142e+00
  1.5599374e+00
  6.3805127e-01
 -3.0529305e-01
  1.6409355e-01
  1.9679171e+00
  3.8887629e-01
  1.1006740e+00
 -1.1642443e+00
  8.4553128e-01
 -7.8167665e-01
 -5.4365563e-01
  4.7991908e-01
 -2.4105467e-02
 -5.6748759e-02
  6.6854221e-01
  2.6513699e-01
  1.7281225e-02
  9.2539561e-01
 -7.3958296e-01
 -1.2778510e-01
  2.8446165e-01
  4.6659175e-01
 -9.2203683e-01
 -8.7460887e-01
  5.1523191e-01
  1.0818510e+00
 -2.2474527e-01
  8.6149812e-01
  1.3568059e+00
  2.1183096e-01
  2.7732593e-01
 -7.2383308e-01
 -3.6906415e-01
 -4.4488341e-02
  1.0331772e-01
  6.2371254e-01
  6.7189252e-01
 -6.8870729e-01
 -6.5013582e-01
 -1.7650060e-01
 -2.4182999e+00
  3.3248967e-01
 -6.7541653e-01
 -1.2482013e-01
  1.0303146e+00
 -1.4052309e-01
  6.0390387e-02
 -4.8963642e-01
 -1.5945690e-02
  2.5115175e-02
  1.9456907e-01
  3.3003166e-01
 -1.0904558e+00
  2.6505666e+00
 -1.5274557e-01
 -3.9869687e-01
  3.4597796e-01
  2.0386550e+00
 -2.5689065e-01
  1.7301621e-02
  2.8908603e-02
 -1.1610103e-01
 -1.2918875e+00
 -2.3564115e+00
  1.0445884e+00
  1.0410558e-01
  4.0278010e+00
 -1.0921602e+00
 -1.0334694e+00
 -8.7051409e-01
 -7.5183511e-01
  7.6380688e-01
 -1.0910419e+00
  9.4202197e-01
 -8.5202360e-01
  4.2825493e-01
 -5.1274753e-01
  2.0231819e-02
 -1.0328274e-01
  1.1217739e-01
  5.9323126e-01
  5.0971963e-02
  3.0557662e-01
  4.4554722e-01
  2.9310814e-01
  5.9350036e-02
 -3.6012277e-01
 -5.9690185e-02
 -9.1977018e-01
 -8.7517792e-01
 -6.4950991e-01
  8.1094944e-01
 -1.2622387e+00
  6.4073563e-01
 -4.1336820e-01
  2.9227719e-01
 -7.3135264e-02
 -3.8351405e-01
 -6.2270230e-01
  4.4783921e+00
  1.2253638e-01
  1.5849514e+00
  3.3207771e-01
 -8.9143479e-01
 -6.1073899e-02
  5.3934556e-01
  4.7947183e-01
 -4.2585237e-03
 -1.0546983e+00
  2.3496133e-01
  3.2875159e-01
 -5.2122325e-01
 -9.0526462e-02
 -6.3635921e-03
 -1.5410295e+00
  9.3801007e-02
  6.7130637e-01
  4.1920012e-01
  3.8220128e-01
 -3.2370394e-01
 -5.2245146e-01
  2.6291588e-01
 -1.6205552e-01
 -3.3956647e-01
  9.2963016e-01
 -2.2638328e+00
 -5.3118443e-01
 -2.8337345e-01
  7.4507064e-01
 -1.8497592e-01
 -6.4245099e-03
 -5.1852590e-03
  2.3738533e-01
 -3.5945162e-01
  1.6088649e+00
  3.6141494e-01
 -2.8863018e+00
  3.8826013e-01
  7.2911814e-02
 -4.8482180e-02
  3.6010671e-02
 -3.7638035e-02
  3.8482666e-01
 -3.7341785e-01
 -4.4190392e-01
  1.5792774e+00
  5.5048335e-01
 -2.0360918e+00
  2.9592222e-01
  2.5627851e-02
 -3.0368626e-01
  3.4559250e-01
  2.4594409e+00
  9.7610545e-01
 -7.4166101e-01
  2.3823617e-01
 -1.3838437e-01
 -1.6818969e-02
 -2.6964658e-01
 -3.9138904e-01
  5.6167507e-01
 -4.0710634e-01
 -4.9087909e-01
  3.9070350e-01
 -8.4812874e-01
  1.9164734e-01
  3.6315516e-01
  5.7494998e-02
  4.3763411e-01
 -9.3430376e-01
 -1.1495681e+00
 -1.4877285e+00
 -3.6923547e+00
 -1.8150795e+00
  6.4585067e-02
  3.2607167e+00
 -1.6770854e+00
 -2.1548183e+00
 -1.2329029e+00
 -5.7201111e-01
 -5.1612711e-01
  3.9849526e-01
 -2.6800473e+00
 -5.4336935e-01
  1.6388966e+00
 -1.1481314e+00
 -1.1215608e+00
 -1.2083937e+00
 -7.8026140e-01
  1.1855995e-01
  1.1015292e-01
 -5.0455034e-01
 -1.3515283e+00
  1.2332361e-01
 -2.8871524e-01
  5.1321387e-01
  4.0770158e-01
  6.0273325e-01
 -2.6571045e+00
 -5.0610954e-01
 -6.0996586e-01
 -3.4695423e-01
  5.5226314e-01
 -1.0586616e+00
  9.2784679e-01
  1.1928842e-01
 -7.4304163e-01
 -4.4947183e-01
  2.5727895e-01
 -3.2006308e-01
 -4.1213340e-01
 -2.7290015e-02
 -9.3690836e-01
  6.1339267e-02
  4.1003335e-01
 -2.9805999e+00
 -4.3836352e-01
 -2.6412630e-01
 -1.3559774e-01
  1.9957887e-01
  9.2404686e-02
 -6.5910158e+00
  6.8525505e-01
  1.5265025e-01
 -4.3585002e-01
  4.8151132e-01
 -5.2777547e-01
 -6.1194223e-01
 -6.9770378e-01
 -9.8300409e-01
  6.6123284e-02
 -1.6535478e+00
 -8.8014925e-01
  8.7991178e-02
  7.5833839e-01
 -7.6373935e-02
  3.2444084e-01
 -1.3080357e+00
  2.5027188e-02
 -1.4222403e-01
  2.7222440e+00
 -1.3849411e+00
  5.1937836e-01
 -4.1849959e-01
  2.3762569e-01
 -4.8936379e-01
 -3.2176216e+00
 -1.1488582e-01
 -6.3469714e-01
  9.5605564e-01
  8.4271991e-01
 -1.4697236e+00
  5.0969181e+00
 -1.8103840e+00
  4.2650697e-01
  1.3122642e-01
 -1.0268995e+00
 -7.5823134e-01
 -4.8533139e-01
 -6.0057688e-01
 -1.6869575e+00
 -7.4091202e-01
 -9.2206413e-01
  5.2023941e-01
  3.8498780e-03
  5.1478940e-01
 -5.2564913e-01
 -8.7527418e-01
 -5.0806385e-02
  4.8779935e-01
 -7.6934105e-01
  1.1441746e-01
  1.4045516e+00
  6.8475407e-01
 -1.2162409e+00
  1.8917699e+00
 -2.0534947e+00
  2.0327175e+00
  1.1430307e-01
  1.9923268e-01
  3.2357311e-01
 -6.2868267e-01
  2.8417882e-01
 -1.0130273e+00
 -1.0316941e-01
 -3.5849321e-01
  1.5560632e+00
  1.3863070e-01
  2.5130028e-01
  4.2057276e-01
  3.1443977e-01
  6.5766227e-01
 -4.1140205e-01
 -5.6154426e-02
 -1.5207206e-01
 -2.0992041e-01
 -3.6548471e-01
 -1.8607029e+00
 -6.0986060e-01
 -2.0929810e-01
  3.2337004e-01
 -1.5007378e-01
  6.2228066e-01
 -3.1200642e-02
  5.2273029e-01
 -8.6551130e-02
  4.7456354e-01
  7.9729754e-01
 -5.3032809e-01
  1.1463772e+00
 -1.9920750e-01
 -3.5371888e-01
 -2.1039829e-01
  1.3329621e-01
  1.5026366e+00
  1.5933079e-01
 -5.4098662e-02
  7.1042836e-01
  2.1124706e-01
 -4.2466334e-01
 -1.3927539e-01
  3.9026052e-01
  1.0802727e+00
  2.3391020e-01
  1.8535043e-01
 -5.8491510e-01
  9.2972256e-02
  1.1139966e-01
  9.5473960e-02
  1.5377051e-01
 -9.7944850e-01
  2.6659604e-02
 -4.9520302e-01
  1.9190535e-02
  7.8322703e-01
 -3.2655537e-01
 -6.1351115e-01
 -6.5277791e-01
 -9.4983652e-02
  2.3330398e-01
 -1.3969187e-01
 -1.3434657e-01
  1.9806360e+00
 -6.8766013e-02
 -8.6731380e-01
  3.7087443e-01
 -5.2228856e-01
  7.8286546e-01
  3.8509762e-01
 -4.8957029e-01
 -1.1142257e+00
  1.3862594e-03
  3.9254791e-01
  8.4343284e-01
 -5.1335019e-01
  3.8945109e-01
 -2.7101439e-01
  5.7126206e-01
  3.9578387e-01
 -2.1194565e-01
  7.4960041e-01
  1.3259237e-01
  7.5392032e-01
 -2.9355326e+00
 -5.4601192e-01
 -1.3827419e-01
 -6.0490179e-01
  6.2373453e-01
 -6.5786563e-02
  1.8367301e-01
  2.7351341e-01
 -6.1300528e-01
  7.0743269e-01
  1.2433152e-03
  6.7661986e-02
 -4.6322092e-01
  1.8468412e-02
  6.0990852e-01
  3.7170371e-01
 -1.3326740e-01
 -2.1644454e-01
 -1.3511193e+00
 -4.7967699e-01
  1.6483380e-01
 -1.0959954e+00
  1.2553759e-01
 -3.9218757e-02
 -2.8759390e-01
 -3.6401427e-01
 -2.8395766e-01
  2.0966177e+00
  2.6609212e-01
  5.7001412e-02
 -5.4490197e-01
 -4.3664554e-01
 -1.5955868e-01
 -4.7260761e-01
  1.6082023e+00
 -2.7575028e-01
 -1.0379139e-01
  1.4177911e-01
  4.6425271e-01
  1.1876769e-04
  4.4301022e-02
  9.7577453e-02
  4.6402428e-01
  2.6451239e-01
 -2.7630875e-01
  1.9495912e-01
  6.2840700e-01
  1.6384996e-01
 -3.9499915e-01
 -1.2184399e+00
 -1.0054380e+00
 -1.1595823e+00
  3.2925203e+00
 -1.5558753e+00
 -1.8262860e+00
  3.7299934e-01
  8.3154714e-01
  1.4603761e+00
 -9.2839442e-02
  1.5379385e+00
 -1.1083239e+00
  3.0917311e-01
  2.0276564e-01
 -1.7456549e+00
 -2.6255515e+00
 -4.8094773e-01
  6.2225926e-01
 -1.5796014e+00
 -2.8373182e+00
  1.2579930e+00
  1.9293561e+00
  5.3590856e-02
  2.8858840e-01
 -7.4034190e-01
 -5.0212890e-01
  4.0862122e-01
 -5.0771689e-01
  1.2599368e+00
  5.5920887e-01
 -7.2107362e-03
 -3.6931548e-01
 -4.7686172e-01
 -1.4766484e+00
 -3.1346564e+00
  5.9345651e-01
  2.2462449e+00
 -1.1446939e+00
  9.9921249e-02
  3.9694875e-01
 -5.1969063e-01
  3.3738235e-01
 -1.7649597e-01
  2.7254945e-02
 -5.2903050e-01
  2.2227903e-01
  5.3472263e-01
 -5.3977150e-01
  2.9039279e-01
 -1.0494006e+00
 -2.0800851e-01
  8.2513064e-01
  1.2617604e-01
  5.3054127e-03
  1.6023493e-01
 -2.2408936e+00
  2.0456372e-01
  1.2109116e-01
  3.2735762e-01
  6.4672291e-02
 -3.8681266e-01
  6.3146055e-01
  9.1878396e-01
 -5.1197600e-02
  8.3397764e-01
 -2.0194727e-01
  7.2260720e-01
 -1.1958612e-01
 -1.7439612e+00
 -6.5888005e-01
  2.3189621e+00
 -1.0536077e+00
  1.1015840e+00
  2.2982076e-01
 -3.4194276e-01
  5.3523809e-02
  4.3983576e-01
 -6.7396253e-01
 -2.9383465e-03
 -1.0884755e-01
 -3.5948759e-01
  1.5556344e-01
  4.8455667e-02
  1.3672252e-01
 -8.1409192e-01
 -3.5775021e-01
  2.9016018e-01
  2.9723331e-01
  1.1473974e-01
  7.9223432e-02
 -2.9279181e-01
  1.6103886e-01
 -6.4754844e-02
  2.8928158e+00
 -4.9563617e-01
  2.4711604e-01
  3.5930526e-01
  1.3439733e-01
  2.2959098e-01
  3.5985363e-01
  2.4646920e-01
  3.7737659e-01
 -6.6156811e-01
 -2.5732684e-01
 -1.1826661e+00
 -1.6278701e+00
  9.3580431e-01
 -5.0408238e-01
 -2.8833044e-01
 -1.0282739e+00
 -1.2074787e-01
  1.8667581e-02
 -2.8801901e+00
 -8.8723607e-02
  8.2695439e-02
 -8.0927020e-01
  2.5286911e+00
  4.2653295e-01
 -1.0963994e-01
 -3.0776334e-01
 -6.7828065e-01
 -1.3044144e+00
  4.4720516e-01
  4.4536036e-01
  3.8272431e-01
  2.5611511e-01
  5.3563303e-01
 -1.5952724e-01
 -4.8584282e-01
  3.3123544e-01
 -2.2876754e-02
  5.2592285e-02
 -4.3735337e-01
  3.2049662e-01
 -5.8236998e-01
  2.5235683e-01
 -6.6251558e-01
  3.6180045e-02
  1.3358321e+00
 -2.7648017e-01
 -6.4422870e-01
  1.7570341e+00
 -4.2001244e-01
  6.5311491e-01
  3.1191969e-01
  1.8066001e+00
  5.6138289e-01
  2.0351358e-01
  3.7251327e-02
 -1.0092745e+00
 -8.2320459e-02
 -4.6529740e-02
 -5.1786499e+00
  2.6179528e-01
 -6.6534203e-01
  4.7712630e-01
 -1.5864362e-01
 -4.2343491e-01
  8.4674522e-02
 -7.9194754e-01
  6.5937245e-01
  2.0182259e-01
  2.1787867e-01
 -6.8596892e-02
  8.0873311e-01
  4.9098715e-02
  3.1558192e-01
  3.2616204e-01
  7.6182342e-01
  1.9487885e-01
  1.4369462e-01
 -3.6337247e-01
  2.9495493e-01
  3.9080881e-02
 -1.6850871e-01
 -2.1285377e-01
 -3.1158106e-02
  3.4523931e-01
 -3.2206282e-01
 -7.5896657e-01
  3.2915685e-01
 -1.1496034e-01
 -7.9825610e-01
  7.5702870e-01
 -8.5904449e-01
  9.0894792e-03
 -3.1045172e-01
 -2.3649786e-01
  4.9333073e-02
  1.4199131e+00
  2.6165044e-01
 -2.8915444e-01
 -3.7950712e-01
 -1.5785915e-01
  1.4953700e-01
  7.8925985e-01
 -2.7262014e-01
 -9.5368959e-02
 -1.1110457e+00
  4.2552564e-01
 -2.9895127e-01
 -1.1768835e+00
  3.1439957e-01
 -3.2798412e-01
 -2.0793192e-01
 -5.2936316e-01
  4.9007660e-01
 -3.9684591e-01
 -6.3133961e-01
 -4.4939452e-01
 -1.0886084e+00
 -2.7980657e+00
 -1.4304869e-01
  3.2089183e-01
 -2.2856906e-01
 -2.2003365e+00
 -4.6091441e-02
 -3.2167360e-01
  1.4980915e-01
  3.9990881e-01
  3.0312121e-01
  2.8832904e-01
  7.3330307e-01
 -3.7981126e-01
 -5.1220882e-01
  8.3446681e-01
  5.3816223e-01
  4.7552636e-01
 -4.6282843e-01
 -1.1249340e-01
 -5.2864176e-01
 -2.8317919e-01
 -4.0303391e-01
 -4.6826017e-01
 -5.9548730e-01
 -1.8404798e-01
 -5.3827924e-01
 -5.8441889e-02
 -2.3065162e-01
 -7.1704268e-01
 -6.7292011e-01
  3.4253922e-01
  6.1825579e-01
 -4.2913383e-01
  6.7255951e-02
  6.5401959e-01
 -5.1073748e-01
  2.2482538e+00
  2.8708279e-01
  2.3358186e-01
  5.7007140e-01
 -1.0990074e+00
  8.5056148e-02
 -8.6865447e-02
 -2.7557975e-01
  3.9987457e-01
 -1.5651202e-01
  9.3835694e-01
  4.2335397e-01
  2.4067040e-01
 -3.5083643e-01
  1.5705357e-01
 -2.0484991e-01
  2.2014897e-01
  8.8386261e-01
 -5.3269334e-02
  1.0036275e-01
  7.1218544e-01
  7.3467571e-01
  2.2130784e-01
  8.6036295e-02
 -6.8169010e-01
  1.2576696e-01
  4.5761806e-01
  3.1032914e-01
 -6.2904847e-01
 -1.2523802e-02
 -7.0518661e-01
  1.7792636e-01
 -5.2411890e-01
  1.5016999e+00
 -1.3326167e+00
  2.4451771e+00
  2.3131429e-01
 -1.6411039e-01
 -1.6639923e-01
  3.2453609e-01
  2.2440156e-01
 -2.0250001e+00
 -6.4583093e-01
  3.0802760e-01
 -3.5624905e-03
 -9.3654633e-01
  1.8165456e-01
 -6.9836819e-01
  1.7818224e-01
  2.3547931e-01
  1.1612399e-01
 -3.3708999e-01
  5.7552212e-01
 -5.0199425e-01
 -2.0972320e-01
  4.0956236e-02
 -6.7229196e-02
 -2.9050854e-01
  7.4215308e-02
  5.0149268e-01
  9.2256564e-01
  3.3987284e-01
  2.7121818e-01
 -1.4531758e-01
 -3.7306103e-01
 -1.1502708e-01
 -2.2319081e-01
 -7.4343055e-01
  1.0043331e+00
 -4.3925092e-01
  1.1495172e+00
  7.1119629e-02
 -1.7139825e+00
 -2.5586253e-01
 -4.0499088e-01
  2.5728357e-01
  1.8772075e-01
  5.4064393e-02
 -3.6104965e-01
  1.5376537e-01
 -7.1297932e-01
 -1.4657903e-01
 -2.3272574e-01
  1.5683271e+00
 -5.6649256e-01
 -1.9372791e-01
 -3.5640684e-01
 -3.7791812e-01
  1.3972305e-02
  9.0764785e-01
  9.3150657e-01
 -4.1286030e-01
  1.9580223e-01
 -2.3467803e-01
  2.2232383e-01
 -3.5254955e-02
 -1.0657454e-01
 -1.5258051e+00
  4.3691179e-01
 -1.1485395e+00
  9.2227709e-01
  1.1210692e+00
  1.1781453e-01
 -1.3314691e+00
 -1.6948853e+00
 -1.4545562e+00
 -6.9562808e-02
 -7.8974849e-01
 -4.8593929e-01
 -1.1020807e+00
  3.5332844e-01
 -1.1041195e+00
 -3.7058094e-01
  1.0784563e-01
  2.2926244e-01
  4.1449256e-02
  3.8880599e-01
  3.8003021e-01
 -1.2479683e-01
 -5.3630584e-01
 -1.9213340e+00
 -8.0734783e-01
 -4.9019715e-01
  1.1103262e-01
  2.3889442e-01
 -5.3324677e-02
 -1.1654067e+00
 -5.3819281e-01
 -2.2144857e-01
  3.8443178e-01
  1.5299577e-01
  1.8948652e+00
 -1.9973157e-01
 -1.9950023e-01
  1.7935378e-04
  1.2504247e+00
 -5.1827478e-01
 -1.8553385e-01
  1.0895927e+00
 -3.2945627e-01
 -1.8899107e-01
  5.1785892e-01
 -4.8941362e-01
 -9.9320650e-01
 -8.7266684e-02
 -9.9860233e-01
 -5.2320540e-01
 -2.4393454e-01
  5.2589720e-01
 -7.9427347e-02
 -1.4869691e+00
 -3.9223483e-01
 -4.1182643e-01
 -3.4242833e-01
  3.3959124e+00
  1.8969275e-01
  1.0636834e-01
 -6.3759261e-01
 -6.8458045e-01
 -1.8508650e-02
  5.2628493e-01
  4.5701274e-01
 -2.3440218e-01
 -1.2471545e-01
  2.8797002e+00
 -3.4713870e-01
 -3.8676712e-01
 -1.7634213e-01
  1.2023520e+00
 -1.8533805e-01
  2.9711637e-01
  1.2710240e+00
 -1.0131130e+00
 -9.0467459e-01
 -2.0404538e-02
 -3.0360391e+00
 -6.6584326e-02
  2.0704363e-01
 -6.4813119e-01
  2.3513392e-01
 -8.8576235e-02
  9.5338416e-01
 -6.1171061e-01
 -8.7255126e-01
  1.6831365e-01
  8.2629301e-02
  1.3100214e-01
  1.9548573e-01
 -5.1527953e-01
  3.3954826e-01
 -5.8182538e-02
  3.8411200e-02
  2.2863586e-01
  1.9839147e-01
  5.1148432e-01
  4.3905917e-01
  2.3819258e+00
  2.5912479e-01
 -3.7531209e-01
 -9.3063213e-02
 -4.8659220e-01
 -1.4283814e+00
 -1.4131194e-01
  6.8943322e-01
 -5.2751627e-02
  3.9094765e-02
 -3.6013412e-01
  3.5370713e-01
  1.4162468e+00
  1.4962587e+00
  4.7486462e-02
  1.0023928e+00
 -6.4397824e-01
  4.7073814e-01
 -3.1907728e-01
  2.9299870e-01
 -2.8555399e-01
  2.2898097e-01
  3.1923842e-01
 -1.6926082e+00
  5.6876796e-01
 -4.0938500e-01
 -1.2038410e+00
 -1.0033928e+00
  6.0857128e-02
 -3.0351633e-01
  3.9908084e-01
 -1.4779033e-03
  5.1383066e-01
  1.2983355e-01
 -1.0640118e-01
 -1.7909326e-01
  3.9574018e-01
  9.0022171e-01
  5.0072229e-01
  3.8298169e-01
 -6.0271752e-01
  2.2658620e+00
  2.6063457e-01
 -4.5364344e-01
  4.1157138e-01
 -4.5385665e-01
 -4.2636225e-01
 -5.3616709e-01
  1.1040344e+00
  1.4681016e+00
  8.8796777e-01
 -1.7956572e+00
 -2.2113159e-01
  2.6248718e-02
 -1.0373992e+00
  3.7708247e-01
  3.1869662e-01
 -6.1920725e-02
 -2.4362281e-01
 -1.0976992e-02
 -1.8637568e+00
  4.0356395e-01
 -1.0337179e-01
  4.9645540e-01
 -7.5817786e-02
 -4.3137699e-01
  1.9193272e-01
 -9.2945772e-01
  1.0636485e+00
 -2.8607249e-01
 -4.2452177e-01
  1.4949323e-01
 -2.1417898e-01
  2.9977992e-01
 -2.1612293e-01
  3.8898695e-01
  1.6419350e-01
  4.9609792e-01
 -1.7696925e-01
  9.8078877e-01
  4.9988502e-01
 -1.7869286e-02
  4.4928074e-01
  2.6332462e+00
 -4.2939505e-01
  2.3579612e-02
  1.7353381e+00
 -5.9234267e-01
  1.4627624e+00
  7.3104215e-01
 -1.0358313e-01
  1.5876004e-01
 -9.2758483e-01
 -7.1121506e-02
 -2.8362834e-01
  1.8816901e+00
 -6.1808240e-01
  9.7832888e-02
 -5.5122697e-01
  4.5496389e-02
 -3.8315225e-01
  3.0380929e-01
  2.3287751e-01
  2.9606035e-01
  1.2232675e-02
 -6.4809574e-03
 -4.6328986e-01
  1.6068268e+00
 -7.8886330e-01
  2.2927557e-01
 -1.3804712e+00
 -4.3507642e-01
  1.6201524e-01
  6.1065304e-01
 -1.4850964e-01
 -7.0712918e-01
  1.3041578e-01
 -2.1779159e-01
  9.4693351e-01
  5.3099573e-01
  2.9799229e-01
 -6.1347890e-01
  4.8917472e-01
  9.2675316e-01
 -1.7724459e-01
  1.0533766e-01
  1.3303554e+00
  2.4759530e-01
  1.0007807e+00
 -5.2903402e-01
 -2.5859848e-01
  3.0668002e-01
  3.2527696e-02
 -9.6023935e-01
  1.7792907e-01
 -1.6685565e-01
  1.8974017e-01
  6.0201049e-01
  7.6408438e-02
  5.1772809e-01
 -3.4594584e-01
 -2.6056799e-01
  1.7713270e-01
 -3.7523815e-01
 -2.5046413e+00
 -9.6352988e-01
  3.9597285e-01
  9.3118973e-02
 -6.6348344e-01
 -3.5469723e+00
 -2.8472191e-01
 -2.9342186e-02
  2.1351136e-01
 -1.2536851e+00
  2.0537016e+00
 -5.5224550e-01
 -8.1676978e-01
  1.1555481e-01
  3.8554168e-01
 -2.5628650e-01
 -2.7622402e+00
 -5.2724677e-01
  2.9850501e-01
  2.1036240e-01
  1.2711627e+00
  4.2358050e-01
  1.7555836e+00
  2.9798463e-01
 -3.5477191e-01
 -2.2278227e-01
 -3.4664342e-01
  4.0208808e-01
 -4.8260104e-02
  1.4970922e-01
 -7.0548445e-01
 -1.2323070e+00
 -4.9085835e-01
 -2.6956582e+00
  2.4104634e-01
 -1.8600047e+00
 -7.4766344e-01
  5.9314758e-01
  1.8407509e-01
  1.6817186e-02
 -2.9650631e-03
 -3.6638433e-01
  6.7665994e-02
  5.9995157e-01
 -6.8232071e-01
  3.0461580e-01
 -5.8050521e-02
  2.7944782e-01
  3.5693273e-02
 -4.6596986e-01
  1.0477836e+00
 -4.1437599e-01
  1.1147822e+00
  5.6594861e-01
 -3.3767670e-02
 -2.4136448e-01
  1.5793046e-01
 -4.1547665e-01
 -2.0392968e-01
  9.1786391e-01
  2.1898251e+00
  2.8542576e-02
  9.5103550e-01
  1.6123274e-01
  5.4349121e-02
  2.4938384e-01
  1.0744505e-01
 -2.4203172e-01
  3.9161369e-01
 -5.4560363e-01
 -7.8001803e-01
  5.7075024e-01
  8.3852285e-01
 -7.8819983e-02
  1.3077925e+00
 -2.1724868e-01
  5.5948925e-01
  8.0410659e-01
  4.6463123e-01
 -7.9450595e-01
  1.5302465e+00
 -2.8541893e-01
 -8.0175579e-01
 -2.2707926e-01
  4.2507225e-01
 -2.1793954e+00
 -2.4335869e-01
  2.0767285e-01
 -1.3074093e-01
 -4.2843148e-01
 -2.1190740e-01
 -1.3218497e-01
  9.8996466e-01
  1.8156195e-01
  1.1174619e-01
  5.8029640e-01
 -1.8561205e-02
  7.2331709e-01
  2.7066651e-01
  4.2216769e-01
  2.4704511e-01
  3.4863454e-01
  3.4156206e-01
  5.0020041e-03
 -2.6691528e-02
  7.9137720e-02
 -2.1200877e-02
  1.4176901e-01
 -3.1152868e-01
 -3.0308542e-01
 -1.2071320e-01
 -5.6393284e-02
  5.6050919e-02
  1.1874807e+00
  8.1654304e-01
  4.8546511e-01
  1.1930251e+00
 -4.1978459e+00
  6.3167286e-01
  3.5266641e-01
 -3.1646451e-01
  3.1438415e+00
  2.8510592e+00
 -1.6858310e+00
  1.6127616e-02
  2.9959583e-01
  4.9183583e-01
 -9.5400594e-02
 -1.8094039e+00
 -3.3644485e-01
  5.9908009e-01
 -9.2164725e-02
  8.3370924e-01
 -3.3835374e-02
 -7.5759827e-03
 -1.0483091e-01
  7.5228348e-02
  3.5118446e-01
 -4.3638662e-01
  2.0944852e-01
 -2.3258246e-01
 -2.2837627e-01
 -5.5772763e-01
 -7.0816725e-01
  7.6847270e-02
 -4.3688917e-01
  1.6709922e-02
  1.0452451e+00
  1.7611773e+00
  1.6848509e+00
 -2.2671936e-01
 -7.5724375e-01
 -2.0262446e+00
  1.7155142e-01
 -9.6533589e-02
  1.4389509e-01
  1.2542431e+00
  6.0423738e-01
 -2.9074762e+00
  2.0371068e-01
 -6.8246448e-01
  8.0635524e-01
  1.2000799e+00
  9.6457049e-02
  3.7976304e-01
 -2.1330196e-01
 -6.1999345e-01
  5.3665537e-01
 -1.6289662e-01
 -3.7353861e-01
 -2.4048783e-02
 -6.1575826e-02
  1.0220094e+00
  2.1469170e-01
  5.7839358e-01
 -4.5338887e-01
  9.8335490e-02
  1.9312748e-01
  2.0123529e+00
  1.7312334e+00
  6.5991968e-01
 -4.1404289e-01
  7.1870744e-01
 -6.9427127e-01
  8.1973088e-01
 -8.5506731e-01
  4.6952313e-01
  1.5289739e+00
 -6.6161883e-01
  1.6779767e-01
  6.0895509e-01
 -2.1552105e+00
 -8.0316097e-01
 -1.0996963e+00
 -3.2050106e-01
  8.4407240e-01
 -5.7570010e-01
 -1.2590828e+00
  1.7884155e-01
 -4.5172802e-01
  5.9468102e-01
  2.4275160e-01
  6.1030746e-01
  5.7942623e-01
 -2.0724227e-01
  4.0107489e+00
 -4.0254977e-01
  1.6903867e-01
  1.7642511e-01
 -3.9185059e-01
 -5.2090400e-01
  3.3720955e-01
 -2.3154038e-01
  6.3943470e-01
 -4.3156958e-01
  9.6191168e-02
  2.7220172e-01
 -8.2227069e-01
  5.3270739e-01
  2.0282290e+00
 -2.6252718e+00
  1.3561126e+00
 -4.2177764e-01
 -5.0713439e+00
 -2.9645720e+00
 -2.0588963e+00
 -1.2758578e+00
 -2.3166533e+00
 -1.8357358e+00
  1.8810866e+00
  5.3117913e-03
  1.5938388e+00
 -1.3092008e+00
  3.2658329e+00
 -1.7976848e+00
  2.1239719e+00
 -1.4594437e+00
  2.2034284e-01
  1.3072689e+00
  4.8377419e+00
  1.1366912e+00
  1.3688594e+00
 -1.8430781e+00
  2.5808623e+00
  7.2658032e-02
 -2.3403075e+00
  4.6739664e-02
 -8.0511045e-01
 -2.0000246e+00
 -2.4855447e+00
  1.4695324e+00
 -1.8061098e+00
 -3.0778437e+00
 -2.8510301e+00
  1.3880775e+00
  7.7569318e-01
  2.8002005e+00
 -6.0550088e-01
  2.2867789e+00
  2.3371890e+00
  1.8864371e-01
 -1.4083676e+00
  6.6146624e-01
 -2.3486111e+00
  3.1069150e+00
 -3.3372591e+00
  1.5986136e-01
  1.7740664e+00
  3.1341403e+00
  1.1771977e+00
  6.3573265e-01
  2.3772976e+00
  1.6562617e+00
  6.0537714e-01
  1.7987201e+00
  3.3747909e+00
 -1.6428357e+00
  7.7118456e-01
 -1.8777100e+00
 -1.6036235e+00
  2.1174910e+00
  1.8606700e+00
  1.8610665e+00
  2.3794155e-01
  1.9420956e+00
 -1.9578701e-01
  1.5449936e+00
 -3.9105359e-01
  2.9994080e+00
  2.0882628e+00
 -1.0149041e+00
 -1.1818833e+00
  2.9902592e-01
  2.4769824e+00
  8.8701206e-01
 -1.0600202e+00
 -1.5596857e+00
 -5.6645191e-01
  1.5287199e+00
  5.1730380e+00
 -3.3028120e-01
  6.0046279e-01
 -5.1176466e-02
 -1.6567977e-01
 -1.1286373e+00
 -9.7760874e-01
 -3.8838029e-01
 -4.1908603e+00
 -8.7402124e+00
  4.4572663e+00
 -2.7457517e-01
  3.6895659e+00
  3.9045198e-03
  2.6459451e+00
 -3.7916801e+00
  2.6774631e+00
 -2.7411911e+00
  1.5910791e-01
  1.9870509e+00
  9.0969229e+00
  2.4161264e-01
 -7.9111433e-01
 -4.0992970e+00
  4.1560254e+00
 -2.5484601e-02
 -3.5531819e+00
  4.9439505e-02
  1.2594678e+00
 -1.4168128e+00
 -4.0881753e+00
  1.6102562e+00
 -2.9097829e+00
 -3.2180376e+00
 -4.5624123e+00
  8.5291451e-01
 -1.0373377e+00
  2.7902081e+00
  2.4490571e-01
  4.0222297e+00
  6.5520725e+00
  3.9697934e-02
 -2.7248044e+00
 -1.6368275e+00
 -1.9141240e+00
  7.5133866e-01
 -1.0607834e+00
  1.0250610e+00
  5.8761601e+00
  4.9776134e+00
  3.5770220e-01
  3.6447573e-01
  9.7534579e-01
  3.7912672e+00
  3.9499524e-01
  3.0238857e+00
  7.5113287e+00
 -6.0868278e+00
  2.6980863e+00
 -2.4143100e+00
 -1.2905543e+00
  1.9966210e+00
  1.2240217e+00
  8.5589285e+00
  2.2554064e+00
  3.3879716e+00
  4.5672175e-02
  1.8760015e+00
 -1.4173557e+00
  2.6604943e+00
  5.2982897e-01
 -1.1509635e+00
 -4.8212591e-01
  6.9838011e-01
  6.5547605e+00
  9.0900701e-01
 -2.4349889e-01
 -5.1387203e-01
 -1.5836622e+00
 -1.7459784e+02
  1.5274869e+00
 -1.5782554e+00
 -4.3423864e-01
 -2.2447179e-01
 -2.6626623e-01
 -2.7543225e+00
 -3.3208427e+00
 -5.6281338e+00
 -4.4653716e+00
 -1.9681290e-01
 -2.2024810e-01
  6.1372912e-01
 -1.7316891e+00
 -9.6607584e-01
 -2.5638151e+00
 -4.0348512e-01
 -1.8663211e-01
 -1.4692631e-01
  1.8979902e+00
 -2.8773534e+00
  9.0757096e-01
 -2.0052037e+00
  1.8929461e+00
  1.7599633e+00
 -4.3381963e+00
 -3.0453634e+00
 -9.4738942e-01
 -1.4604551e+00
 -1.9053470e+00
  4.9044323e-01
 -4.6479023e-01
  1.2774717e-03
 -2.1926923e+00
  4.5241896e-02
  3.8748023e-01
 -2.7222168e+00
 -6.1378616e-01
  6.4594835e-01
  1.1858500e+00
  1.6601624e+00
  4.9492946e+00
  1.2243528e+00
  3.0633309e+00
  2.0257102e-01
  1.1432633e+00
  2.1384590e+00
 -9.1512477e-01
 -2.3864510e+00
 -5.2242988e-01
  3.4432154e+00
 -9.4902712e-01
  2.9608076e+00
 -1.2136641e+00
 -2.7741115e+00
 -2.7273688e-01
 -2.1815847e-01
  2.1219929e-01
 -9.9641240e-01
 -3.2838002e-01
  4.7322467e-01
  1.5056183e+00
 -1.6220320e+00
  1.4863988e+00
 -1.6499330e+00
 -7.3817211e-01
 -1.6987844e+00
  2.3519218e+00
  1.0900438e-01
 -6.9276643e-01
 -2.4414184e+00
  2.0488722e+00
 -2.7615834e-02
 -2.9574051e-01
 -7.3248166e-01
 -1.3063066e+00
 -1.1879629e+00
 -1.3579661e+00
  9.2715096e-01
 -3.1635103e+00
  2.7254122e-01
  3.3508730e+00
  8.7779516e-01
 -1.6044945e-02
  2.9796581e+00
  4.2663428e-01
  2.1304479e+00
 -1.6940174e+00
 -1.0729678e+00
 -2.0128303e+00
 -2.4508407e+00
 -1.4592515e-01
 -1.6302480e+00
 -2.9434676e+00
 -3.9751790e+00
 -2.4549310e+00
 -4.0979962e+00
  1.4314290e+00
  1.1498569e+00
  1.1151353e-01
 -9.6526168e-02
  2.1277246e+00
  1.3546810e+00
  2.1874665e-01
  4.6374428e-01
 -3.6168835e-01
  1.6991283e+00
 -5.6136489e-01
 -2.2808626e+00
  2.1515961e+00
 -5.2023107e-01
  1.3274953e+00
  8.0208838e-01
 -1.8557642e+00
  6.6110039e-01
  1.9528359e+00
  4.7684040e+00
 -1.3424706e+00
  5.5955225e-01
 -1.7637573e-01
 -2.2706861e+00
  1.3171036e+00
  2.1038537e+00
 -9.9236041e-01
  1.7634377e+00
  1.5710099e+00
  2.5877411e+00
 -8.9141095e-01
 -3.2762990e+00
 -4.7170722e-01
  8.9557326e-01
 -5.0824925e-02
  1.9391938e+00
  3.1174133e-02
  5.8982199e-01
 -4.9809819e-01
 -7.7255857e-01
 -2.2369127e+00
 -1.4459065e+00
 -9.9652819e-02
 -8.3569425e-01
  1.0614980e+00
  8.8818783e-01
  6.2251523e-02
 -3.1713719e+00
 -1.7978045e-01
 -1.0131363e+00
 -2.5603801e-01
 -1.8513875e+00
  5.7968605e-02
 -2.0523288e+00
 -5.4585582e-01
  8.7657285e-01
 -3.1423686e+00
  9.5953619e-01
  5.0110583e+00
  2.4166957e-02
 -8.6577368e-01
  2.2690964e+00
  1.1351460e+00
  1.5423310e+00
  1.6052037e+00
 -1.8372655e+00
 -4.0960579e+00
 -1.0150332e+00
  2.6438928e+00
 -8.1169033e-01
 -2.8702798e+00
  1.9406315e+00
  2.5726719e+00
  1.7399994e+00
  3.0754501e-01
  1.2775691e+00
  4.5185396e-01
  1.1844032e+00
  2.4820545e+00
  9.4710422e-01
 -2.9413500e-01
 -4.9496710e-01
  2.6800266e-01
 -3.0010372e-01
 -4.0610495e-01
  6.1944431e-01
  9.4744217e-01
 -9.7613728e-01
 -7.6090991e-01
  1.0396088e-01
 -1.4798251e+00
 -6.4302850e-01
  4.6196583e-01
  2.3216615e+00
  5.4853797e-01
 -4.2882106e-01
 -3.3053476e-01
  2.5736618e-01
  1.1235175e+00
 -1.7043819e-01
 -2.0462599e+00
 -1.1785060e+00
 -7.8880501e-01
  5.2332693e-01
 -3.8615633e-03
 -1.6603141e+00
 -2.0426056e+00
  2.0109897e+00
  4.2581084e-01
 -1.1536363e+00
 -1.1725752e+00
  9.4572210e-01
  1.2243847e+00
 -2.1514402e-01
  3.7259257e-01
 -4.3050876e-01
 -3.0309975e-01
 -5.1931036e-01
  5.6547332e-01
 -7.1130818e-01
 -9.8738408e-01
  1.3022952e+00
 -1.5090948e+00
  3.4349585e-01
  3.0210465e-01
  1.9751054e+00
  4.1939554e+00
 -5.4120278e-01
  9.5845968e-01
 -4.0202498e-01
  1.0468816e+00
  1.0786499e-01
  6.5049660e-01
 -5.9161592e-01
 -4.2694822e-01
  1.2018963e+00
 -3.7879378e-01
 -1.3006487e-01
 -1.5257248e+00
 -1.9572897e-01
 -1.1415164e+00
 -1.0759914e+00
 -2.8116217e-01
 -1.1961260e-01
 -1.6005067e-02
 -6.7181635e-01
  5.8787245e-01
 -1.0452095e+00
  4.6988869e-01
 -3.1258854e-01
  1.0916936e+00
 -8.6649549e-01
  7.0168853e-02
 -3.1218094e-01
  6.9626927e-01
 -5.2194065e-01
 -2.6620979e+00
  1.1512250e+00
  1.5927378e+00
 -3.8731122e-01
  1.8462002e+00
  3.8322887e-01
 -4.2743173e-01
  2.6724315e+00
  4.7185519e-01
 -2.3443098e+00
 -1.8541812e+00
 -2.1367781e+00
  1.9270716e+00
 -1.2011335e+00
 -1.8112726e+00
 -6.9519126e-01
  3.6179259e-01
 -7.7126968e-01
 -1.7297701e+00
  3.3973840e-01
 -9.9054039e-02
 -1.9053817e-01
 -2.5966987e-01
  2.2243893e+00
  1.1457529e-01
  6.0131735e-01
  6.3062662e-01
  5.1534212e-01
  1.2802415e+00
  1.5590206e+00
  5.0539982e-01
 -4.1949502e-01
  5.2092487e-01
  6.0596275e-01
  3.1268293e-01
 -1.3311901e+00
  1.1434141e+00
  2.0876203e+00
  1.5571764e+00
  6.2783259e-01
  1.2155055e+00
 -1.3629147e+00
 -5.7860392e-01
  5.0354546e-01
  2.0195115e+00
 -5.0774139e-01
 -1.0265826e+00
 -1.7107600e+00
 -9.2459601e-01
 -1.9105181e+00
 -9.5121151e-01
 -5.5691296e-01
  4.7046688e-01
  4.7481439e-01
 -6.6422546e-01
  1.3197066e+00
 -1.7593092e+00
 -6.2635893e-01
  3.9575893e-01
  1.8295251e+00
 -5.0650144e-01
  2.5071725e-01
 -2.9789031e-01
 -4.2530859e-01
  3.5106733e-02
  4.3602741e-01
 -2.2544867e-01
 -9.3890274e-01
  7.8633076e-01
  1.1529269e+00
 -3.9084134e-01
 -5.7381427e-01
 -1.0607289e+00
  1.1316291e+00
  1.1182404e+00
 -1.6986328e+00
 -7.2162080e-01
  4.9258673e-01
  2.2395673e+00
 -1.5780087e+00
  1.0508010e+00
  1.2892308e+00
 -1.0594078e+00
 -1.6339464e-01
  9.6509062e-02
  9.5824502e-02
 -1.1845245e+00
  1.4138443e+00
 -1.4418197e-01
 -1.1101614e+00
  1.1345291e+00
  1.4683803e+00
  5.8527422e-01
 -4.8653987e-01
  1.2751780e+00
  7.6079303e-01
  1.2697225e+00
 -2.5922832e-01
 -3.0776188e-01
  2.2021720e-01
  1.5354028e-01
 -1.1213048e+00
 -1.4597201e+00
  8.5439339e-02
 -5.4623193e-01
 -1.2373595e+00
 -7.3540390e-01
  2.1655956e-02
  1.9797018e-02
  1.9797018e-02
  1.9797018e-02
  1.9797018e-02
  1.9797018e-02
  5.7324058e-01
  5.7324058e-01
  5.7324058e-01
  5.7324058e-01
  5.7324058e-01
  2.9061520e-01
  2.9061520e-01
  2.9061520e-01
  2.9061520e-01
  2.9061520e-01
  8.6191051e-02
  8.6191051e-02
  8.6191051e-02
  8.6191051e-02
  8.6191051e-02
  2.9071316e-02
  2.9071316e-02
  2.9071316e-02
  2.9071316e-02
  2.9071316e-02
  5.7380992e-01
  5.7380992e-01
  5.7380992e-01
  5.7380992e-01
  5.7380992e-01
  7.0415300e-01
  7.0415300e-01
  7.0415300e-01
  7.0415300e-01
  7.0415300e-01
